race_id,lane,tenji,ex_course,ex_st
2026-07-05-01-11,1,6.76,1,0.13
2026-07-05-01-11,2,6.97,2,0.16
2026-07-05-01-11,3,6.83,3,0.06
2026-07-05-01-11,4,6.81,4,0.02
2026-07-05-01-11,5,6.93,5,0.01
2026-07-05-01-11,6,6.74,6,0.05
2026-07-05-12-11,1,6.83,1,-0.05
2026-07-05-12-11,2,6.95,2,0.08
2026-07-05-12-11,3,6.95,3,0.12
2026-07-05-12-11,4,6.92,4,0.33
2026-07-05-12-11,5,6.95,5,0.23
2026-07-05-12-11,6,6.93,6,0.24
2026-07-05-01-11,1,6.76,1,0.13
2026-07-05-01-11,2,6.97,2,0.16
2026-07-05-01-11,3,6.83,3,0.06
2026-07-05-01-11,4,6.81,4,0.02
2026-07-05-01-11,5,6.93,5,0.01
2026-07-05-01-11,6,6.74,6,0.05
2026-07-05-12-11,1,6.83,1,-0.05
2026-07-05-12-11,2,6.95,2,0.08
2026-07-05-12-11,3,6.95,3,0.12
2026-07-05-12-11,4,6.92,4,0.33
2026-07-05-12-11,5,6.95,5,0.23
2026-07-05-12-11,6,6.93,6,0.24
2026-07-05-01-11,1,6.76,1,0.13
2026-07-05-01-11,2,6.97,2,0.16
2026-07-05-01-11,3,6.83,3,0.06
2026-07-05-01-11,4,6.81,4,0.02
2026-07-05-01-11,5,6.93,5,0.01
2026-07-05-01-11,6,6.74,6,0.05
2026-07-05-12-11,1,6.83,1,-0.05
2026-07-05-12-11,2,6.95,2,0.08
2026-07-05-12-11,3,6.95,3,0.12
2026-07-05-12-11,4,6.92,4,0.33
2026-07-05-12-11,5,6.95,5,0.23
2026-07-05-12-11,6,6.93,6,0.24
2026-07-05-07-11,1,6.75,1,0.13
2026-07-05-07-11,2,6.73,2,0.05
2026-07-05-07-11,3,6.81,3,0.01
2026-07-05-07-11,4,6.78,4,0.02
2026-07-05-07-11,5,6.72,5,-0.03
2026-07-05-07-11,6,6.79,6,-0.05
2026-07-05-01-12,1,6.79,1,-0.2
2026-07-05-01-12,2,6.82,2,0.05
2026-07-05-01-12,3,6.73,3,-0.07
2026-07-05-01-12,4,6.8,4,-0.06
2026-07-05-01-12,5,6.92,5,0.08
2026-07-05-01-12,6,6.82,6,0.02
2026-07-05-12-12,1,6.91,1,-0.02
2026-07-05-12-12,2,6.99,2,-0.03
2026-07-05-12-12,3,6.96,3,0.04
2026-07-05-12-12,4,6.98,4,-0.14
2026-07-05-12-12,5,6.96,6,-0.03
2026-07-05-12-12,6,6.96,5,-0.15
2026-07-07-12-12,1,6.97,1,0.05
2026-07-07-12-12,2,6.86,2,-0.04
2026-07-07-12-12,3,6.91,3,-0.03
2026-07-07-12-12,4,6.8,4,-0.07
2026-07-07-12-12,5,6.98,5,0.08
2026-07-07-12-12,6,6.94,6,0.04
2026-07-07-20-12,1,7.04,1,0.08
2026-07-07-20-12,2,6.99,2,0.07
2026-07-07-20-12,3,7.0,3,0.13
2026-07-07-20-12,4,6.91,4,0.05
2026-07-07-20-12,5,7.03,5,0.1
2026-07-07-20-12,6,7.0,6,0.09
2026-07-08-01-05,1,6.69,1,-0.02
2026-07-08-01-05,2,6.78,2,0.09
2026-07-08-01-05,3,6.85,3,0.17
2026-07-08-01-05,4,6.78,4,0.15
2026-07-08-01-05,5,6.79,5,0.11
2026-07-08-01-05,6,6.84,6,0.11
2026-07-08-24-01,1,6.93,1,0.16
2026-07-08-24-01,2,7.0,2,0.11
2026-07-08-24-01,3,7.0,3,0.21
2026-07-08-24-01,4,6.96,4,0.23
2026-07-08-24-01,5,6.98,5,0.08
2026-07-08-24-01,6,6.89,6,0.12
2026-07-09-20-12,1,6.94,1,-0.03
2026-07-09-20-12,2,6.94,2,0.04
2026-07-09-20-12,3,6.88,3,-0.02
2026-07-09-20-12,4,6.93,5,0.02
2026-07-09-20-12,5,6.9,6,0.06
2026-07-09-20-12,6,7.02,4,0.07
2026-07-10-19-07,1,6.91,1,0.14
2026-07-10-19-07,2,6.84,2,0.03
2026-07-10-19-07,3,6.85,3,-0.01
2026-07-10-19-07,4,6.86,4,0.36
2026-07-10-19-07,5,6.91,5,0.12
2026-07-10-19-07,6,6.87,6,0.09
2026-07-11-02-12,1,6.78,1,-0.03
2026-07-11-02-12,2,6.81,2,0.03
2026-07-11-02-12,3,6.83,3,-0.01
2026-07-11-02-12,4,6.87,4,-0.02
2026-07-11-02-12,5,6.87,5,-0.06
2026-07-11-02-12,6,6.83,6,0.01
2026-07-11-03-12,1,7.12,1,0.1
2026-07-11-03-12,2,7.08,2,0.11
2026-07-11-03-12,3,7.15,3,0.12
2026-07-11-03-12,4,7.23,4,0.11
2026-07-11-03-12,5,7.12,5,0.11
2026-07-11-03-12,6,7.1,6,0.21
2026-07-11-09-12,1,6.82,1,0.02
2026-07-11-09-12,2,6.9,2,0.34
2026-07-11-09-12,3,6.85,3,0.09
2026-07-11-09-12,4,6.95,4,0.12
2026-07-11-09-12,5,6.91,5,0.04
2026-07-11-09-12,6,6.89,6,0.11
2026-07-11-15-03,1,6.85,1,0.2
2026-07-11-15-03,2,6.92,2,-0.07
2026-07-11-15-03,3,6.77,3,-0.02
2026-07-11-15-03,4,6.84,4,0.01
2026-07-11-15-03,5,6.84,5,0.01
2026-07-11-15-03,6,6.87,6,-0.04
2026-07-11-19-06,1,6.93,1,0.09
2026-07-11-19-06,2,6.91,2,0.2
2026-07-11-19-06,3,6.94,3,0.1
2026-07-11-19-06,4,6.92,4,0.03
2026-07-11-19-06,5,6.97,5,0.18
2026-07-11-19-06,6,6.91,6,0.15
2026-07-12-15-05,1,6.86,1,0.01
2026-07-12-15-05,2,6.85,2,-0.02
2026-07-12-15-05,3,6.83,3,0.06
2026-07-12-15-05,4,6.93,4,-0.03
2026-07-12-15-05,5,6.9,5,0.02
2026-07-12-15-05,6,6.97,6,0.12
2026-07-12-20-05,1,7.02,1,-0.06
2026-07-12-20-05,2,6.98,2,0.0
2026-07-12-20-05,3,7.02,3,0.01
2026-07-12-20-05,4,6.95,4,0.09
2026-07-12-20-05,5,6.95,5,0.13
2026-07-12-20-05,6,7.04,6,0.09
2026-07-12-19-08,1,6.84,1,0.01
2026-07-12-19-08,2,6.86,2,0.04
2026-07-12-19-08,3,6.83,3,0.07
2026-07-12-19-08,4,6.9,4,0.09
2026-07-12-19-08,5,6.81,5,0.08
2026-07-12-19-08,6,6.87,6,0.02
2026-07-13-15-12,1,6.85,1,0.14
2026-07-13-15-12,2,6.93,2,0.06
2026-07-13-15-12,3,6.9,3,0.05
2026-07-13-15-12,4,6.76,4,0.15
2026-07-13-15-12,5,6.95,5,0.02
2026-07-13-15-12,6,6.9,6,0.12
2026-07-14-01-03,1,6.72,1,-0.09
2026-07-14-01-03,2,6.9,2,0.1
2026-07-14-01-03,3,6.7,3,0.01
2026-07-14-01-03,4,6.87,4,0.22
2026-07-14-01-03,5,6.65,5,0.02
2026-07-14-01-03,6,6.88,6,0.13
2026-07-14-03-12,1,7.07,1,0.01
2026-07-14-03-12,2,7.11,2,0.04
2026-07-14-03-12,3,7.2,3,0.05
2026-07-14-03-12,4,7.12,4,0.26
2026-07-14-03-12,5,7.06,5,0.08
2026-07-14-03-12,6,7.21,6,0.11
2026-07-14-09-12,1,6.79,1,0.19
2026-07-14-09-12,2,6.71,2,0.19
2026-07-14-09-12,3,6.79,3,0.14
2026-07-14-09-12,4,6.8,4,0.28
2026-07-14-09-12,5,6.71,5,0.03
2026-07-14-09-12,6,6.89,6,0.3
2026-07-14-24-08,1,6.99,1,0.26
2026-07-14-24-08,2,6.93,2,0.19
2026-07-14-24-08,3,6.99,3,0.21
2026-07-14-24-08,4,7.0,4,0.19
2026-07-14-24-08,5,6.99,6,0.01
2026-07-14-24-08,6,6.92,5,0.05
2026-07-15-03-12,1,7.25,1,-0.09
2026-07-15-03-12,2,7.36,2,0.0
2026-07-15-03-12,3,7.27,3,-0.02
2026-07-15-03-12,4,7.2,4,0.13
2026-07-15-03-12,5,7.15,5,0.03
2026-07-15-03-12,6,7.28,6,0.24
2026-07-15-12-04,1,6.9,1,0.02
2026-07-15-12-04,2,6.93,2,0.12
2026-07-15-12-04,3,6.96,3,0.05
2026-07-15-12-04,4,7.0,4,0.02
2026-07-15-12-04,5,7.01,5,-0.04
2026-07-15-12-04,6,7.0,6,0.21
2026-07-15-13-12,1,6.85,1,0.45
2026-07-15-13-12,2,6.85,2,0.09
2026-07-15-13-12,3,6.86,3,0.12
2026-07-15-13-12,4,6.84,4,0.1
2026-07-15-13-12,5,6.83,5,0.16
2026-07-15-13-12,6,6.84,6,0.26
2026-07-16-05-12,1,6.72,1,0.06
2026-07-16-05-12,2,6.75,2,0.17
2026-07-16-05-12,3,6.79,3,0.22
2026-07-16-05-12,4,6.75,4,0.14
2026-07-16-05-12,5,6.77,5,0.13
2026-07-16-05-12,6,6.73,6,0.09
2026-07-16-24-11,1,6.94,1,0.17
2026-07-16-24-11,2,7.02,2,0.19
2026-07-16-24-11,3,7.03,3,-0.08
2026-07-16-24-11,4,6.98,4,-0.08
2026-07-16-24-11,5,6.99,5,-0.14
2026-07-16-24-11,6,7.0,6,-0.11
2026-07-17-01-04,1,,,
2026-07-17-01-04,2,,,
2026-07-17-01-04,3,,,
2026-07-17-01-04,4,,,
2026-07-17-01-04,5,,,
2026-07-17-01-04,6,,,
2026-07-17-07-04,1,6.74,1,0.07
2026-07-17-07-04,2,6.78,2,0.14
2026-07-17-07-04,3,6.76,3,-0.06
2026-07-17-07-04,4,6.74,4,-0.17
2026-07-17-07-04,5,6.85,5,-0.05
2026-07-17-07-04,6,6.85,6,-0.12
2026-07-17-11-12,1,6.89,1,0.13
2026-07-17-11-12,2,6.96,2,0.16
2026-07-17-11-12,3,6.91,3,0.08
2026-07-17-11-12,4,6.87,4,0.08
2026-07-17-11-12,5,6.88,5,0.06
2026-07-17-11-12,6,6.83,6,0.14
2026-07-17-12-04,1,6.86,1,0.1
2026-07-17-12-04,2,6.96,2,0.14
2026-07-17-12-04,3,6.93,3,0.04
2026-07-17-12-04,4,6.96,4,0.04
2026-07-17-12-04,5,6.85,5,0.01
2026-07-17-12-04,6,6.94,6,0.08
2026-07-17-13-12,1,6.82,1,0.14
2026-07-17-13-12,2,6.82,2,0.12
2026-07-17-13-12,3,6.86,3,0.05
2026-07-17-13-12,4,6.86,4,0.08
2026-07-17-13-12,5,6.82,5,0.06
2026-07-17-13-12,6,6.86,6,0.07
2026-07-18-01-03,1,6.93,1,0.0
2026-07-18-01-03,2,6.82,2,0.03
2026-07-18-01-03,3,6.77,3,0.03
2026-07-18-01-03,4,6.9,4,-0.04
2026-07-18-01-03,5,6.78,5,-0.02
2026-07-18-01-03,6,6.85,6,-0.05
2026-07-18-07-03,1,6.68,1,0.15
2026-07-18-07-03,2,6.73,2,0.19
2026-07-18-07-03,3,6.68,3,0.09
2026-07-18-07-03,4,6.68,4,0.15
2026-07-18-07-03,5,6.74,5,0.18
2026-07-18-07-03,6,6.7,6,0.28
2026-07-18-08-12,1,6.78,1,0.15
2026-07-18-08-12,2,6.8,2,0.13
2026-07-18-08-12,3,6.79,3,0.04
2026-07-18-08-12,4,6.82,4,0.06
2026-07-18-08-12,5,6.82,5,-0.07
2026-07-18-08-12,6,6.82,6,0.01
2026-07-18-12-03,1,6.92,1,0.16
2026-07-18-12-03,2,6.99,2,0.16
2026-07-18-12-03,3,6.99,3,0.15
2026-07-18-12-03,4,6.99,4,-0.01
2026-07-18-12-03,5,6.94,5,-0.08
2026-07-18-12-03,6,6.97,6,0.01
2026-07-18-16-09,1,6.63,1,0.07
2026-07-18-16-09,2,6.79,2,0.35
2026-07-18-16-09,3,6.8,3,0.27
2026-07-18-16-09,4,6.84,4,0.16
2026-07-18-16-09,5,6.76,5,0.23
2026-07-18-16-09,6,6.82,6,0.2
2026-07-18-01-11,1,6.79,1,0.07
2026-07-18-01-11,2,6.68,2,0.12
2026-07-18-01-11,3,6.76,3,0.12
2026-07-18-01-11,4,6.9,4,0.01
2026-07-18-01-11,5,6.76,5,-0.01
2026-07-18-01-11,6,6.76,6,-0.08
2026-07-18-12-11,1,6.92,1,0.02
2026-07-18-12-11,2,6.9,2,0.15
2026-07-18-12-11,3,6.9,3,0.06
2026-07-18-12-11,4,6.9,4,0.02
2026-07-18-12-11,5,6.88,5,-0.08
2026-07-18-12-11,6,6.97,6,0.04
2026-07-19-12-05,1,6.94,1,0.22
2026-07-19-12-05,2,6.99,5,0.34
2026-07-19-12-05,3,6.94,2,0.25
2026-07-19-12-05,4,7.01,6,0.16
2026-07-19-12-05,5,6.96,4,0.17
2026-07-19-12-05,6,6.95,3,0.15
2026-07-19-20-05,1,,,
2026-07-19-20-05,2,,,
2026-07-19-20-05,3,,,
2026-07-19-20-05,4,,,
2026-07-19-20-05,5,,,
2026-07-19-20-05,6,,,
2026-07-19-22-11,1,6.9,1,-0.01
2026-07-19-22-11,2,6.9,2,0.24
2026-07-19-22-11,3,6.89,3,0.08
2026-07-19-22-11,4,6.93,4,0.12
2026-07-19-22-11,5,6.93,5,0.04
2026-07-19-22-11,6,6.95,6,0.08
2026-07-19-19-12,1,6.83,1,0.2
2026-07-19-19-12,2,6.85,2,0.16
2026-07-19-19-12,3,6.86,3,0.19
2026-07-19-19-12,4,6.86,4,0.35
2026-07-19-19-12,5,6.81,5,0.32
2026-07-19-19-12,6,6.84,6,0.3
2026-07-19-20-12,1,7.01,1,0.08
2026-07-19-20-12,2,7.01,2,0.13
2026-07-19-20-12,3,7.0,3,0.11
2026-07-19-20-12,4,7.01,4,0.1
2026-07-19-20-12,5,7.01,5,0.05
2026-07-19-20-12,6,7.04,6,0.0
2026-07-20-12-10,1,6.85,1,0.16
2026-07-20-12-10,2,6.86,2,0.04
2026-07-20-12-10,3,6.92,3,0.08
2026-07-20-12-10,4,6.91,4,0.02
2026-07-20-12-10,5,6.86,5,0.04
2026-07-20-12-10,6,6.89,6,0.04
2026-07-20-15-10,1,6.76,1,-0.05
2026-07-20-15-10,2,6.91,2,0.02
2026-07-20-15-10,3,6.82,3,-0.03
2026-07-20-15-10,4,6.83,4,-0.07
2026-07-20-15-10,5,6.88,5,-0.01
2026-07-20-15-10,6,6.87,6,-0.11
2026-07-21-10-03,1,6.8,1,0.15
2026-07-21-10-03,2,6.74,2,-0.01
2026-07-21-10-03,3,6.75,3,-0.04
2026-07-21-10-03,4,6.85,4,0.03
2026-07-21-10-03,5,6.78,5,-0.03
2026-07-21-10-03,6,6.74,6,-0.08
2026-07-21-10-05,1,6.9,1,0.15
2026-07-21-10-05,2,6.88,2,0.24
2026-07-21-10-05,3,6.84,3,0.1
2026-07-21-10-05,4,6.83,4,0.18
2026-07-21-10-05,5,6.8,5,0.07
2026-07-21-10-05,6,6.84,6,0.06
2026-07-21-05-05,1,6.84,1,0.31
2026-07-21-05-05,2,6.84,2,-0.06
2026-07-21-05-05,3,6.92,3,-0.13
2026-07-21-05-05,4,6.8,4,-0.06
2026-07-21-05-05,5,6.74,5,0.19
2026-07-21-05-05,6,6.72,6,0.16
2026-07-21-09-07,1,6.91,1,0.19
2026-07-21-09-07,2,6.9,2,0.3
2026-07-21-09-07,3,6.93,3,0.12
2026-07-21-09-07,4,6.97,4,0.13
2026-07-21-09-07,5,6.85,5,0.13
2026-07-21-09-07,6,6.89,6,0.31
2026-07-21-23-11,1,6.83,1,-0.15
2026-07-21-23-11,2,6.77,2,-0.14
2026-07-21-23-11,3,6.77,4,0.11
2026-07-21-23-11,4,6.83,5,0.09
2026-07-21-23-11,5,6.87,3,0.01
2026-07-21-23-11,6,6.81,6,0.06
2026-07-21-05-10,1,6.8,1,0.16
2026-07-21-05-10,2,6.76,2,0.15
2026-07-21-05-10,3,6.8,3,0.41
2026-07-21-05-10,4,6.81,4,0.16
2026-07-21-05-10,5,6.82,5,-0.01
2026-07-21-05-10,6,6.79,6,-0.04
2026-07-21-16-09,1,6.73,1,-0.03
2026-07-21-16-09,2,6.64,2,0.2
2026-07-21-16-09,3,6.77,3,0.22
2026-07-21-16-09,4,6.69,4,0.09
2026-07-21-16-09,5,6.77,5,0.08
2026-07-21-16-09,6,6.93,6,0.03
2026-07-21-22-09,1,6.87,1,0.16
2026-07-21-22-09,2,6.87,2,-0.01
2026-07-21-22-09,3,6.93,3,0.03
2026-07-21-22-09,4,6.87,4,0.03
2026-07-21-22-09,5,6.88,5,0.07
2026-07-21-22-09,6,6.93,6,0.11
2026-07-21-12-08,1,6.99,1,0.2
2026-07-21-12-08,2,7.05,2,0.36
2026-07-21-12-08,3,6.95,3,0.41
2026-07-21-12-08,4,6.95,4,0.23
2026-07-21-12-08,5,6.93,5,0.17
2026-07-21-12-08,6,6.95,6,0.12
2026-07-21-15-08,1,6.78,1,0.02
2026-07-21-15-08,2,6.86,2,0.16
2026-07-21-15-08,3,6.8,3,0.12
2026-07-21-15-08,4,6.76,4,-0.03
2026-07-21-15-08,5,6.77,5,0.02
2026-07-21-15-08,6,6.76,6,0.25
2026-07-21-12-12,1,6.91,1,-0.05
2026-07-21-12-12,2,6.87,2,-0.1
2026-07-21-12-12,3,6.88,3,0.23
2026-07-21-12-12,4,6.92,4,-0.02
2026-07-21-12-12,5,6.92,5,-0.09
2026-07-21-12-12,6,6.91,6,-0.06
2026-07-21-15-12,1,6.81,1,0.05
2026-07-21-15-12,2,6.92,2,0.08
2026-07-21-15-12,3,6.76,3,0.1
2026-07-21-15-12,4,6.79,4,0.08
2026-07-21-15-12,5,6.85,5,0.03
2026-07-21-15-12,6,6.81,6,-0.06
2026-07-21-20-12,1,6.89,1,0.04
2026-07-21-20-12,2,6.91,2,0.09
2026-07-21-20-12,3,6.91,3,0.01
2026-07-21-20-12,4,6.87,5,0.01
2026-07-21-20-12,5,6.96,4,-0.08
2026-07-21-20-12,6,6.78,6,0.24
2026-07-22-10-03,1,6.78,1,0.04
2026-07-22-10-03,2,6.76,2,0.08
2026-07-22-10-03,3,6.78,3,0.04
2026-07-22-10-03,4,6.79,4,0.01
2026-07-22-10-03,5,6.74,5,0.01
2026-07-22-10-03,6,6.83,6,0.13
2026-07-22-10-05,1,6.91,1,0.02
2026-07-22-10-05,2,6.8,2,0.11
2026-07-22-10-05,3,6.86,3,0.08
2026-07-22-10-05,4,6.88,4,0.27
2026-07-22-10-05,5,6.83,5,0.26
2026-07-22-10-05,6,6.98,6,0.13
2026-07-22-23-05,1,,,
2026-07-22-23-05,2,,,
2026-07-22-23-05,3,,,
2026-07-22-23-05,4,,,
2026-07-22-23-05,5,,,
2026-07-22-23-05,6,,,
2026-07-22-05-05,1,6.77,1,0.14
2026-07-22-05-05,2,6.77,2,0.05
2026-07-22-05-05,3,6.76,3,-0.01
2026-07-22-05-05,4,6.85,4,0.06
2026-07-22-05-05,5,6.8,5,0.1
2026-07-22-05-05,6,6.72,6,-0.06
2026-07-22-09-07,1,6.72,1,0.3
2026-07-22-09-07,2,6.75,2,0.23
2026-07-22-09-07,3,6.82,3,0.06
2026-07-22-09-07,4,6.79,4,0.15
2026-07-22-09-07,5,6.85,5,0.25
2026-07-22-09-07,6,6.81,6,0.23
2026-07-22-13-08,1,6.83,1,0.06
2026-07-22-13-08,2,6.92,2,0.15
2026-07-22-13-08,3,6.82,3,0.07
2026-07-22-13-08,4,6.84,4,0.12
2026-07-22-13-08,5,6.87,5,0.07
2026-07-22-13-08,6,6.8,6,0.01
2026-07-22-14-11,1,6.86,1,0.11
2026-07-22-14-11,2,6.8,2,0.34
2026-07-22-14-11,3,6.83,3,0.27
2026-07-22-14-11,4,6.93,4,0.14
2026-07-22-14-11,5,6.96,5,0.15
2026-07-22-14-11,6,6.95,6,0.15
2026-07-22-05-10,1,6.81,1,0.22
2026-07-22-05-10,2,6.94,2,0.16
2026-07-22-05-10,3,6.84,3,0.06
2026-07-22-05-10,4,6.86,6,0.24
2026-07-22-05-10,5,6.87,4,0.04
2026-07-22-05-10,6,6.98,5,-0.08
2026-07-22-13-12,1,6.83,1,0.07
2026-07-22-13-12,2,6.87,2,0.1
2026-07-22-13-12,3,6.89,3,0.25
2026-07-22-13-12,4,6.85,4,0.19
2026-07-22-13-12,5,6.85,5,0.08
2026-07-22-13-12,6,6.82,6,0.01
2026-07-22-16-09,1,6.71,1,0.2
2026-07-22-16-09,2,6.78,2,0.05
2026-07-22-16-09,3,6.74,3,0.17
2026-07-22-16-09,4,6.83,4,0.11
2026-07-22-16-09,5,6.71,5,0.02
2026-07-22-16-09,6,6.94,6,0.07
2026-07-22-22-09,1,6.91,1,0.05
2026-07-22-22-09,2,6.88,2,-0.03
2026-07-22-22-09,3,6.82,3,-0.02
2026-07-22-22-09,4,6.85,4,0.01
2026-07-22-22-09,5,6.97,5,0.23
2026-07-22-22-09,6,6.82,6,0.01
2026-07-22-15-08,1,6.79,1,0.18
2026-07-22-15-08,2,6.82,2,0.15
2026-07-22-15-08,3,6.89,3,0.27
2026-07-22-15-08,4,6.82,4,0.16
2026-07-22-15-08,5,6.9,5,0.19
2026-07-22-15-08,6,6.8,6,0.14
2026-07-22-15-12,1,6.82,1,-0.01
2026-07-22-15-12,2,6.83,2,0.01
2026-07-22-15-12,3,6.85,3,0.03
2026-07-22-15-12,4,6.9,4,-0.03
2026-07-22-15-12,5,6.8,5,-0.05
2026-07-22-15-12,6,6.75,6,-0.01
2026-07-23-21-03,1,6.81,1,0.04
2026-07-23-21-03,2,6.76,2,0.14
2026-07-23-21-03,3,6.81,3,0.01
2026-07-23-21-03,4,6.73,4,0.28
2026-07-23-21-03,5,6.83,5,0.11
2026-07-23-21-03,6,6.81,6,0.12
2026-07-23-14-05,1,6.84,1,0.11
2026-07-23-14-05,2,6.89,2,0.16
2026-07-23-14-05,3,6.99,3,0.44
2026-07-23-14-05,4,6.9,4,0.11
2026-07-23-14-05,5,6.9,5,0.01
2026-07-23-14-05,6,6.88,6,0.11
2026-07-23-23-05,1,6.67,1,-0.14
2026-07-23-23-05,2,6.76,2,0.05
2026-07-23-23-05,3,6.71,3,-0.08
2026-07-23-23-05,4,6.62,4,-0.01
2026-07-23-23-05,5,6.74,5,-0.01
2026-07-23-23-05,6,6.69,6,-0.01
2026-07-23-13-08,1,6.84,1,0.13
2026-07-23-13-08,2,6.83,2,0.31
2026-07-23-13-08,3,6.94,3,0.39
2026-07-23-13-08,4,6.84,4,0.08
2026-07-23-13-08,5,6.81,5,0.07
2026-07-23-13-08,6,6.86,6,0.03
2026-07-23-22-04,1,6.89,1,-0.02
2026-07-23-22-04,2,6.9,2,0.11
2026-07-23-22-04,3,6.97,3,-0.02
2026-07-23-22-04,4,6.88,4,-0.07
2026-07-23-22-04,5,6.85,5,-0.09
2026-07-23-22-04,6,6.89,6,-0.12
2026-07-23-01-03,1,6.88,1,-0.01
2026-07-23-01-03,2,6.88,2,-0.07
2026-07-23-01-03,3,6.91,3,0.02
2026-07-23-01-03,4,6.92,4,-0.09
2026-07-23-01-03,5,7.08,5,-0.14
2026-07-23-01-03,6,6.87,6,0.03
2026-07-23-03-12,1,7.23,1,-0.06
2026-07-23-03-12,2,7.32,2,-0.03
2026-07-23-03-12,3,7.16,3,-0.01
2026-07-23-03-12,4,7.29,4,0.07
2026-07-23-03-12,5,7.13,5,0.11
2026-07-23-03-12,6,7.25,6,0.15
2026-07-23-05-10,1,6.76,1,-0.04
2026-07-23-05-10,2,6.81,2,0.06
2026-07-23-05-10,3,6.81,3,0.02
2026-07-23-05-10,4,6.82,4,0.05
2026-07-23-05-10,5,6.79,5,0.08
2026-07-23-05-10,6,6.79,6,0.09
2026-07-23-09-12,1,6.75,1,0.12
2026-07-23-09-12,2,6.81,2,-0.01
2026-07-23-09-12,3,6.84,3,0.07
2026-07-23-09-12,4,6.8,4,0.21
2026-07-23-09-12,5,6.87,5,0.11
2026-07-23-09-12,6,6.76,6,0.03
2026-07-23-13-12,1,6.8,1,0.16
2026-07-23-13-12,2,6.92,2,0.06
2026-07-23-13-12,3,6.83,3,0.18
2026-07-23-13-12,4,6.88,4,0.14
2026-07-23-13-12,5,6.93,5,0.17
2026-07-23-13-12,6,6.87,6,0.07
2026-07-23-22-09,1,6.91,1,-0.01
2026-07-23-22-09,2,6.95,2,-0.04
2026-07-23-22-09,3,6.91,3,0.01
2026-07-23-22-09,4,6.96,4,0.1
2026-07-23-22-09,5,7.01,5,0.03
2026-07-23-22-09,6,6.98,6,-0.02
2026-07-23-01-08,1,6.73,1,0.11
2026-07-23-01-08,2,6.75,2,0.0
2026-07-23-01-08,3,6.72,3,0.13
2026-07-23-01-08,4,6.76,4,0.07
2026-07-23-01-08,5,6.83,5,0.05
2026-07-23-01-08,6,6.83,6,0.16
2026-07-23-15-08,1,6.74,1,0.01
2026-07-23-15-08,2,6.8,2,0.08
2026-07-23-15-08,3,6.77,3,-0.01
2026-07-23-15-08,4,6.79,4,0.03
2026-07-23-15-08,5,6.88,5,-0.02
2026-07-23-15-08,6,6.84,6,-0.05
2026-07-23-01-12,1,6.87,1,0.21
2026-07-23-01-12,2,6.83,2,-0.11
2026-07-23-01-12,3,6.8,3,-0.05
2026-07-23-01-12,4,6.8,6,-0.01
2026-07-23-01-12,5,6.76,4,0.02
2026-07-23-01-12,6,6.74,5,0.02
2026-07-23-15-12,1,6.78,1,-0.07
2026-07-23-15-12,2,6.78,3,0.12
2026-07-23-15-12,3,6.81,4,0.04
2026-07-23-15-12,4,6.89,5,0.06
2026-07-23-15-12,5,6.84,6,0.03
2026-07-23-15-12,6,6.79,2,-0.09
2026-07-24-21-03,1,6.82,1,0.36
2026-07-24-21-03,2,6.78,3,0.3
2026-07-24-21-03,3,6.87,4,0.25
2026-07-24-21-03,4,6.79,5,0.22
2026-07-24-21-03,5,6.81,2,0.1
2026-07-24-21-03,6,6.79,6,0.28
2026-07-24-21-05,1,6.78,1,0.15
2026-07-24-21-05,2,6.86,2,0.06
2026-07-24-21-05,3,6.83,3,0.15
2026-07-24-21-05,4,6.89,4,0.17
2026-07-24-21-05,5,6.82,5,0.13
2026-07-24-21-05,6,6.86,6,0.2
2026-07-24-23-05,1,,,
2026-07-24-23-05,2,,,
2026-07-24-23-05,3,,,
2026-07-24-23-05,4,,,
2026-07-24-23-05,5,,,
2026-07-24-23-05,6,,,
2026-07-24-06-05,1,6.66,1,0.16
2026-07-24-06-05,2,6.72,2,0.04
2026-07-24-06-05,3,6.71,3,-0.03
2026-07-24-06-05,4,6.76,4,0.13
2026-07-24-06-05,5,6.78,5,0.27
2026-07-24-06-05,6,6.77,6,0.01
2026-07-24-14-11,1,6.86,1,0.08
2026-07-24-14-11,2,6.94,2,0.18
2026-07-24-14-11,3,6.87,3,0.21
2026-07-24-14-11,4,6.87,4,0.04
2026-07-24-14-11,5,6.89,5,0.12
2026-07-24-14-11,6,6.83,6,0.05
2026-07-24-17-06,1,6.72,1,0.16
2026-07-24-17-06,2,6.7,2,0.06
2026-07-24-17-06,3,6.71,3,0.14
2026-07-24-17-06,4,6.72,4,0.17
2026-07-24-17-06,5,6.71,5,0.05
2026-07-24-17-06,6,6.68,6,0.16
2026-07-24-23-11,1,6.78,1,0.01
2026-07-24-23-11,2,6.75,2,0.11
2026-07-24-23-11,3,6.75,3,-0.11
2026-07-24-23-11,4,6.89,4,-0.01
2026-07-24-23-11,5,6.82,5,-0.05
2026-07-24-23-11,6,6.81,6,-0.03
2026-07-24-06-10,1,6.73,1,-0.01
2026-07-24-06-10,2,6.74,2,0.17
2026-07-24-06-10,3,6.7,3,0.38
2026-07-24-06-10,4,6.75,5,-0.07
2026-07-24-06-10,5,6.73,6,0.01
2026-07-24-06-10,6,6.7,4,-0.03
2026-07-24-17-11,1,6.78,1,0.16
2026-07-24-17-11,2,6.75,2,0.01
2026-07-24-17-11,3,6.77,3,0.13
2026-07-24-17-11,4,6.72,4,0.08
2026-07-24-17-11,5,6.76,5,0.06
2026-07-24-17-11,6,6.8,6,0.19
2026-07-24-22-09,1,6.84,1,-0.05
2026-07-24-22-09,2,6.95,2,-0.06
2026-07-24-22-09,3,6.84,3,0.02
2026-07-24-22-09,4,6.92,4,0.09
2026-07-24-22-09,5,6.91,5,0.19
2026-07-24-22-09,6,6.8,6,0.07
2026-07-24-01-08,1,6.87,1,0.09
2026-07-24-01-08,2,6.71,2,0.11
2026-07-24-01-08,3,6.78,3,0.13
2026-07-24-01-08,4,6.78,4,0.04
2026-07-24-01-08,5,6.73,5,0.06
2026-07-24-01-08,6,6.8,6,0.23
2026-07-24-24-03,1,6.96,1,0.21
2026-07-24-24-03,2,6.95,2,0.07
2026-07-24-24-03,3,7.02,3,0.19
2026-07-24-24-03,4,6.93,4,0.05
2026-07-24-24-03,5,6.95,5,0.04
2026-07-24-24-03,6,6.97,6,-0.04
2026-07-24-01-12,1,6.77,1,-0.02
2026-07-24-01-12,2,6.74,2,0.0
2026-07-24-01-12,3,6.69,3,-0.08
2026-07-24-01-12,4,6.81,4,0.08
2026-07-24-01-12,5,6.87,5,0.39
2026-07-24-01-12,6,6.73,6,0.12
2026-07-24-24-07,1,6.96,1,0.04
2026-07-24-24-07,2,6.92,2,0.06
2026-07-24-24-07,3,6.96,3,0.28
2026-07-24-24-07,4,6.94,4,0.01
2026-07-24-24-07,5,6.88,5,-0.03
2026-07-24-24-07,6,6.93,6,-0.12
2026-07-24-24-10,1,6.87,1,0.1
2026-07-24-24-10,2,6.91,2,0.13
2026-07-24-24-10,3,6.96,3,0.17
2026-07-24-24-10,4,6.89,4,0.11
2026-07-24-24-10,5,6.87,5,-0.08
2026-07-24-24-10,6,6.94,6,-0.01
2026-07-25-21-03,1,6.82,1,0.01
2026-07-25-21-03,2,6.8,2,0.07
2026-07-25-21-03,3,6.87,3,0.03
2026-07-25-21-03,4,6.91,4,0.12
2026-07-25-21-03,5,6.97,5,0.02
2026-07-25-21-03,6,6.89,6,0.05
2026-07-25-23-03,1,6.77,1,0.13
2026-07-25-23-03,2,6.82,2,0.08
2026-07-25-23-03,3,6.84,3,0.01
2026-07-25-23-03,4,6.87,4,-0.03
2026-07-25-23-03,5,6.74,5,-0.03
2026-07-25-23-03,6,6.76,6,-0.03
2026-07-25-14-05,1,,1,0.06
2026-07-25-14-05,2,,2,0.28
2026-07-25-14-05,3,,3,0.18
2026-07-25-14-05,4,,4,0.37
2026-07-25-14-05,5,,5,0.17
2026-07-25-14-05,6,,6,0.25
2026-07-25-23-05,1,6.78,1,0.03
2026-07-25-23-05,2,6.74,2,0.08
2026-07-25-23-05,3,6.82,3,0.17
2026-07-25-23-05,4,6.79,4,0.19
2026-07-25-23-05,5,6.89,5,0.08
2026-07-25-23-05,6,6.74,6,0.12
2026-07-25-02-07,1,6.79,1,0.03
2026-07-25-02-07,2,6.78,2,0.01
2026-07-25-02-07,3,6.71,3,0.07
2026-07-25-02-07,4,6.76,4,0.06
2026-07-25-02-07,5,6.79,5,0.05
2026-07-25-02-07,6,6.78,6,0.06
2026-07-25-06-05,1,6.78,1,0.17
2026-07-25-06-05,2,6.77,2,0.1
2026-07-25-06-05,3,6.78,3,0.27
2026-07-25-06-05,4,6.68,4,0.07
2026-07-25-06-05,5,6.85,6,0.07
2026-07-25-06-05,6,6.78,5,0.2
2026-07-25-14-11,1,6.87,1,0.07
2026-07-25-14-11,2,6.97,2,0.32
2026-07-25-14-11,3,6.91,3,-0.04
2026-07-25-14-11,4,7.03,4,-0.02
2026-07-25-14-11,5,6.97,5,0.11
2026-07-25-14-11,6,6.97,6,0.02
2026-07-25-17-06,1,6.74,1,0.1
2026-07-25-17-06,2,6.74,4,-0.01
2026-07-25-17-06,3,6.73,2,-0.18
2026-07-25-17-06,4,6.8,3,-0.14
2026-07-25-17-06,5,6.77,5,0.08
2026-07-25-17-06,6,6.73,6,0.15
2026-07-25-23-11,1,6.8,1,-0.09
2026-07-25-23-11,2,6.77,2,-0.1
2026-07-25-23-11,3,6.73,3,0.07
2026-07-25-23-11,4,6.9,4,0.06
2026-07-25-23-11,5,6.81,5,-0.03
2026-07-25-23-11,6,6.85,6,0.03
2026-07-25-03-11,1,6.89,1,0.09
2026-07-25-03-11,2,6.96,2,0.09
2026-07-25-03-11,3,6.93,3,0.22
2026-07-25-03-11,4,6.77,4,-0.07
2026-07-25-03-11,5,6.84,5,0.19
2026-07-25-03-11,6,7.04,6,0.24
2026-07-25-08-11,1,6.73,1,-0.02
2026-07-25-08-11,2,6.76,2,-0.04
2026-07-25-08-11,3,6.82,3,-0.02
2026-07-25-08-11,4,6.76,4,0.04
2026-07-25-08-11,5,6.81,5,0.0
2026-07-25-08-11,6,6.68,6,0.09
2026-07-25-12-02,1,6.93,1,0.19
2026-07-25-12-02,2,6.94,2,0.23
2026-07-25-12-02,3,6.99,3,0.03
2026-07-25-12-02,4,7.04,4,0.07
2026-07-25-12-02,5,6.91,5,-0.03
2026-07-25-12-02,6,6.92,6,0.03
2026-07-25-13-11,1,6.8,1,-0.14
2026-07-25-13-11,2,6.87,2,-0.23
2026-07-25-13-11,3,6.79,3,-0.02
2026-07-25-13-11,4,6.82,4,-0.14
2026-07-25-13-11,5,6.87,5,-0.15
2026-07-25-13-11,6,6.88,6,-0.1
2026-07-25-01-06,1,,,
2026-07-25-01-06,2,,,
2026-07-25-01-06,3,,,
2026-07-25-01-06,4,,,
2026-07-25-01-06,5,,,
2026-07-25-01-06,6,,,
2026-07-25-04-12,1,6.69,1,0.13
2026-07-25-04-12,2,6.77,2,0.34
2026-07-25-04-12,3,6.81,3,0.21
2026-07-25-04-12,4,6.78,4,0.02
2026-07-25-04-12,5,6.72,5,0.05
2026-07-25-04-12,6,6.8,6,0.01
2026-07-25-24-01,1,6.92,1,0.49
2026-07-25-24-01,2,6.97,2,0.24
2026-07-25-24-01,3,6.9,3,0.19
2026-07-25-24-01,4,6.96,4,0.19
2026-07-25-24-01,5,6.99,5,0.19
2026-07-25-24-01,6,6.94,6,0.19
2026-07-25-15-09,1,6.8,1,0.04
2026-07-25-15-09,2,6.81,2,0.01
2026-07-25-15-09,3,6.83,3,-0.03
2026-07-25-15-09,4,6.86,4,0.08
2026-07-25-15-09,5,6.79,5,0.01
2026-07-25-15-09,6,6.79,6,0.09
2026-07-25-20-09,1,6.8,1,0.03
2026-07-25-20-09,2,6.89,2,0.03
2026-07-25-20-09,3,6.9,3,0.34
2026-07-25-20-09,4,6.86,4,0.12
2026-07-25-20-09,5,6.86,5,0.21
2026-07-25-20-09,6,6.84,6,0.17
2026-07-25-15-12,1,6.8,1,0.01
2026-07-25-15-12,2,6.76,2,0.11
2026-07-25-15-12,3,6.81,3,0.01
2026-07-25-15-12,4,6.78,4,-0.02
2026-07-25-15-12,5,6.77,5,0.09
2026-07-25-15-12,6,6.79,6,-0.07
2026-07-25-20-12,1,6.87,1,0.13
2026-07-25-20-12,2,6.9,2,0.11
2026-07-25-20-12,3,6.88,3,0.16
2026-07-25-20-12,4,6.9,4,0.16
2026-07-25-20-12,5,6.95,5,0.08
2026-07-25-20-12,6,6.83,6,0.03
2026-07-26-21-03,1,6.8,1,0.02
2026-07-26-21-03,2,6.9,3,0.19
2026-07-26-21-03,3,6.89,4,0.17
2026-07-26-21-03,4,6.92,5,0.13
2026-07-26-21-03,5,6.9,2,-0.01
2026-07-26-21-03,6,6.87,6,0.04
2026-07-26-14-05,1,6.8,1,0.11
2026-07-26-14-05,2,6.91,2,0.13
2026-07-26-14-05,3,6.92,3,0.29
2026-07-26-14-05,4,6.9,4,0.16
2026-07-26-14-05,5,6.81,5,0.12
2026-07-26-14-05,6,6.92,6,0.08
2026-07-26-23-05,1,6.73,1,0.15
2026-07-26-23-05,2,6.77,2,0.23
2026-07-26-23-05,3,6.75,3,0.03
2026-07-26-23-05,4,6.82,4,0.09
2026-07-26-23-05,5,6.8,5,0.06
2026-07-26-23-05,6,6.74,6,-0.01
2026-07-26-03-07,1,7.17,1,-0.1
2026-07-26-03-07,2,7.18,2,0.01
2026-07-26-03-07,3,7.12,3,0.01
2026-07-26-03-07,4,6.99,4,0.1
2026-07-26-03-07,5,7.12,5,0.13
2026-07-26-03-07,6,7.2,6,0.21
2026-07-26-04-05,1,6.77,1,0.14
2026-07-26-04-05,2,6.74,2,0.11
2026-07-26-04-05,3,6.82,3,0.06
2026-07-26-04-05,4,6.88,4,0.02
2026-07-26-04-05,5,6.78,5,-0.01
2026-07-26-04-05,6,6.77,6,0.04
2026-07-26-08-08,1,6.71,1,0.3
2026-07-26-08-08,2,6.74,2,0.06
2026-07-26-08-08,3,6.71,3,0.07
2026-07-26-08-08,4,6.75,4,0.2
2026-07-26-08-08,5,6.69,5,0.18
2026-07-26-08-08,6,6.75,6,0.33
2026-07-26-13-08,1,6.83,1,0.15
2026-07-26-13-08,2,6.79,2,0.33
2026-07-26-13-08,3,6.9,3,0.13
2026-07-26-13-08,4,6.89,4,0.09
2026-07-26-13-08,5,6.88,5,0.08
2026-07-26-13-08,6,6.86,6,0.07
2026-07-26-01-03,1,6.78,1,-0.01
2026-07-26-01-03,2,6.92,2,-0.03
2026-07-26-01-03,3,6.86,3,-0.04
2026-07-26-01-03,4,6.89,4,0.05
2026-07-26-01-03,5,6.82,5,0.24
2026-07-26-01-03,6,6.83,6,0.06
2026-07-26-02-12,1,6.66,1,-0.05
2026-07-26-02-12,2,6.73,2,-0.02
2026-07-26-02-12,3,6.79,3,-0.03
2026-07-26-02-12,4,6.78,4,-0.07
2026-07-26-02-12,5,6.8,5,0.07
2026-07-26-02-12,6,6.83,6,0.03
2026-07-26-03-12,1,6.84,1,-0.02
2026-07-26-03-12,2,6.94,2,0.02
2026-07-26-03-12,3,7.11,3,0.16
2026-07-26-03-12,4,6.94,4,0.22
2026-07-26-03-12,5,7.07,5,0.35
2026-07-26-03-12,6,6.84,6,0.27
2026-07-26-06-11,1,6.75,1,0.07
2026-07-26-06-11,2,6.76,2,0.19
2026-07-26-06-11,3,6.71,3,0.19
2026-07-26-06-11,4,6.78,4,0.25
2026-07-26-06-11,5,6.72,5,0.04
2026-07-26-06-11,6,6.75,6,0.03
2026-07-26-12-03,1,6.93,1,-0.03
2026-07-26-12-03,2,6.94,2,-0.05
2026-07-26-12-03,3,6.9,3,0.03
2026-07-26-12-03,4,6.96,4,0.03
2026-07-26-12-03,5,6.91,5,0.17
2026-07-26-12-03,6,6.93,6,0.06
2026-07-26-01-08,1,6.88,1,0.16
2026-07-26-01-08,2,6.77,2,0.17
2026-07-26-01-08,3,6.91,3,0.18
2026-07-26-01-08,4,6.77,4,0.15
2026-07-26-01-08,5,6.87,5,0.08
2026-07-26-01-08,6,6.71,6,0.05
2026-07-26-20-07,1,6.93,1,0.04
2026-07-26-20-07,2,6.95,2,0.05
2026-07-26-20-07,3,6.97,3,0.09
2026-07-26-20-07,4,6.88,4,0.11
2026-07-26-20-07,5,6.89,5,0.21
2026-07-26-20-07,6,6.9,6,0.0
2026-07-26-01-11,1,6.74,1,-0.09
2026-07-26-01-11,2,6.91,2,-0.05
2026-07-26-01-11,3,6.78,3,-0.04
2026-07-26-01-11,4,6.85,4,-0.09
2026-07-26-01-11,5,6.82,5,-0.04
2026-07-26-01-11,6,6.89,6,-0.05
2026-07-26-12-11,1,7.02,1,0.02
2026-07-26-12-11,2,6.97,2,0.12
2026-07-26-12-11,3,6.89,5,-0.07
2026-07-26-12-11,4,6.98,4,0.01
2026-07-26-12-11,5,7.05,3,0.04
2026-07-26-12-11,6,6.87,6,-0.08
2026-07-27-21-03,1,6.79,1,0.09
2026-07-27-21-03,2,6.84,2,0.11
2026-07-27-21-03,3,6.78,3,0.1
2026-07-27-21-03,4,6.81,4,-0.06
2026-07-27-21-03,5,6.86,5,-0.12
2026-07-27-21-03,6,6.82,6,-0.03
2026-07-27-14-05,1,6.82,1,0.04
2026-07-27-14-05,2,6.83,2,0.01
2026-07-27-14-05,3,6.86,3,0.01
2026-07-27-14-05,4,6.98,4,-0.01
2026-07-27-14-05,5,6.91,5,-0.03
2026-07-27-14-05,6,6.94,6,-0.06
2026-07-27-06-06,1,6.66,1,0.15
2026-07-27-06-06,2,6.79,2,0.11
2026-07-27-06-06,3,6.76,3,0.08
2026-07-27-06-06,4,6.76,4,0.21
2026-07-27-06-06,5,6.75,5,0.1
2026-07-27-06-06,6,6.78,6,0.11
2026-07-27-09-08,1,6.68,1,0.21
2026-07-27-09-08,2,6.64,2,0.22
2026-07-27-09-08,3,6.69,3,0.13
2026-07-27-09-08,4,6.77,4,0.2
2026-07-27-09-08,5,6.76,5,0.08
2026-07-27-09-08,6,6.73,6,0.01
2026-07-27-10-12,1,6.81,1,0.12
2026-07-27-10-12,2,6.76,2,0.06
2026-07-27-10-12,3,6.84,3,0.03
2026-07-27-10-12,4,6.83,4,-0.09
2026-07-27-10-12,5,6.77,5,0.09
2026-07-27-10-12,6,6.64,6,-0.04
2026-07-27-17-07,1,6.69,1,-0.05
2026-07-27-17-07,2,6.71,2,-0.07
2026-07-27-17-07,3,6.76,3,-0.04
2026-07-27-17-07,4,6.75,4,-0.03
2026-07-27-17-07,5,6.75,5,0.16
2026-07-27-17-07,6,6.75,6,0.2
2026-07-27-01-05,1,6.71,1,0.09
2026-07-27-01-05,2,6.87,2,0.18
2026-07-27-01-05,3,6.92,3,0.06
2026-07-27-01-05,4,6.77,4,0.28
2026-07-27-01-05,5,6.86,5,0.08
2026-07-27-01-05,6,6.77,6,0.06
2026-07-27-12-05,1,6.86,1,-0.04
2026-07-27-12-05,2,6.95,2,0.11
2026-07-27-12-05,3,6.93,3,0.17
2026-07-27-12-05,4,6.96,4,0.03
2026-07-27-12-05,5,6.98,5,-0.05
2026-07-27-12-05,6,6.95,6,0.18
2026-07-28-21-03,1,6.87,1,-0.04
2026-07-28-21-03,2,6.77,4,0.14
2026-07-28-21-03,3,6.9,5,0.12
2026-07-28-21-03,4,6.83,6,0.02
2026-07-28-21-03,5,6.88,2,0.01
2026-07-28-21-03,6,6.95,3,-0.01
2026-07-28-21-05,1,6.85,1,0.37
2026-07-28-21-05,2,6.87,2,0.04
2026-07-28-21-05,3,6.9,3,0.03
2026-07-28-21-05,4,6.85,4,0.1
2026-07-28-21-05,5,6.9,5,0.02
2026-07-28-21-05,6,6.86,6,0.08
2026-07-28-09-07,1,6.98,1,0.08
2026-07-28-09-07,2,6.84,2,0.19
2026-07-28-09-07,3,6.94,3,0.16
2026-07-28-09-07,4,6.9,4,0.11
2026-07-28-09-07,5,6.9,5,0.12
2026-07-28-09-07,6,6.91,6,0.09
2026-07-28-10-11,1,6.75,1,-0.04
2026-07-28-10-11,2,6.79,2,-0.13
2026-07-28-10-11,3,6.82,3,0.06
2026-07-28-10-11,4,6.81,4,0.14
2026-07-28-10-11,5,6.81,5,0.23
2026-07-28-10-11,6,7.0,6,0.09
2026-07-28-16-05,1,6.77,1,0.23
2026-07-28-16-05,2,6.81,2,0.31
2026-07-28-16-05,3,6.71,3,0.22
2026-07-28-16-05,4,6.74,4,0.3
2026-07-28-16-05,5,6.85,5,0.06
2026-07-28-16-05,6,6.78,6,0.27
2026-07-28-03-12,1,7.15,1,-0.09
2026-07-28-03-12,2,7.07,2,-0.07
2026-07-28-03-12,3,7.2,3,0.07
2026-07-28-03-12,4,7.07,4,0.15
2026-07-28-03-12,5,7.23,5,-0.13
2026-07-28-03-12,6,7.3,6,-0.14
2026-07-28-09-12,1,,,
2026-07-28-09-12,2,,,
2026-07-28-09-12,3,,,
2026-07-28-09-12,4,,,
2026-07-28-09-12,5,,,
2026-07-28-09-12,6,,,
2026-07-28-15-03,1,6.75,1,0.08
2026-07-28-15-03,2,6.84,2,0.14
2026-07-28-15-03,3,6.85,3,0.06
2026-07-28-15-03,4,6.9,4,0.11
2026-07-28-15-03,5,6.88,5,0.04
2026-07-28-15-03,6,6.83,6,0.14
2026-07-28-16-10,1,6.72,1,-0.01
2026-07-28-16-10,2,6.79,3,0.29
2026-07-28-16-10,3,6.8,4,0.07
2026-07-28-16-10,4,6.76,5,0.16
2026-07-28-16-10,5,6.73,6,0.05
2026-07-28-16-10,6,6.68,2,0.08
2026-07-28-17-11,1,6.85,1,0.07
2026-07-28-17-11,2,6.81,2,-0.03
2026-07-28-17-11,3,6.86,3,0.12
2026-07-28-17-11,4,6.82,4,0.03
2026-07-28-17-11,5,6.78,5,-0.02
2026-07-28-17-11,6,6.86,6,-0.05
2026-07-28-19-08,1,,,
2026-07-28-19-08,2,,,
2026-07-28-19-08,3,,,
2026-07-28-19-08,4,,,
2026-07-28-19-08,5,,,
2026-07-28-19-08,6,,,
2026-07-28-20-08,1,6.78,1,0.08
2026-07-28-20-08,2,6.86,2,0.11
2026-07-28-20-08,3,6.93,3,0.2
2026-07-28-20-08,4,6.79,4,0.02
2026-07-28-20-08,5,6.78,5,0.02
2026-07-28-20-08,6,6.79,6,0.14
2026-07-29-10-03,1,6.73,1,-0.02
2026-07-29-10-03,2,6.73,2,0.11
2026-07-29-10-03,3,6.74,3,0.05
2026-07-29-10-03,4,6.8,4,0.05
2026-07-29-10-03,5,6.74,5,0.16
2026-07-29-10-03,6,6.77,6,0.01
2026-07-29-10-05,1,6.73,1,0.08
2026-07-29-10-05,2,6.77,2,0.06
2026-07-29-10-05,3,6.8,3,0.05
2026-07-29-10-05,4,6.77,4,0.03
2026-07-29-10-05,5,6.77,5,0.08
2026-07-29-10-05,6,6.79,6,0.14
2026-07-29-23-05,1,,,
2026-07-29-23-05,2,,,
2026-07-29-23-05,3,,,
2026-07-29-23-05,4,,,
2026-07-29-23-05,5,,,
2026-07-29-23-05,6,,,
2026-07-29-09-07,1,,,
2026-07-29-09-07,2,,,
2026-07-29-09-07,3,,,
2026-07-29-09-07,4,,,
2026-07-29-09-07,5,,,
2026-07-29-09-07,6,,,
2026-07-29-17-06,1,6.79,1,0.12
2026-07-29-17-06,2,6.74,2,0.09
2026-07-29-17-06,3,6.73,3,0.14
2026-07-29-17-06,4,6.72,4,0.12
2026-07-29-17-06,5,6.81,5,0.33
2026-07-29-17-06,6,6.77,6,0.11
2026-07-29-18-11,1,6.98,1,0.27
2026-07-29-18-11,2,7.08,2,0.27
2026-07-29-18-11,3,7.0,3,0.31
2026-07-29-18-11,4,7.03,4,0.15
2026-07-29-18-11,5,6.97,5,0.26
2026-07-29-18-11,6,7.03,6,0.19
2026-07-29-23-11,1,6.75,1,-0.13
2026-07-29-23-11,2,6.77,2,0.03
2026-07-29-23-11,3,6.75,3,0.02
2026-07-29-23-11,4,6.76,4,0.25
2026-07-29-23-11,5,6.75,5,0.07
2026-07-29-23-11,6,6.76,6,0.11
2026-07-29-09-12,1,,,
2026-07-29-09-12,2,,,
2026-07-29-09-12,3,,,
2026-07-29-09-12,4,,,
2026-07-29-09-12,5,,,
2026-07-29-09-12,6,,,
2026-07-29-15-03,1,6.85,1,-0.02
2026-07-29-15-03,2,6.83,2,0.06
2026-07-29-15-03,3,6.87,3,0.06
2026-07-29-15-03,4,6.9,4,0.01
2026-07-29-15-03,5,6.88,5,0.11
2026-07-29-15-03,6,6.89,6,0.17
2026-07-29-16-10,1,6.69,1,0.06
2026-07-29-16-10,2,6.69,2,0.36
2026-07-29-16-10,3,6.7,3,0.26
2026-07-29-16-10,4,6.79,4,0.02
2026-07-29-16-10,5,6.77,5,-0.04
2026-07-29-16-10,6,6.85,6,-0.03
2026-07-29-15-09,1,,1,-0.06
2026-07-29-15-09,2,,2,0.08
2026-07-29-15-09,3,,3,0.04
2026-07-29-15-09,4,,4,0.05
2026-07-29-15-09,5,,5,0.1
2026-07-29-15-09,6,,6,0.13
2026-07-29-19-08,1,6.83,1,0.03
2026-07-29-19-08,2,6.84,2,0.05
2026-07-29-19-08,3,6.83,3,0.02
2026-07-29-19-08,4,6.86,4,0.02
2026-07-29-19-08,5,6.83,5,0.12
2026-07-29-19-08,6,6.87,6,0.01
2026-07-30-10-03,1,6.72,1,-0.06
2026-07-30-10-03,2,6.84,2,0.08
2026-07-30-10-03,3,6.81,3,0.19
2026-07-30-10-03,4,6.82,4,0.15
2026-07-30-10-03,5,6.78,5,0.3
2026-07-30-10-03,6,6.74,6,0.04
2026-07-30-10-05,1,6.76,1,0.12
2026-07-30-10-05,2,6.77,2,0.17
2026-07-30-10-05,3,6.85,3,0.21
2026-07-30-10-05,4,6.76,4,0.19
2026-07-30-10-05,5,6.8,5,0.07
2026-07-30-10-05,6,6.78,6,-0.07
2026-07-30-04-04,1,6.78,1,-0.01
2026-07-30-04-04,2,6.81,2,0.01
2026-07-30-04-04,3,6.77,3,-0.05
2026-07-30-04-04,4,6.89,4,0.01
2026-07-30-04-04,5,6.9,5,0.01
2026-07-30-04-04,6,6.82,6,0.17
2026-07-30-10-11,1,6.74,1,0.12
2026-07-30-10-11,2,6.84,2,0.12
2026-07-30-10-11,3,6.76,3,0.07
2026-07-30-10-11,4,6.84,4,0.06
2026-07-30-10-11,5,6.82,5,-0.07
2026-07-30-10-11,6,6.81,6,0.01
2026-07-30-22-03,1,7.02,1,0.07
2026-07-30-22-03,2,7.02,2,0.14
2026-07-30-22-03,3,7.08,3,0.13
2026-07-30-22-03,4,7.13,4,0.09
2026-07-30-22-03,5,7.11,5,0.11
2026-07-30-22-03,6,7.1,6,0.08
2026-07-30-23-11,1,6.65,1,0.16
2026-07-30-23-11,2,6.68,2,0.3
2026-07-30-23-11,3,6.73,3,0.05
2026-07-30-23-11,4,6.68,4,-0.01
2026-07-30-23-11,5,6.66,5,0.14
2026-07-30-23-11,6,6.75,6,0.19
2026-07-30-15-02,1,6.85,1,0.22
2026-07-30-15-02,2,6.92,2,0.09
2026-07-30-15-02,3,6.86,3,0.11
2026-07-30-15-02,4,6.88,4,0.09
2026-07-30-15-02,5,6.88,5,-0.02
2026-07-30-15-02,6,6.91,6,0.04
2026-07-30-24-02,1,6.91,1,-0.06
2026-07-30-24-02,2,6.88,2,-0.08
2026-07-30-24-02,3,6.9,3,0.08
2026-07-30-24-02,4,6.93,4,0.07
2026-07-30-24-02,5,6.95,5,0.08
2026-07-30-24-02,6,6.92,6,0.34
2026-07-30-19-07,1,6.84,1,0.28
2026-07-30-19-07,2,6.89,2,0.12
2026-07-30-19-07,3,6.83,3,0.12
2026-07-30-19-07,4,6.81,4,0.11
2026-07-30-19-07,5,6.86,5,0.17
2026-07-30-19-07,6,6.8,6,0.19
2026-07-30-24-07,1,6.98,1,0.07
2026-07-30-24-07,2,6.98,2,0.22
2026-07-30-24-07,3,6.95,3,0.36
2026-07-30-24-07,4,6.98,4,0.07
2026-07-30-24-07,5,7.0,5,0.1
2026-07-30-24-07,6,6.97,6,-0.04
2026-07-30-15-12,1,6.88,1,0.15
2026-07-30-15-12,2,6.79,2,0.02
2026-07-30-15-12,3,6.91,3,0.08
2026-07-30-15-12,4,6.95,4,0.23
2026-07-30-15-12,5,6.99,5,0.43
2026-07-30-15-12,6,6.96,6,0.18
2026-07-30-24-12,1,6.88,1,0.38
2026-07-30-24-12,2,6.94,2,0.14
2026-07-30-24-12,3,6.96,3,0.27
2026-07-30-24-12,4,6.93,4,0.03
2026-07-30-24-12,5,6.91,5,0.11
2026-07-30-24-12,6,6.93,6,0.0
2026-07-31-10-03,1,6.84,1,0.18
2026-07-31-10-03,2,6.78,2,0.05
2026-07-31-10-03,3,6.76,3,0.14
2026-07-31-10-03,4,6.86,4,-0.03
2026-07-31-10-03,5,6.77,5,0.02
2026-07-31-10-03,6,6.84,6,-0.02
2026-07-31-23-03,1,,,
2026-07-31-23-03,2,,,
2026-07-31-23-03,3,,,
2026-07-31-23-03,4,,,
2026-07-31-23-03,5,,,
2026-07-31-23-03,6,,,
2026-07-31-18-05,1,,,
2026-07-31-18-05,2,,,
2026-07-31-18-05,3,,,
2026-07-31-18-05,4,,,
2026-07-31-18-05,5,,,
2026-07-31-18-05,6,,,
2026-07-31-23-05,1,6.66,1,0.05
2026-07-31-23-05,2,6.74,2,-0.08
2026-07-31-23-05,3,6.76,3,-0.07
2026-07-31-23-05,4,6.75,4,-0.06
2026-07-31-23-05,5,6.74,5,0.01
2026-07-31-23-05,6,6.79,6,-0.01
2026-07-31-05-06,1,6.84,1,-0.05
2026-07-31-05-06,2,6.86,2,0.09
2026-07-31-05-06,3,6.85,3,0.1
2026-07-31-05-06,4,6.8,4,0.08
2026-07-31-05-06,5,6.82,5,0.06
2026-07-31-05-06,6,6.87,6,0.11
2026-07-31-10-12,1,6.82,1,0.07
2026-07-31-10-12,2,6.78,2,0.09
2026-07-31-10-12,3,6.79,3,0.01
2026-07-31-10-12,4,6.78,4,0.05
2026-07-31-10-12,5,6.86,5,0.29
2026-07-31-10-12,6,6.84,6,0.04
2026-07-31-22-04,1,6.89,1,0.02
2026-07-31-22-04,2,6.98,2,0.01
2026-07-31-22-04,3,7.05,3,0.03
2026-07-31-22-04,4,6.91,4,-0.01
2026-07-31-22-04,5,7.02,5,-0.03
2026-07-31-22-04,6,6.87,6,-0.06
2026-07-31-05-11,1,6.76,1,-0.05
2026-07-31-05-11,2,6.76,2,0.06
2026-07-31-05-11,3,6.84,3,0.26
2026-07-31-05-11,4,6.75,4,0.23
2026-07-31-05-11,5,6.76,5,0.08
2026-07-31-05-11,6,6.8,6,0.15
2026-07-31-16-10,1,6.88,1,0.06
2026-07-31-16-10,2,6.79,2,0.04
2026-07-31-16-10,3,6.83,3,0.14
2026-07-31-16-10,4,6.75,4,0.06
2026-07-31-16-10,5,6.91,5,0.02
2026-07-31-16-10,6,6.87,6,-0.01
2026-07-31-19-03,1,6.78,1,0.15
2026-07-31-19-03,2,6.81,2,0.13
2026-07-31-19-03,3,6.85,3,0.12
2026-07-31-19-03,4,6.8,4,0.11
2026-07-31-19-03,5,6.9,5,0.25
2026-07-31-19-03,6,6.84,6,0.16
2026-07-31-20-03,1,6.87,1,0.05
2026-07-31-20-03,2,6.84,2,0.05
2026-07-31-20-03,3,6.91,3,0.09
2026-07-31-20-03,4,6.89,4,0.04
2026-07-31-20-03,5,6.9,5,0.11
2026-07-31-20-03,6,6.87,6,0.11
2026-07-31-20-09,1,6.87,1,-0.04
2026-07-31-20-09,2,6.95,2,0.07
2026-07-31-20-09,3,6.84,3,0.17
2026-07-31-20-09,4,6.9,4,0.22
2026-07-31-20-09,5,6.91,5,0.28
2026-07-31-20-09,6,6.89,6,0.2
2026-07-31-24-09,1,6.9,1,0.09
2026-07-31-24-09,2,6.9,2,0.08
2026-07-31-24-09,3,6.96,3,0.03
2026-07-31-24-09,4,6.96,4,0.17
2026-07-31-24-09,5,6.93,5,0.36
2026-07-31-24-09,6,6.9,6,0.16
2026-08-01-10-03,1,6.65,1,-0.06
2026-08-01-10-03,2,6.86,2,0.05
2026-08-01-10-03,3,6.7,3,0.09
2026-08-01-10-03,4,6.81,4,0.07
2026-08-01-10-03,5,6.71,5,0.28
2026-08-01-10-03,6,6.78,6,0.18
2026-08-01-18-05,1,7.04,1,0.12
2026-08-01-18-05,2,6.98,2,0.11
2026-08-01-18-05,3,7.09,3,0.13
2026-08-01-18-05,4,7.01,4,0.07
2026-08-01-18-05,5,6.99,5,-0.05
2026-08-01-18-05,6,6.97,6,-0.03
2026-08-01-23-05,1,6.75,1,0.07
2026-08-01-23-05,2,6.77,2,0.08
2026-08-01-23-05,3,6.81,3,0.14
2026-08-01-23-05,4,6.71,4,0.07
2026-08-01-23-05,5,6.83,5,0.06
2026-08-01-23-05,6,6.82,6,-0.01
2026-08-01-05-06,1,6.82,1,0.16
2026-08-01-05-06,2,6.84,2,0.21
2026-08-01-05-06,3,6.7,3,0.16
2026-08-01-05-06,4,6.79,4,0.09
2026-08-01-05-06,5,6.8,5,0.06
2026-08-01-05-06,6,6.76,6,0.03
2026-08-01-08-07,1,6.79,1,0.16
2026-08-01-08-07,2,6.8,2,0.05
2026-08-01-08-07,3,6.76,3,0.0
2026-08-01-08-07,4,6.72,4,0.13
2026-08-01-08-07,5,6.78,5,0.21
2026-08-01-08-07,6,6.79,6,0.31
2026-08-01-11-07,1,6.73,1,-0.03
2026-08-01-11-07,2,6.75,2,0.05
2026-08-01-11-07,3,6.97,3,0.17
2026-08-01-11-07,4,6.93,4,0.04
2026-08-01-11-07,5,6.79,5,0.08
2026-08-01-11-07,6,,,
2026-08-01-08-12,1,6.71,1,0.1
2026-08-01-08-12,2,6.8,2,0.12
2026-08-01-08-12,3,6.72,3,0.13
2026-08-01-08-12,4,6.77,4,-0.02
2026-08-01-08-12,5,6.8,5,0.14
2026-08-01-08-12,6,6.75,6,-0.07
2026-08-01-13-12,1,6.85,1,0.03
2026-08-01-13-12,2,6.92,2,0.03
2026-08-01-13-12,3,6.8,3,0.06
2026-08-01-13-12,4,6.84,4,0.01
2026-08-01-13-12,5,6.82,5,0.09
2026-08-01-13-12,6,6.82,6,0.07
2026-08-01-15-03,1,6.81,1,0.1
2026-08-01-15-03,2,6.88,2,0.07
2026-08-01-15-03,3,6.89,3,0.09
2026-08-01-15-03,4,6.83,4,0.11
2026-08-01-15-03,5,6.87,5,0.19
2026-08-01-15-03,6,6.94,6,0.15
2026-08-01-16-09,1,6.83,1,0.05
2026-08-01-16-09,2,6.77,2,0.45
2026-08-01-16-09,3,6.84,3,0.15
2026-08-01-16-09,4,6.88,4,0.19
2026-08-01-16-09,5,6.88,5,0.11
2026-08-01-16-09,6,6.81,6,0.01
2026-08-01-15-07,1,6.78,1,0.13
2026-08-01-15-07,2,6.83,2,0.18
2026-08-01-15-07,3,6.82,3,0.06
2026-08-01-15-07,4,6.85,4,0.08
2026-08-01-15-07,5,6.84,5,0.08
2026-08-01-15-07,6,6.84,6,0.09
2026-08-01-20-07,1,,,
2026-08-01-20-07,2,,,
2026-08-01-20-07,3,,,
2026-08-01-20-07,4,,,
2026-08-01-20-07,5,,,
2026-08-01-20-07,6,,,
2026-08-01-01-11,1,6.73,1,0.18
2026-08-01-01-11,2,6.71,2,0.1
2026-08-01-01-11,3,6.7,3,0.14
2026-08-01-01-11,4,6.73,4,0.08
2026-08-01-01-11,5,6.74,6,0.03
2026-08-01-01-11,6,6.8,5,0.0
2026-08-02-21-03,1,6.77,1,0.12
2026-08-02-21-03,2,6.84,2,0.11
2026-08-02-21-03,3,6.82,3,0.04
2026-08-02-21-03,4,6.9,4,0.14
2026-08-02-21-03,5,6.88,5,0.11
2026-08-02-21-03,6,6.93,6,0.19
2026-08-02-23-05,1,6.76,1,0.19
2026-08-02-23-05,2,6.82,2,0.21
2026-08-02-23-05,3,6.82,3,0.31
2026-08-02-23-05,4,6.84,4,0.5
2026-08-02-23-05,5,6.85,6,0.15
2026-08-02-23-05,6,6.89,5,0.25
2026-08-02-05-06,1,6.82,1,0.13
2026-08-02-05-06,2,6.91,2,0.07
2026-08-02-05-06,3,6.95,3,0.09
2026-08-02-05-06,4,7.01,4,-0.01
2026-08-02-05-06,5,6.9,5,-0.06
2026-08-02-05-06,6,6.92,6,-0.08
2026-08-02-06-06,1,6.72,1,0.03
2026-08-02-06-06,2,6.71,2,0.03
2026-08-02-06-06,3,6.76,3,-0.05
2026-08-02-06-06,4,6.69,4,0.17
2026-08-02-06-06,5,6.71,5,0.03
2026-08-02-06-06,6,6.69,6,0.13
2026-08-02-01-03,1,,,
2026-08-02-01-03,2,,,
2026-08-02-01-03,3,,,
2026-08-02-01-03,4,,,
2026-08-02-01-03,5,,,
2026-08-02-01-03,6,,,
2026-08-02-08-12,1,6.69,1,0.06
2026-08-02-08-12,2,6.7,2,0.06
2026-08-02-08-12,3,6.72,3,0.08
2026-08-02-08-12,4,6.76,4,0.27
2026-08-02-08-12,5,6.71,5,0.14
2026-08-02-08-12,6,6.79,6,0.09
2026-08-02-13-12,1,6.9,1,-0.05
2026-08-02-13-12,2,6.94,2,-0.06
2026-08-02-13-12,3,6.95,3,0.03
2026-08-02-13-12,4,6.91,4,0.05
2026-08-02-13-12,5,6.85,5,0.11
2026-08-02-13-12,6,6.9,6,-0.04
2026-08-02-15-03,1,6.82,1,-0.07
2026-08-02-15-03,2,6.85,2,0.02
2026-08-02-15-03,3,6.84,3,0.09
2026-08-02-15-03,4,6.8,4,0.08
2026-08-02-15-03,5,6.89,5,0.17
2026-08-02-15-03,6,6.79,6,0.14
2026-08-02-20-07,1,6.93,1,0.17
2026-08-02-20-07,2,6.9,2,0.25
2026-08-02-20-07,3,6.96,3,0.22
2026-08-02-20-07,4,6.91,4,0.17
2026-08-02-20-07,5,6.95,5,0.03
2026-08-02-20-07,6,6.99,6,0.06
2026-08-02-01-11,1,6.64,1,0.22
2026-08-02-01-11,2,6.76,2,0.25
2026-08-02-01-11,3,6.57,3,0.04
2026-08-02-01-11,4,6.79,4,-0.07
2026-08-02-01-11,5,6.61,5,-0.05
2026-08-02-01-11,6,6.72,6,0.01
2026-08-02-15-11,1,6.8,1,0.11
2026-08-02-15-11,2,6.84,2,0.22
2026-08-02-15-11,3,6.75,3,0.01
2026-08-02-15-11,4,6.83,4,0.06
2026-08-02-15-11,5,6.8,5,-0.09
2026-08-02-15-11,6,6.88,6,0.02
2026-08-03-21-03,1,6.82,1,0.06
2026-08-03-21-03,2,6.88,2,0.04
2026-08-03-21-03,3,6.83,3,0.17
2026-08-03-21-03,4,6.84,4,0.13
2026-08-03-21-03,5,6.85,5,0.09
2026-08-03-21-03,6,6.89,6,0.25
2026-08-03-23-05,1,6.93,1,-0.06
2026-08-03-23-05,2,6.93,2,-0.04
2026-08-03-23-05,3,6.88,3,0.05
2026-08-03-23-05,4,6.94,4,0.07
2026-08-03-23-05,5,6.9,5,0.12
2026-08-03-23-05,6,6.8,6,-0.04
2026-08-03-04-05,1,6.72,1,0.07
2026-08-03-04-05,2,6.75,2,0.18
2026-08-03-04-05,3,6.72,3,0.19
2026-08-03-04-05,4,6.84,4,0.16
2026-08-03-04-05,5,6.75,5,0.04
2026-08-03-04-05,6,6.7,6,0.18
2026-08-03-05-06,1,6.7,1,0.09
2026-08-03-05-06,2,6.66,2,-0.01
2026-08-03-05-06,3,6.72,3,0.09
2026-08-03-05-06,4,6.7,4,0.12
2026-08-03-05-06,5,6.66,5,0.13
2026-08-03-05-06,6,6.66,6,0.16
2026-08-03-08-08,1,6.74,1,0.01
2026-08-03-08-08,2,6.84,2,0.22
2026-08-03-08-08,3,6.71,3,0.05
2026-08-03-08-08,4,6.69,4,0.25
2026-08-03-08-08,5,6.83,5,0.26
2026-08-03-08-08,6,6.7,6,0.05
2026-08-03-17-07,1,6.77,1,0.2
2026-08-03-17-07,2,6.78,2,0.04
2026-08-03-17-07,3,6.79,3,0.29
2026-08-03-17-07,4,6.79,4,0.3
2026-08-03-17-07,5,6.76,5,0.17
2026-08-03-17-07,6,6.8,6,0.21
2026-08-03-21-12,1,6.69,1,-0.04
2026-08-03-21-12,2,6.83,2,0.2
2026-08-03-21-12,3,6.83,3,0.04
2026-08-03-21-12,4,6.8,4,0.04
2026-08-03-21-12,5,6.86,5,0.04
2026-08-03-21-12,6,6.76,6,-0.01
2026-08-03-04-11,1,6.64,1,0.14
2026-08-03-04-11,2,6.72,2,0.05
2026-08-03-04-11,3,6.64,3,0.05
2026-08-03-04-11,4,6.65,4,-0.01
2026-08-03-04-11,5,6.65,5,0.06
2026-08-03-04-11,6,6.68,6,0.05
2026-08-03-05-12,1,6.77,1,-0.04
2026-08-03-05-12,2,6.8,2,0.12
2026-08-03-05-12,3,6.78,3,-0.06
2026-08-03-05-12,4,6.75,4,0.01
2026-08-03-05-12,5,6.7,5,0.05
2026-08-03-05-12,6,6.74,6,0.0
2026-08-03-19-05,1,6.91,1,0.18
2026-08-03-19-05,2,6.97,2,0.22
2026-08-03-19-05,3,6.9,3,-0.03
2026-08-03-19-05,4,6.89,4,0.16
2026-08-03-19-05,5,6.92,5,0.28
2026-08-03-19-05,6,7.02,6,0.14
2026-08-03-20-05,1,7.06,1,0.03
2026-08-03-20-05,2,7.0,2,0.08
2026-08-03-20-05,3,7.04,3,-0.04
2026-08-03-20-05,4,7.07,4,-0.06
2026-08-03-20-05,5,7.12,5,0.04
2026-08-03-20-05,6,6.99,6,0.08
2026-08-03-19-12,1,6.87,1,0.01
2026-08-03-19-12,2,6.93,2,0.06
2026-08-03-19-12,3,6.9,3,0.04
2026-08-03-19-12,4,6.93,4,0.18
2026-08-03-19-12,5,6.85,5,0.01
2026-08-03-19-12,6,6.87,6,-0.01
2026-08-04-10-03,1,6.81,1,0.07
2026-08-04-10-03,2,6.82,2,0.15
2026-08-04-10-03,3,6.69,3,0.08
2026-08-04-10-03,4,6.82,6,-0.01
2026-08-04-10-03,5,6.84,4,0.15
2026-08-04-10-03,6,6.86,5,0.06
2026-08-04-13-01,1,,,
2026-08-04-13-01,2,,,
2026-08-04-13-01,3,,,
2026-08-04-13-01,4,,,
2026-08-04-13-01,5,,,
2026-08-04-13-01,6,,,
2026-08-04-21-05,1,6.78,1,0.13
2026-08-04-21-05,2,6.78,2,0.13
2026-08-04-21-05,3,6.82,3,-0.03
2026-08-04-21-05,4,6.81,4,-0.06
2026-08-04-21-05,5,6.89,5,-0.04
2026-08-04-21-05,6,6.79,6,-0.06
2026-08-04-06-06,1,6.65,1,0.17
2026-08-04-06-06,2,6.61,2,0.19
2026-08-04-06-06,3,6.69,3,0.21
2026-08-04-06-06,4,6.67,4,-0.03
2026-08-04-06-06,5,6.7,5,-0.01
2026-08-04-06-06,6,6.68,6,0.07
2026-08-04-17-06,1,6.73,1,0.23
2026-08-04-17-06,2,6.77,2,0.2
2026-08-04-17-06,3,6.67,3,0.15
2026-08-04-17-06,4,6.77,4,0.21
2026-08-04-17-06,5,6.78,5,0.07
2026-08-04-17-06,6,6.73,6,0.14
2026-08-04-21-11,1,6.81,1,0.18
2026-08-04-21-11,2,6.81,2,0.09
2026-08-04-21-11,3,6.81,3,0.08
2026-08-04-21-11,4,6.9,4,0.02
2026-08-04-21-11,5,6.83,5,0.06
2026-08-04-21-11,6,6.85,6,-0.03
2026-08-04-01-04,1,6.58,1,0.18
2026-08-04-01-04,2,6.7,2,0.17
2026-08-04-01-04,3,6.57,3,0.07
2026-08-04-01-04,4,6.65,4,0.03
2026-08-04-01-04,5,6.55,5,-0.01
2026-08-04-01-04,6,6.71,6,0.05
2026-08-04-06-11,1,6.61,1,0.11
2026-08-04-06-11,2,6.69,2,-0.01
2026-08-04-06-11,3,6.69,3,0.23
2026-08-04-06-11,4,6.71,4,0.02
2026-08-04-06-11,5,6.71,5,-0.01
2026-08-04-06-11,6,6.69,6,0.01
2026-08-04-13-12,1,6.93,1,0.13
2026-08-04-13-12,2,6.9,2,0.12
2026-08-04-13-12,3,6.91,3,0.25
2026-08-04-13-12,4,6.88,4,0.07
2026-08-04-13-12,5,6.9,5,0.08
2026-08-04-13-12,6,6.88,6,-0.02
2026-08-04-12-09,1,6.88,1,0.07
2026-08-04-12-09,2,6.96,2,0.05
2026-08-04-12-09,3,6.95,3,0.31
2026-08-04-12-09,4,6.89,4,-0.01
2026-08-04-12-09,5,7.03,5,0.13
2026-08-04-12-09,6,6.89,6,0.12
2026-08-04-19-09,1,6.92,1,-0.02
2026-08-04-19-09,2,6.97,2,0.01
2026-08-04-19-09,3,7.01,3,0.1
2026-08-04-19-09,4,7.05,4,-0.11
2026-08-04-19-09,5,6.92,5,-0.1
2026-08-04-19-09,6,7.1,6,0.03
2026-08-05-10-03,1,6.83,1,0.14
2026-08-05-10-03,2,6.83,2,0.03
2026-08-05-10-03,3,6.64,3,0.29
2026-08-05-10-03,4,6.79,4,0.21
2026-08-05-10-03,5,6.76,5,0.37
2026-08-05-10-03,6,6.83,6,0.09
2026-08-05-10-05,1,6.92,1,0.01
2026-08-05-10-05,2,6.86,2,0.08
2026-08-05-10-05,3,6.87,3,0.09
2026-08-05-10-05,4,6.86,4,0.27
2026-08-05-10-05,5,6.88,5,-0.04
2026-08-05-10-05,6,6.92,6,-0.14
2026-08-05-05-05,1,6.72,1,0.03
2026-08-05-05-05,2,6.79,2,0.16
2026-08-05-05-05,3,6.77,3,0.35
2026-08-05-05-05,4,6.74,4,0.19
2026-08-05-05-05,5,6.77,5,0.16
2026-08-05-05-05,6,6.79,6,0.04
2026-08-05-09-07,1,6.91,1,0.16
2026-08-05-09-07,2,6.9,2,-0.06
2026-08-05-09-07,3,6.91,3,-0.06
2026-08-05-09-07,4,6.86,4,0.05
2026-08-05-09-07,5,6.98,5,0.07
2026-08-05-09-07,6,6.89,6,0.15
2026-08-05-10-11,1,6.85,1,0.1
2026-08-05-10-11,2,7.04,2,0.09
2026-08-05-10-11,3,6.98,3,0.13
2026-08-05-10-11,4,6.96,4,0.13
2026-08-05-10-11,5,6.88,5,0.18
2026-08-05-10-11,6,6.78,6,0.15
2026-08-05-05-10,1,6.72,1,-0.06
2026-08-05-05-10,2,6.81,2,0.26
2026-08-05-05-10,3,6.88,3,0.22
2026-08-05-05-10,4,6.85,4,0.11
2026-08-05-05-10,5,6.75,5,0.09
2026-08-05-05-10,6,6.73,6,0.09
2026-08-05-09-12,1,6.85,1,0.05
2026-08-05-09-12,2,6.87,2,0.09
2026-08-05-09-12,3,6.94,3,-0.08
2026-08-05-09-12,4,6.87,4,-0.02
2026-08-05-09-12,5,6.89,5,0.31
2026-08-05-09-12,6,6.91,6,0.13
2026-08-05-12-03,1,6.9,1,0.25
2026-08-05-12-03,2,6.97,2,0.17
2026-08-05-12-03,3,7.01,3,0.13
2026-08-05-12-03,4,7.01,4,0.11
2026-08-05-12-03,5,6.87,5,0.03
2026-08-05-12-03,6,6.91,6,0.2
2026-08-05-17-11,1,6.79,1,0.03
2026-08-05-17-11,2,6.8,2,0.18
2026-08-05-17-11,3,6.84,3,0.11
2026-08-05-17-11,4,6.81,4,0.11
2026-08-05-17-11,5,6.77,5,0.2
2026-08-05-17-11,6,,,
2026-08-05-19-03,1,6.78,1,0.13
2026-08-05-19-03,2,6.87,2,0.36
2026-08-05-19-03,3,6.8,3,0.13
2026-08-05-19-03,4,6.88,4,0.11
2026-08-05-19-03,5,6.93,5,0.12
2026-08-05-19-03,6,6.92,6,0.26
2026-08-05-01-09,1,6.63,1,0.08
2026-08-05-01-09,2,6.72,2,0.05
2026-08-05-01-09,3,6.61,3,0.05
2026-08-05-01-09,4,6.65,4,0.26
2026-08-05-01-09,5,6.79,5,0.07
2026-08-05-01-09,6,6.57,6,0.09
2026-08-06-10-03,1,6.81,1,0.11
2026-08-06-10-03,2,6.87,2,0.08
2026-08-06-10-03,3,6.87,3,0.17
2026-08-06-10-03,4,6.91,4,0.33
2026-08-06-10-03,5,6.78,5,0.24
2026-08-06-10-03,6,6.84,6,0.29
2026-08-06-10-05,1,6.92,1,0.26
2026-08-06-10-05,2,6.94,2,0.18
2026-08-06-10-05,3,6.93,3,0.02
2026-08-06-10-05,4,6.98,4,0.28
2026-08-06-10-05,5,6.99,5,0.11
2026-08-06-10-05,6,6.94,6,0.19
2026-08-06-09-07,1,6.95,1,0.11
2026-08-06-09-07,2,6.96,2,0.13
2026-08-06-09-07,3,6.95,3,0.17
2026-08-06-09-07,4,7.03,4,0.02
2026-08-06-09-07,5,7.08,5,0.02
2026-08-06-09-07,6,6.91,6,0.13
2026-08-06-10-11,1,6.94,1,0.03
2026-08-06-10-11,2,6.91,2,0.04
2026-08-06-10-11,3,7.08,3,0.11
2026-08-06-10-11,4,6.97,4,0.25
2026-08-06-10-11,5,6.98,5,0.08
2026-08-06-10-11,6,7.0,6,0.28
2026-08-06-09-12,1,6.9,1,0.1
2026-08-06-09-12,2,6.91,2,0.1
2026-08-06-09-12,3,6.96,3,0.1
2026-08-06-09-12,4,6.93,4,0.03
2026-08-06-09-12,5,6.99,5,0.11
2026-08-06-09-12,6,6.92,6,0.2
2026-08-06-19-03,1,6.86,1,0.27
2026-08-06-19-03,2,6.89,2,0.08
2026-08-06-19-03,3,6.92,3,0.27
2026-08-06-19-03,4,6.92,4,0.19
2026-08-06-19-03,5,6.89,5,0.02
2026-08-06-19-03,6,6.86,6,0.04
2026-08-06-24-03,1,7.01,1,0.01
2026-08-06-24-03,2,6.99,2,0.1
2026-08-06-24-03,3,7.05,3,0.15
2026-08-06-24-03,4,7.01,4,0.08
2026-08-06-24-03,5,6.97,5,0.05
2026-08-06-24-03,6,7.04,6,0.18
2026-08-06-12-09,1,6.95,1,0.1
2026-08-06-12-09,2,6.93,2,0.18
2026-08-06-12-09,3,6.92,3,0.05
2026-08-06-12-09,4,6.95,4,0.12
2026-08-06-12-09,5,6.88,5,0.14
2026-08-06-12-09,6,6.94,6,0.23
2026-08-07-09-03,1,7.09,1,-0.05
2026-08-07-09-03,2,7.0,2,-0.01
2026-08-07-09-03,3,7.05,3,0.04
2026-08-07-09-03,4,7.14,4,0.04
2026-08-07-09-03,5,7.04,5,0.12
2026-08-07-09-03,6,7.02,6,0.21
2026-08-07-14-07,1,6.75,1,0.05
2026-08-07-14-07,2,6.85,2,0.04
2026-08-07-14-07,3,6.83,3,0.11
2026-08-07-14-07,4,6.92,4,0.04
2026-08-07-14-07,5,6.9,5,0.07
2026-08-07-14-07,6,6.94,6,0.07
2026-08-07-17-02,1,6.88,1,0.09
2026-08-07-17-02,2,6.84,2,0.04
2026-08-07-17-02,3,6.81,3,0.11
2026-08-07-17-02,4,6.83,4,0.01
2026-08-07-17-02,5,6.81,5,0.0
2026-08-07-17-02,6,6.79,6,-0.07
2026-08-07-04-04,1,6.82,1,0.01
2026-08-07-04-04,2,6.8,2,0.03
2026-08-07-04-04,3,6.77,3,0.04
2026-08-07-04-04,4,6.75,4,0.02
2026-08-07-04-04,5,6.95,5,0.02
2026-08-07-04-04,6,6.65,6,0.13
2026-08-07-09-07,1,7.03,1,0.18
2026-08-07-09-07,2,7.12,2,0.18
2026-08-07-09-07,3,7.04,3,0.34
2026-08-07-09-07,4,7.03,4,0.15
2026-08-07-09-07,5,7.06,5,0.32
2026-08-07-09-07,6,6.89,6,0.46
2026-08-07-14-10,1,6.81,1,-0.05
2026-08-07-14-10,2,6.81,2,-0.01
2026-08-07-14-10,3,6.9,3,-0.03
2026-08-07-14-10,4,6.78,4,0.17
2026-08-07-14-10,5,6.85,5,0.05
2026-08-07-14-10,6,6.83,6,0.11
2026-08-07-17-06,1,6.94,1,-0.01
2026-08-07-17-06,2,6.88,2,0.13
2026-08-07-17-06,3,6.89,3,0.08
2026-08-07-17-06,4,6.77,4,0.02
2026-08-07-17-06,5,6.85,5,0.0
2026-08-07-17-06,6,6.86,6,-0.01
2026-08-07-04-07,1,6.82,1,0.04
2026-08-07-04-07,2,6.88,2,0.03
2026-08-07-04-07,3,6.9,3,0.03
2026-08-07-04-07,4,7.0,4,0.14
2026-08-07-04-07,5,7.01,5,0.03
2026-08-07-04-07,6,6.94,6,0.2
2026-08-07-09-10,1,7.15,1,-0.03
2026-08-07-09-10,2,7.03,2,0.01
2026-08-07-09-10,3,7.13,3,0.14
2026-08-07-09-10,4,7.03,4,0.24
2026-08-07-09-10,5,7.04,5,0.03
2026-08-07-09-10,6,7.06,6,0.09
2026-08-07-17-09,1,6.79,1,0.14
2026-08-07-17-09,2,6.9,2,0.17
2026-08-07-17-09,3,6.81,3,0.14
2026-08-07-17-09,4,6.87,4,0.07
2026-08-07-17-09,5,6.86,5,0.22
2026-08-07-17-09,6,6.77,6,0.11
2026-08-07-04-09,1,6.73,1,0.18
2026-08-07-04-09,2,6.81,2,-0.02
2026-08-07-04-09,3,6.69,3,0.05
2026-08-07-04-09,4,7.0,4,0.22
2026-08-07-04-09,5,6.73,5,0.04
2026-08-07-04-09,6,6.92,6,0.01
2026-08-07-12-03,1,,,
2026-08-07-12-03,2,,,
2026-08-07-12-03,3,,,
2026-08-07-12-03,4,,,
2026-08-07-12-03,5,,,
2026-08-07-12-03,6,,,
2026-08-07-15-03,1,,1,0.14
2026-08-07-15-03,2,,2,0.29
2026-08-07-15-03,3,,3,0.31
2026-08-07-15-03,4,,4,0.31
2026-08-07-15-03,5,,5,0.15
2026-08-07-15-03,6,,6,0.19
2026-08-07-17-11,1,6.72,1,-0.03
2026-08-07-17-11,2,6.74,2,-0.02
2026-08-07-17-11,3,6.7,3,0.07
2026-08-07-17-11,4,6.74,4,0.03
2026-08-07-17-11,5,6.8,5,0.08
2026-08-07-17-11,6,6.73,6,0.11
2026-08-07-24-03,1,6.94,1,0.21
2026-08-07-24-03,2,7.0,2,0.23
2026-08-07-24-03,3,7.03,3,0.23
2026-08-07-24-03,4,7.04,4,0.14
2026-08-07-24-03,5,7.02,5,-0.01
2026-08-07-24-03,6,7.08,6,-0.13
2026-08-07-04-11,1,6.97,1,-0.09
2026-08-07-04-11,2,7.04,2,0.01
2026-08-07-04-11,3,7.08,3,0.01
2026-08-07-04-11,4,6.85,4,-0.03
2026-08-07-04-11,5,7.11,5,0.13
2026-08-07-04-11,6,6.8,6,0.06
2026-08-07-20-05,1,7.07,1,0.11
2026-08-07-20-05,2,7.02,2,0.29
2026-08-07-20-05,3,7.1,3,0.13
2026-08-07-20-05,4,7.05,4,0.06
2026-08-07-20-05,5,7.08,5,0.35
2026-08-07-20-05,6,7.08,6,0.12
2026-08-07-24-05,1,7.09,1,-0.02
2026-08-07-24-05,2,7.08,2,0.2
2026-08-07-24-05,3,7.11,3,0.35
2026-08-07-24-05,4,7.11,4,-0.12
2026-08-07-24-05,5,7.13,5,0.13
2026-08-07-24-05,6,7.1,6,0.22
2026-08-07-12-08,1,7.0,1,0.03
2026-08-07-12-08,2,6.91,2,0.09
2026-08-07-12-08,3,6.91,3,0.03
2026-08-07-12-08,4,6.98,4,0.06
2026-08-07-12-08,5,6.91,5,0.06
2026-08-07-12-08,6,7.02,6,0.09
2026-08-07-15-08,1,6.9,1,-0.04
2026-08-07-15-08,2,6.86,2,0.05
2026-08-07-15-08,3,6.98,3,0.07
2026-08-07-15-08,4,6.79,4,0.12
2026-08-07-15-08,5,6.89,5,0.26
2026-08-07-15-08,6,6.86,6,0.29
2026-08-07-19-07,1,6.92,1,0.13
2026-08-07-19-07,2,6.93,2,-0.03
2026-08-07-19-07,3,6.92,3,0.01
2026-08-07-19-07,4,7.01,4,0.24
2026-08-07-19-07,5,6.94,5,0.16
2026-08-07-19-07,6,6.84,6,0.11
2026-08-07-12-10,1,6.91,1,0.03
2026-08-07-12-10,2,6.97,2,0.03
2026-08-07-12-10,3,6.98,3,-0.04
2026-08-07-12-10,4,6.97,6,-0.18
2026-08-07-12-10,5,6.97,4,-0.07
2026-08-07-12-10,6,7.03,5,-0.07
2026-08-07-19-09,1,6.83,1,-0.07
2026-08-07-19-09,2,6.82,2,0.05
2026-08-07-19-09,3,6.87,3,0.19
2026-08-07-19-09,4,6.9,4,-0.02
2026-08-07-19-09,5,6.89,5,0.0
2026-08-07-19-09,6,6.88,6,-0.02
2026-08-07-19-11,1,6.8,1,0.11
2026-08-07-19-11,2,6.88,2,0.11
2026-08-07-19-11,3,6.9,3,0.23
2026-08-07-19-11,4,6.87,4,0.03
2026-08-07-19-11,5,6.94,5,0.13
2026-08-07-19-11,6,6.85,6,0.12
2026-08-07-20-11,1,6.99,1,0.07
2026-08-07-20-11,2,6.97,2,0.04
2026-08-07-20-11,3,7.03,3,-0.03
2026-08-07-20-11,4,7.05,4,-0.07
2026-08-07-20-11,5,7.08,6,0.26
2026-08-07-20-11,6,7.0,5,-0.06
2026-08-08-10-02,1,6.78,1,0.13
2026-08-08-10-02,2,6.72,2,0.19
2026-08-08-10-02,3,6.79,3,0.09
2026-08-08-10-02,4,6.86,6,0.23
2026-08-08-10-02,5,6.84,4,0.02
2026-08-08-10-02,6,6.83,5,-0.02
2026-08-08-14-02,1,,1,0.25
2026-08-08-14-02,2,,2,0.15
2026-08-08-14-02,3,,3,0.17
2026-08-08-14-02,4,,4,0.08
2026-08-08-14-02,5,,5,-0.05
2026-08-08-14-02,6,,6,0.3
2026-08-08-10-04,1,6.72,1,0.08
2026-08-08-10-04,2,6.85,2,0.05
2026-08-08-10-04,3,6.82,3,0.01
2026-08-08-10-04,4,6.84,4,-0.04
2026-08-08-10-04,5,6.73,5,0.06
2026-08-08-10-04,6,6.71,6,-0.21
2026-08-08-02-03,1,6.74,1,0.19
2026-08-08-02-03,2,6.78,2,0.05
2026-08-08-02-03,3,6.79,3,0.21
2026-08-08-02-03,4,6.8,4,0.13
2026-08-08-02-03,5,6.73,5,0.02
2026-08-08-02-03,6,6.75,6,0.33
2026-08-08-14-07,1,6.72,1,-0.01
2026-08-08-14-07,2,6.83,2,0.15
2026-08-08-14-07,3,6.88,3,-0.04
2026-08-08-14-07,4,6.84,4,0.01
2026-08-08-14-07,5,6.72,5,-0.04
2026-08-08-14-07,6,6.76,6,0.01
2026-08-08-18-03,1,6.98,1,0.06
2026-08-08-18-03,2,7.05,2,0.11
2026-08-08-18-03,3,7.01,3,0.07
2026-08-08-18-03,4,7.02,4,0.01
2026-08-08-18-03,5,7.02,5,0.01
2026-08-08-18-03,6,7.01,6,0.02
2026-08-08-05-04,1,6.81,1,0.31
2026-08-08-05-04,2,6.82,2,0.15
2026-08-08-05-04,3,6.85,3,0.13
2026-08-08-05-04,4,6.89,4,0.07
2026-08-08-05-04,5,6.81,6,0.05
2026-08-08-05-04,6,6.8,5,0.21
2026-08-08-09-06,1,6.99,1,0.23
2026-08-08-09-06,2,7.0,2,0.09
2026-08-08-09-06,3,6.87,3,0.0
2026-08-08-09-06,4,6.89,4,0.01
2026-08-08-09-06,5,6.9,6,0.08
2026-08-08-09-06,6,6.88,5,-0.04
2026-08-08-10-10,1,6.84,1,0.11
2026-08-08-10-10,2,6.92,2,0.16
2026-08-08-10-10,3,6.96,3,0.12
2026-08-08-10-10,4,6.94,4,-0.02
2026-08-08-10-10,5,6.92,5,-0.19
2026-08-08-10-10,6,6.98,6,-0.16
2026-08-08-17-05,1,6.73,1,0.22
2026-08-08-17-05,2,6.77,2,0.03
2026-08-08-17-05,3,6.75,3,0.06
2026-08-08-17-05,4,6.8,4,0.02
2026-08-08-17-05,5,6.77,5,0.12
2026-08-08-17-05,6,6.75,6,0.13
2026-08-08-04-05,1,6.73,1,0.01
2026-08-08-04-05,2,6.8,2,0.06
2026-08-08-04-05,3,6.68,3,-0.01
2026-08-08-04-05,4,6.81,4,0.15
2026-08-08-04-05,5,6.81,5,0.16
2026-08-08-04-05,6,6.79,6,0.14
2026-08-08-14-11,1,6.76,1,0.11
2026-08-08-14-11,2,6.76,2,0.15
2026-08-08-14-11,3,6.75,3,0.31
2026-08-08-14-11,4,6.76,4,0.06
2026-08-08-14-11,5,6.8,5,0.13
2026-08-08-14-11,6,6.79,6,0.1
2026-08-08-16-07,1,6.89,1,-0.21
2026-08-08-16-07,2,6.98,2,-0.18
2026-08-08-16-07,3,6.95,4,0.27
2026-08-08-16-07,4,6.99,5,-0.13
2026-08-08-16-07,5,7.0,6,-0.15
2026-08-08-16-07,6,6.99,3,-0.26
2026-08-08-05-07,1,6.76,1,-0.05
2026-08-08-05-07,2,6.75,2,-0.07
2026-08-08-05-07,3,6.87,3,0.16
2026-08-08-05-07,4,6.77,4,0.09
2026-08-08-05-07,5,6.73,5,0.04
2026-08-08-05-07,6,6.79,6,0.04
2026-08-08-09-09,1,6.95,1,0.13
2026-08-08-09-09,2,7.01,2,0.25
2026-08-08-09-09,3,7.0,3,0.2
2026-08-08-09-09,4,7.0,4,0.02
2026-08-08-09-09,5,6.98,5,0.14
2026-08-08-09-09,6,6.92,6,0.21
2026-08-08-05-08,1,6.84,1,0.1
2026-08-08-05-08,2,6.85,2,0.05
2026-08-08-05-08,3,6.81,3,-0.02
2026-08-08-05-08,4,6.85,4,-0.09
2026-08-08-05-08,5,6.83,5,0.17
2026-08-08-05-08,6,6.64,6,-0.14
2026-08-08-12-01,1,,,
2026-08-08-12-01,2,,,
2026-08-08-12-01,3,,,
2026-08-08-12-01,4,,,
2026-08-08-12-01,5,,,
2026-08-08-12-01,6,,,
2026-08-08-17-09,1,6.75,1,-0.06
2026-08-08-17-09,2,6.79,2,0.03
2026-08-08-17-09,3,6.77,3,-0.01
2026-08-08-17-09,4,6.77,4,0.08
2026-08-08-17-09,5,6.84,5,0.02
2026-08-08-17-09,6,6.81,6,0.03
2026-08-08-18-10,1,6.97,1,0.04
2026-08-08-18-10,2,6.96,2,-0.07
2026-08-08-18-10,3,6.96,3,-0.11
2026-08-08-18-10,4,6.95,4,-0.03
2026-08-08-18-10,5,7.01,5,0.04
2026-08-08-18-10,6,7.01,6,0.2
2026-08-08-05-10,1,6.7,1,0.05
2026-08-08-05-10,2,6.7,2,0.05
2026-08-08-05-10,3,6.78,3,0.19
2026-08-08-05-10,4,6.76,4,0.11
2026-08-08-05-10,5,6.72,5,0.21
2026-08-08-05-10,6,6.74,6,0.06
2026-08-08-09-12,1,6.9,1,0.2
2026-08-08-09-12,2,6.88,2,0.25
2026-08-08-09-12,3,6.94,3,0.26
2026-08-08-09-12,4,7.04,4,0.22
2026-08-08-09-12,5,6.96,5,0.12
2026-08-08-09-12,6,6.99,6,0.16
2026-08-08-12-03,1,6.89,1,0.14
2026-08-08-12-03,2,6.85,2,0.3
2026-08-08-12-03,3,6.91,3,0.09
2026-08-08-12-03,4,6.9,4,0.07
2026-08-08-12-03,5,6.98,5,0.23
2026-08-08-12-03,6,6.93,6,0.18
2026-08-08-15-03,1,6.76,1,-0.02
2026-08-08-15-03,2,6.82,3,0.3
2026-08-08-15-03,3,6.79,4,0.1
2026-08-08-15-03,4,6.75,5,0.15
2026-08-08-15-03,5,6.74,2,0.02
2026-08-08-15-03,6,6.74,6,-0.12
2026-08-08-20-03,1,7.25,1,0.06
2026-08-08-20-03,2,7.05,2,-0.03
2026-08-08-20-03,3,7.11,3,0.15
2026-08-08-20-03,4,7.1,4,0.06
2026-08-08-20-03,5,7.09,5,0.06
2026-08-08-20-03,6,7.05,6,-0.01
2026-08-08-04-11,1,6.77,1,0.03
2026-08-08-04-11,2,6.68,2,0.09
2026-08-08-04-11,3,6.94,3,0.1
2026-08-08-04-11,4,6.92,4,0.02
2026-08-08-04-11,5,6.82,5,-0.01
2026-08-08-04-11,6,6.65,6,0.04
2026-08-08-12-05,1,6.92,1,0.21
2026-08-08-12-05,2,6.93,2,0.23
2026-08-08-12-05,3,6.98,3,0.2
2026-08-08-12-05,4,6.87,4,0.1
2026-08-08-12-05,5,6.91,5,0.16
2026-08-08-12-05,6,6.9,6,0.25
2026-08-08-15-05,1,6.78,1,-0.02
2026-08-08-15-05,2,6.76,2,0.01
2026-08-08-15-05,3,6.74,3,0.01
2026-08-08-15-05,4,6.81,4,-0.01
2026-08-08-15-05,5,6.81,5,0.11
2026-08-08-15-05,6,6.85,6,0.05
2026-08-08-24-05,1,7.0,1,0.02
2026-08-08-24-05,2,6.98,2,0.17
2026-08-08-24-05,3,7.04,4,0.07
2026-08-08-24-05,4,6.92,5,0.13
2026-08-08-24-05,5,7.03,3,-0.01
2026-08-08-24-05,6,7.01,6,0.02
2026-08-08-12-06,1,6.87,1,-0.01
2026-08-08-12-06,2,6.86,2,0.1
2026-08-08-12-06,3,6.94,3,-0.03
2026-08-08-12-06,4,6.92,4,0.06
2026-08-08-12-06,5,6.9,5,0.03
2026-08-08-12-06,6,6.88,6,0.02
2026-08-08-15-06,1,6.8,1,0.24
2026-08-08-15-06,2,6.79,2,0.23
2026-08-08-15-06,3,6.82,3,0.11
2026-08-08-15-06,4,6.75,4,0.13
2026-08-08-15-06,5,6.74,5,0.18
2026-08-08-15-06,6,6.82,6,0.22
2026-08-08-24-06,1,7.03,1,-0.01
2026-08-08-24-06,2,7.09,2,0.15
2026-08-08-24-06,3,7.01,3,0.03
2026-08-08-24-06,4,7.07,4,-0.01
2026-08-08-24-06,5,7.1,6,0.02
2026-08-08-24-06,6,6.96,5,-0.01
2026-08-08-12-08,1,6.94,1,-0.04
2026-08-08-12-08,2,6.93,2,0.08
2026-08-08-12-08,3,6.91,3,0.09
2026-08-08-12-08,4,6.91,4,0.01
2026-08-08-12-08,5,6.88,5,-0.02
2026-08-08-12-08,6,6.97,6,0.01
2026-08-08-19-07,1,6.88,1,0.05
2026-08-08-19-07,2,6.86,2,0.08
2026-08-08-19-07,3,6.88,3,0.05
2026-08-08-19-07,4,6.88,4,0.02
2026-08-08-19-07,5,6.84,5,0.0
2026-08-08-19-07,6,6.75,6,-0.02
2026-08-08-20-07,1,6.98,1,0.07
2026-08-08-20-07,2,7.02,2,-0.05
2026-08-08-20-07,3,7.02,3,-0.07
2026-08-08-20-07,4,7.06,6,0.02
2026-08-08-20-07,5,7.08,4,0.32
2026-08-08-20-07,6,7.08,5,0.04
2026-08-08-15-09,1,6.75,1,0.27
2026-08-08-15-09,2,6.79,2,-0.02
2026-08-08-15-09,3,6.81,3,0.11
2026-08-08-15-09,4,6.85,4,0.22
2026-08-08-15-09,5,6.79,5,0.09
2026-08-08-15-09,6,6.76,6,-0.14
2026-08-08-24-09,1,6.98,1,-0.03
2026-08-08-24-09,2,6.99,2,0.0
2026-08-08-24-09,3,7.05,3,0.21
2026-08-08-24-09,4,6.95,4,0.03
2026-08-08-24-09,5,6.97,5,0.07
2026-08-08-24-09,6,7.0,6,0.14
2026-08-08-12-10,1,6.9,1,0.11
2026-08-08-12-10,2,6.91,2,0.08
2026-08-08-12-10,3,6.96,3,-0.01
2026-08-08-12-10,4,7.04,4,0.01
2026-08-08-12-10,5,6.86,5,0.15
2026-08-08-12-10,6,6.94,6,0.06
2026-08-08-15-10,1,6.78,1,0.11
2026-08-08-15-10,2,6.74,2,0.09
2026-08-08-15-10,3,6.71,3,0.02
2026-08-08-15-10,4,6.83,4,0.07
2026-08-08-15-10,5,6.8,5,0.18
2026-08-08-15-10,6,6.81,6,0.24
2026-08-08-12-11,1,6.92,1,0.06
2026-08-08-12-11,2,6.91,2,-0.05
2026-08-08-12-11,3,6.92,3,-0.03
2026-08-08-12-11,4,6.88,4,0.04
2026-08-08-12-11,5,6.94,5,0.02
2026-08-08-12-11,6,6.91,6,0.08
2026-08-08-15-11,1,6.88,1,-0.14
2026-08-08-15-11,2,6.98,2,-0.21
2026-08-08-15-11,3,6.79,3,-0.19
2026-08-08-15-11,4,6.88,4,-0.08
2026-08-08-15-11,5,6.85,5,0.05
2026-08-08-15-11,6,6.82,6,0.11
2026-08-08-12-12,1,6.89,1,0.17
2026-08-08-12-12,2,6.97,2,0.16
2026-08-08-12-12,3,6.94,3,0.11
2026-08-08-12-12,4,6.96,4,0.08
2026-08-08-12-12,5,6.97,5,-0.02
2026-08-08-12-12,6,6.95,6,0.03
2026-08-09-23-01,1,6.79,1,0.12
2026-08-09-23-01,2,6.81,2,0.08
2026-08-09-23-01,3,6.89,3,0.07
2026-08-09-23-01,4,6.83,4,0.16
2026-08-09-23-01,5,6.84,5,0.1
2026-08-09-23-01,6,6.66,6,0.13
2026-08-09-10-02,1,6.62,1,0.08
2026-08-09-10-02,2,6.98,2,0.09
2026-08-09-10-02,3,6.82,3,0.08
2026-08-09-10-02,4,6.93,4,-0.04
2026-08-09-10-02,5,6.85,5,-0.03
2026-08-09-10-02,6,6.85,6,0.03
2026-08-09-23-02,1,6.72,1,0.17
2026-08-09-23-02,2,6.8,2,0.07
2026-08-09-23-02,3,6.81,3,0.1
2026-08-09-23-02,4,6.83,4,0.2
2026-08-09-23-02,5,6.81,5,0.06
2026-08-09-23-02,6,6.85,6,0.04
2026-08-09-05-01,1,6.84,1,0.01
2026-08-09-05-01,2,6.7,2,0.05
2026-08-09-05-01,3,6.75,3,0.11
2026-08-09-05-01,4,6.84,4,0.09
2026-08-09-05-01,5,6.76,5,-0.02
2026-08-09-05-01,6,6.77,6,0.01
2026-08-09-13-03,1,6.78,1,0.11
2026-08-09-13-03,2,6.82,2,0.05
2026-08-09-13-03,3,6.81,3,0.04
2026-08-09-13-03,4,6.83,4,0.03
2026-08-09-13-03,5,6.79,5,0.01
2026-08-09-13-03,6,6.78,6,0.02
2026-08-09-14-07,1,6.74,1,0.01
2026-08-09-14-07,2,6.76,2,0.07
2026-08-09-14-07,3,6.88,3,0.11
2026-08-09-14-07,4,6.86,4,0.07
2026-08-09-14-07,5,6.82,5,0.18
2026-08-09-14-07,6,6.82,6,0.13
2026-08-09-18-03,1,6.92,1,0.3
2026-08-09-18-03,2,6.94,2,0.19
2026-08-09-18-03,3,6.93,3,0.04
2026-08-09-18-03,4,6.91,4,0.03
2026-08-09-18-03,5,6.91,5,0.27
2026-08-09-18-03,6,6.9,6,0.01
2026-08-09-03-05,1,6.9,1,-0.01
2026-08-09-03-05,2,6.79,2,0.17
2026-08-09-03-05,3,6.88,3,-0.04
2026-08-09-03-05,4,6.87,4,-0.03
2026-08-09-03-05,5,7.08,5,0.14
2026-08-09-03-05,6,7.02,6,0.13
2026-08-09-05-04,1,6.71,1,0.1
2026-08-09-05-04,2,6.78,2,0.09
2026-08-09-05-04,3,6.7,3,0.06
2026-08-09-05-04,4,6.73,4,0.05
2026-08-09-05-04,5,6.71,5,0.06
2026-08-09-05-04,6,6.8,6,0.04
2026-08-09-09-06,1,6.82,1,0.08
2026-08-09-09-06,2,6.95,2,0.42
2026-08-09-09-06,3,6.82,3,0.16
2026-08-09-09-06,4,6.83,4,0.0
2026-08-09-09-06,5,6.82,5,0.12
2026-08-09-09-06,6,6.89,6,0.02
2026-08-09-14-10,1,6.8,1,0.08
2026-08-09-14-10,2,6.84,2,-0.01
2026-08-09-14-10,3,6.84,3,-0.03
2026-08-09-14-10,4,6.81,4,0.02
2026-08-09-14-10,5,6.82,5,0.03
2026-08-09-14-10,6,6.77,6,0.04
2026-08-09-18-06,1,7.02,1,0.11
2026-08-09-18-06,2,6.91,2,0.17
2026-08-09-18-06,3,6.97,3,0.18
2026-08-09-18-06,4,6.92,4,0.11
2026-08-09-18-06,5,6.94,5,0.06
2026-08-09-18-06,6,6.92,6,0.11
2026-08-09-05-06,1,6.74,1,0.07
2026-08-09-05-06,2,6.77,2,0.14
2026-08-09-05-06,3,6.79,4,0.13
2026-08-09-05-06,4,6.76,3,0.15
2026-08-09-05-06,5,6.81,5,0.03
2026-08-09-05-06,6,6.81,6,0.01
2026-08-09-09-08,1,6.81,1,-0.04
2026-08-09-09-08,2,6.84,2,0.13
2026-08-09-09-08,3,6.83,3,0.0
2026-08-09-09-08,4,6.86,4,-0.06
2026-08-09-09-08,5,6.91,5,0.06
2026-08-09-09-08,6,6.83,6,0.03
2026-08-09-10-12,1,6.85,1,0.12
2026-08-09-10-12,2,6.83,2,0.05
2026-08-09-10-12,3,6.83,3,0.06
2026-08-09-10-12,4,6.79,4,-0.02
2026-08-09-10-12,5,6.87,5,-0.04
2026-08-09-10-12,6,6.91,6,-0.02
2026-08-09-13-08,1,6.81,1,0.21
2026-08-09-13-08,2,6.8,2,0.09
2026-08-09-13-08,3,6.8,3,0.13
2026-08-09-13-08,4,6.76,4,0.04
2026-08-09-13-08,5,6.81,5,0.08
2026-08-09-13-08,6,6.91,6,0.16
2026-08-09-16-07,1,6.9,1,-0.01
2026-08-09-16-07,2,6.95,2,0.06
2026-08-09-16-07,3,6.94,3,0.05
2026-08-09-16-07,4,7.06,4,0.23
2026-08-09-16-07,5,7.02,5,0.24
2026-08-09-16-07,6,7.0,6,0.22
2026-08-09-02-09,1,6.84,1,0.09
2026-08-09-02-09,2,6.79,2,0.21
2026-08-09-02-09,3,6.86,3,0.27
2026-08-09-02-09,4,6.71,4,0.11
2026-08-09-02-09,5,6.81,5,0.13
2026-08-09-02-09,6,6.78,6,0.33
2026-08-09-03-09,1,6.87,1,0.18
2026-08-09-03-09,2,6.89,2,0.11
2026-08-09-03-09,3,6.93,3,0.15
2026-08-09-03-09,4,6.81,4,0.37
2026-08-09-03-09,5,6.85,5,0.2
2026-08-09-03-09,6,7.0,6,0.18
2026-08-09-18-09,1,6.95,1,0.05
2026-08-09-18-09,2,6.96,2,0.04
2026-08-09-18-09,3,6.92,3,0.11
2026-08-09-18-09,4,6.93,4,0.22
2026-08-09-18-09,5,6.95,5,-0.03
2026-08-09-18-09,6,6.93,6,0.03
2026-08-09-05-09,1,6.81,1,0.03
2026-08-09-05-09,2,6.8,2,0.13
2026-08-09-05-09,3,6.77,3,0.1
2026-08-09-05-09,4,6.73,4,0.21
2026-08-09-05-09,5,6.81,5,0.11
2026-08-09-05-09,6,6.79,6,0.24
2026-08-09-09-11,1,6.88,1,0.05
2026-08-09-09-11,2,6.82,2,0.15
2026-08-09-09-11,3,6.81,3,0.03
2026-08-09-09-11,4,6.87,4,0.1
2026-08-09-09-11,5,6.91,6,0.03
2026-08-09-09-11,6,6.92,5,0.03
2026-08-09-12-02,1,,,
2026-08-09-12-02,2,,,
2026-08-09-12-02,3,,,
2026-08-09-12-02,4,,,
2026-08-09-12-02,5,,,
2026-08-09-12-02,6,,,
2026-08-09-13-11,1,6.82,1,0.02
2026-08-09-13-11,2,6.82,2,0.22
2026-08-09-13-11,3,6.84,3,0.13
2026-08-09-13-11,4,6.82,4,0.01
2026-08-09-13-11,5,6.8,5,0.07
2026-08-09-13-11,6,6.8,6,0.14
2026-08-09-16-10,1,6.9,1,0.11
2026-08-09-16-10,2,6.8,2,0.09
2026-08-09-16-10,3,6.82,3,0.3
2026-08-09-16-10,4,6.9,4,0.14
2026-08-09-16-10,5,6.87,5,0.22
2026-08-09-16-10,6,6.94,6,0.17
2026-08-09-20-01,1,6.99,1,0.06
2026-08-09-20-01,2,6.99,2,0.26
2026-08-09-20-01,3,7.1,3,0.04
2026-08-09-20-01,4,7.04,4,0.06
2026-08-09-20-01,5,6.97,5,0.06
2026-08-09-20-01,6,6.99,6,0.03
2026-08-09-15-04,1,6.8,1,0.16
2026-08-09-15-04,2,6.84,2,0.14
2026-08-09-15-04,3,6.8,3,0.02
2026-08-09-15-04,4,6.74,4,-0.09
2026-08-09-15-04,5,6.85,5,-0.08
2026-08-09-15-04,6,6.8,6,0.01
2026-08-09-18-12,1,6.93,1,0.25
2026-08-09-18-12,2,6.96,2,0.19
2026-08-09-18-12,3,6.97,3,0.24
2026-08-09-18-12,4,6.9,4,0.15
2026-08-09-18-12,5,6.98,5,0.48
2026-08-09-18-12,6,6.95,6,0.15
2026-08-09-20-05,1,,,
2026-08-09-20-05,2,,,
2026-08-09-20-05,3,,,
2026-08-09-20-05,4,,,
2026-08-09-20-05,5,,,
2026-08-09-20-05,6,,,
2026-08-09-24-05,1,6.9,1,0.09
2026-08-09-24-05,2,6.93,3,-0.03
2026-08-09-24-05,3,6.94,2,0.07
2026-08-09-24-05,4,6.92,4,0.08
2026-08-09-24-05,5,6.91,5,-0.04
2026-08-09-24-05,6,6.86,6,0.02
2026-08-09-15-07,1,6.8,1,0.03
2026-08-09-15-07,2,6.76,2,-0.01
2026-08-09-15-07,3,6.8,3,0.03
2026-08-09-15-07,4,6.79,4,-0.11
2026-08-09-15-07,5,6.74,5,-0.21
2026-08-09-15-07,6,6.71,6,-0.08
2026-08-09-24-07,1,6.98,1,0.04
2026-08-09-24-07,2,6.91,2,-0.06
2026-08-09-24-07,3,6.97,3,-0.14
2026-08-09-24-07,4,6.95,4,0.02
2026-08-09-24-07,5,,,
2026-08-09-24-07,6,6.96,5,0.14
2026-08-09-15-08,1,6.73,1,0.08
2026-08-09-15-08,2,6.81,2,0.12
2026-08-09-15-08,3,6.77,3,0.11
2026-08-09-15-08,4,6.75,4,0.04
2026-08-09-15-08,5,6.84,5,0.12
2026-08-09-15-08,6,6.82,6,0.03
2026-08-09-24-08,1,6.92,1,0.09
2026-08-09-24-08,2,6.92,2,0.19
2026-08-09-24-08,3,6.95,3,0.09
2026-08-09-24-08,4,6.96,4,0.29
2026-08-09-24-08,5,6.93,6,0.16
2026-08-09-24-08,6,6.84,5,0.02
2026-08-09-20-09,1,7.0,1,-0.03
2026-08-09-20-09,2,7.0,2,0.21
2026-08-09-20-09,3,6.98,3,0.0
2026-08-09-20-09,4,6.97,4,-0.05
2026-08-09-20-09,5,6.97,6,0.07
2026-08-09-20-09,6,7.03,5,0.06
2026-08-09-24-09,1,6.9,1,0.06
2026-08-09-24-09,2,6.96,2,0.07
2026-08-09-24-09,3,6.93,3,0.18
2026-08-09-24-09,4,6.9,4,-0.02
2026-08-09-24-09,5,6.97,5,-0.03
2026-08-09-24-09,6,6.92,6,-0.08
2026-08-09-12-11,1,6.96,1,0.13
2026-08-09-12-11,2,6.94,2,0.04
2026-08-09-12-11,3,7.0,3,-0.07
2026-08-09-12-11,4,6.91,4,-0.03
2026-08-09-12-11,5,6.92,5,-0.03
2026-08-09-12-11,6,6.92,6,0.23
2026-08-10-23-01,1,6.67,1,-0.03
2026-08-10-23-01,2,6.67,2,0.03
2026-08-10-23-01,3,6.71,3,0.23
2026-08-10-23-01,4,6.77,4,0.11
2026-08-10-23-01,5,6.74,5,0.09
2026-08-10-23-01,6,6.8,6,0.04
2026-08-10-21-02,1,6.73,1,0.0
2026-08-10-21-02,2,6.87,2,0.02
2026-08-10-21-02,3,6.8,3,-0.01
2026-08-10-21-02,4,6.84,4,0.11
2026-08-10-21-02,5,6.8,5,0.13
2026-08-10-21-02,6,6.82,6,0.19
2026-08-10-21-04,1,6.75,1,-0.09
2026-08-10-21-04,2,6.77,2,0.23
2026-08-10-21-04,3,6.72,3,-0.04
2026-08-10-21-04,4,6.75,4,0.1
2026-08-10-21-04,5,6.8,5,0.01
2026-08-10-21-04,6,6.79,6,0.1
2026-08-10-23-03,1,6.7,1,0.1
2026-08-10-23-03,2,6.76,2,0.25
2026-08-10-23-03,3,6.72,3,0.06
2026-08-10-23-03,4,6.76,4,0.16
2026-08-10-23-03,5,6.8,5,0.03
2026-08-10-23-03,6,6.76,6,-0.01
2026-08-10-03-03,1,6.8,1,0.15
2026-08-10-03-03,2,6.81,2,0.18
2026-08-10-03-03,3,6.82,3,0.22
2026-08-10-03-03,4,6.82,4,0.31
2026-08-10-03-03,5,6.88,5,0.33
2026-08-10-03-03,6,6.85,6,0.31
2026-08-10-05-02,1,6.67,1,0.02
2026-08-10-05-02,2,6.68,2,0.07
2026-08-10-05-02,3,6.71,3,0.17
2026-08-10-05-02,4,6.74,4,0.19
2026-08-10-05-02,5,6.78,5,0.18
2026-08-10-05-02,6,6.68,6,0.04
2026-08-10-08-04,1,6.74,1,-0.05
2026-08-10-08-04,2,6.72,2,-0.02
2026-08-10-08-04,3,6.76,3,-0.01
2026-08-10-08-04,4,6.74,6,0.09
2026-08-10-08-04,5,6.8,4,0.12
2026-08-10-08-04,6,6.76,5,0.11
2026-08-10-14-08,1,6.85,1,0.08
2026-08-10-14-08,2,6.91,2,0.03
2026-08-10-14-08,3,6.97,3,-0.08
2026-08-10-14-08,4,6.89,4,-0.08
2026-08-10-14-08,5,6.95,5,-0.03
2026-08-10-14-08,6,6.87,6,0.14
2026-08-10-16-03,1,6.84,1,0.27
2026-08-10-16-03,2,6.94,2,0.2
2026-08-10-16-03,3,6.9,3,0.17
2026-08-10-16-03,4,6.88,4,0.07
2026-08-10-16-03,5,6.9,5,0.4
2026-08-10-16-03,6,6.82,6,0.24
2026-08-10-18-04,1,6.92,1,0.36
2026-08-10-18-04,2,6.99,2,0.22
2026-08-10-18-04,3,6.99,3,-0.1
2026-08-10-18-04,4,6.95,4,-0.01
2026-08-10-18-04,5,6.96,5,-0.01
2026-08-10-18-04,6,6.99,6,-0.02
2026-08-10-03-06,1,6.8,1,0.23
2026-08-10-03-06,2,6.78,2,0.18
2026-08-10-03-06,3,6.72,3,0.78
2026-08-10-03-06,4,6.85,4,0.26
2026-08-10-03-06,5,6.87,5,0.15
2026-08-10-03-06,6,6.85,6,0.18
2026-08-10-05-05,1,6.87,1,0.17
2026-08-10-05-05,2,6.79,2,0.06
2026-08-10-05-05,3,6.83,3,0.05
2026-08-10-05-05,4,6.84,4,0.07
2026-08-10-05-05,5,6.87,5,0.06
2026-08-10-05-05,6,6.84,6,-0.01
2026-08-10-09-07,1,6.9,1,0.14
2026-08-10-09-07,2,6.9,2,0.17
2026-08-10-09-07,3,6.88,3,0.08
2026-08-10-09-07,4,6.92,4,0.06
2026-08-10-09-07,5,6.8,5,0.14
2026-08-10-09-07,6,6.99,6,0.16
2026-08-10-13-07,1,6.91,1,0.21
2026-08-10-13-07,2,6.8,2,0.21
2026-08-10-13-07,3,6.9,3,0.04
2026-08-10-13-07,4,6.86,4,0.09
2026-08-10-13-07,5,6.93,6,-0.01
2026-08-10-13-07,6,6.9,5,0.26
2026-08-10-16-06,1,6.95,1,0.18
2026-08-10-16-06,2,6.84,2,-0.01
2026-08-10-16-06,3,6.93,3,0.16
2026-08-10-16-06,4,6.84,4,0.17
2026-08-10-16-06,5,6.81,5,0.43
2026-08-10-16-06,6,6.89,6,0.22
2026-08-10-21-11,1,6.75,1,-0.11
2026-08-10-21-11,2,6.79,2,0.0
2026-08-10-21-11,3,6.86,3,-0.01
2026-08-10-21-11,4,6.86,4,0.09
2026-08-10-21-11,5,6.81,5,0.1
2026-08-10-21-11,6,6.75,6,0.16
2026-08-10-03-09,1,6.87,1,-0.03
2026-08-10-03-09,2,6.89,2,0.19
2026-08-10-03-09,3,6.88,3,0.14
2026-08-10-03-09,4,6.93,4,0.23
2026-08-10-03-09,5,7.01,5,0.19
2026-08-10-03-09,6,6.92,6,0.08
2026-08-10-08-10,1,6.76,1,0.14
2026-08-10-08-10,2,6.8,2,0.09
2026-08-10-08-10,3,6.79,3,0.01
2026-08-10-08-10,4,6.75,4,0.28
2026-08-10-08-10,5,6.76,5,0.35
2026-08-10-08-10,6,6.76,6,0.26
2026-08-10-13-10,1,6.89,1,0.0
2026-08-10-13-10,2,6.92,2,0.03
2026-08-10-13-10,3,6.84,3,-0.01
2026-08-10-13-10,4,6.93,4,0.01
2026-08-10-13-10,5,6.97,5,0.11
2026-08-10-13-10,6,6.91,6,0.01
2026-08-10-16-09,1,6.87,1,0.23
2026-08-10-16-09,2,6.85,3,0.01
2026-08-10-16-09,3,6.85,4,0.03
2026-08-10-16-09,4,6.89,5,0.1
2026-08-10-16-09,5,6.96,2,-0.03
2026-08-10-16-09,6,6.85,6,0.22
2026-08-10-08-12,1,6.74,1,0.1
2026-08-10-08-12,2,6.75,2,0.29
2026-08-10-08-12,3,6.73,3,0.28
2026-08-10-08-12,4,6.77,4,0.25
2026-08-10-08-12,5,6.82,5,0.15
2026-08-10-08-12,6,6.73,6,0.09
2026-08-10-15-03,1,6.72,1,-0.08
2026-08-10-15-03,2,6.74,3,-0.02
2026-08-10-15-03,3,6.68,4,-0.09
2026-08-10-15-03,4,6.75,5,-0.03
2026-08-10-15-03,5,6.82,6,-0.01
2026-08-10-15-03,6,6.84,2,0.08
2026-08-10-16-11,1,7.04,1,0.03
2026-08-10-16-11,2,6.94,2,0.17
2026-08-10-16-11,3,7.01,3,-0.01
2026-08-10-16-11,4,6.92,4,0.01
2026-08-10-16-11,5,6.88,5,-0.01
2026-08-10-16-11,6,6.9,6,0.01
2026-08-10-24-03,1,6.97,1,-0.06
2026-08-10-24-03,2,6.97,2,0.05
2026-08-10-24-03,3,7.0,3,0.17
2026-08-10-24-03,4,7.01,4,0.01
2026-08-10-24-03,5,6.97,5,0.02
2026-08-10-24-03,6,6.89,6,0.17
2026-08-10-15-06,1,6.75,1,0.01
2026-08-10-15-06,2,6.76,2,-0.01
2026-08-10-15-06,3,6.95,3,0.05
2026-08-10-15-06,4,6.8,4,0.01
2026-08-10-15-06,5,6.92,5,0.08
2026-08-10-15-06,6,6.82,6,0.12
2026-08-10-24-06,1,7.0,1,0.04
2026-08-10-24-06,2,6.95,3,-0.01
2026-08-10-24-06,3,6.95,5,-0.09
2026-08-10-24-06,4,7.03,2,0.2
2026-08-10-24-06,5,7.09,4,0.13
2026-08-10-24-06,6,6.99,6,0.14
2026-08-10-24-09,1,6.95,1,0.07
2026-08-10-24-09,2,6.99,2,0.04
2026-08-10-24-09,3,6.99,3,0.01
2026-08-10-24-09,4,7.02,4,0.11
2026-08-10-24-09,5,6.93,5,0.34
2026-08-10-24-09,6,7.01,6,0.21
2026-08-10-15-11,1,6.75,1,0.09
2026-08-10-15-11,2,6.73,2,0.08
2026-08-10-15-11,3,6.76,3,0.08
2026-08-10-15-11,4,6.82,4,0.22
2026-08-10-15-11,5,6.79,5,0.09
2026-08-10-15-11,6,6.75,6,0.16
2026-08-10-24-11,1,6.89,1,0.06
2026-08-10-24-11,2,6.97,2,0.03
2026-08-10-24-11,3,6.98,3,0.05
2026-08-10-24-11,4,6.88,4,0.07
2026-08-10-24-11,5,6.97,5,0.08
2026-08-10-24-11,6,6.92,6,0.06
2026-08-10-20-12,1,6.91,1,0.09
2026-08-10-20-12,2,6.94,2,0.12
2026-08-10-20-12,3,6.95,3,0.27
2026-08-10-20-12,4,6.97,4,0.25
2026-08-10-20-12,5,6.87,5,0.01
2026-08-10-20-12,6,6.89,6,-0.12
2026-08-11-21-02,1,6.72,1,0.21
2026-08-11-21-02,2,6.74,2,0.21
2026-08-11-21-02,3,6.74,3,0.22
2026-08-11-21-02,4,6.73,4,0.16
2026-08-11-21-02,5,6.66,5,0.24
2026-08-11-21-02,6,6.79,6,0.09
2026-08-11-23-02,1,6.76,1,-0.04
2026-08-11-23-02,2,6.87,2,-0.07
2026-08-11-23-02,3,6.81,3,-0.05
2026-08-11-23-02,4,6.96,4,-0.02
2026-08-11-23-02,5,6.95,5,0.0
2026-08-11-23-02,6,6.84,6,0.06
2026-08-11-21-04,1,6.69,1,0.02
2026-08-11-21-04,2,6.71,2,0.07
2026-08-11-21-04,3,6.74,3,0.04
2026-08-11-21-04,4,6.71,4,0.06
2026-08-11-21-04,5,6.74,5,0.08
2026-08-11-21-04,6,6.74,6,0.15
2026-08-11-23-04,1,,,
2026-08-11-23-04,2,,,
2026-08-11-23-04,3,,,
2026-08-11-23-04,4,,,
2026-08-11-23-04,5,,,
2026-08-11-23-04,6,,,
2026-08-11-03-03,1,,,
2026-08-11-03-03,2,,,
2026-08-11-03-03,3,,,
2026-08-11-03-03,4,,,
2026-08-11-03-03,5,,,
2026-08-11-03-03,6,,,
2026-08-11-05-02,1,6.68,1,0.35
2026-08-11-05-02,2,6.77,2,0.15
2026-08-11-05-02,3,6.77,3,0.09
2026-08-11-05-02,4,6.72,4,0.04
2026-08-11-05-02,5,6.68,5,0.06
2026-08-11-05-02,6,6.72,6,-0.08
2026-08-11-06-02,1,6.73,1,0.03
2026-08-11-06-02,2,6.71,2,0.13
2026-08-11-06-02,3,6.81,4,0.08
2026-08-11-06-02,4,6.81,6,0.01
2026-08-11-06-02,5,6.84,3,0.07
2026-08-11-06-02,6,6.85,5,0.05
2026-08-11-08-04,1,6.66,1,0.08
2026-08-11-08-04,2,6.69,2,-0.01
2026-08-11-08-04,3,6.72,3,0.1
2026-08-11-08-04,4,6.77,4,0.2
2026-08-11-08-04,5,6.71,5,0.01
2026-08-11-08-04,6,6.67,6,-0.03
2026-08-11-18-04,1,6.94,1,0.01
2026-08-11-18-04,2,6.95,2,0.14
2026-08-11-18-04,3,6.97,3,0.06
2026-08-11-18-04,4,6.94,4,0.03
2026-08-11-18-04,5,6.87,5,0.13
2026-08-11-18-04,6,6.92,6,0.11
2026-08-11-04-04,1,6.81,1,0.08
2026-08-11-04-04,2,6.71,2,0.18
2026-08-11-04-04,3,6.79,3,0.25
2026-08-11-04-04,4,6.79,4,0.02
2026-08-11-04-04,5,6.75,5,0.0
2026-08-11-04-04,6,6.77,6,0.04
2026-08-11-13-07,1,6.77,1,-0.12
2026-08-11-13-07,2,6.69,2,0.04
2026-08-11-13-07,3,6.78,3,0.04
2026-08-11-13-07,4,6.83,4,-0.08
2026-08-11-13-07,5,6.83,5,-0.15
2026-08-11-13-07,6,6.8,6,-0.13
2026-08-11-16-06,1,6.84,1,0.05
2026-08-11-16-06,2,6.84,2,0.29
2026-08-11-16-06,3,6.85,3,0.2
2026-08-11-16-06,4,6.77,4,0.03
2026-08-11-16-06,5,6.84,5,0.1
2026-08-11-16-06,6,7.02,6,0.12
2026-08-11-23-10,1,7.01,1,0.19
2026-08-11-23-10,2,6.93,2,0.08
2026-08-11-23-10,3,6.93,3,-0.02
2026-08-11-23-10,4,6.94,4,-0.01
2026-08-11-23-10,5,6.91,5,0.01
2026-08-11-23-10,6,7.0,6,0.02
2026-08-11-03-08,1,,,
2026-08-11-03-08,2,,,
2026-08-11-03-08,3,,,
2026-08-11-03-08,4,,,
2026-08-11-03-08,5,,,
2026-08-11-03-08,6,,,
2026-08-11-04-06,1,6.86,1,0.06
2026-08-11-04-06,2,6.92,2,0.13
2026-08-11-04-06,3,6.9,3,0.26
2026-08-11-04-06,4,6.78,4,0.06
2026-08-11-04-06,5,6.85,6,0.08
2026-08-11-04-06,6,6.82,5,0.06
2026-08-11-06-07,1,6.84,1,0.02
2026-08-11-06-07,2,6.81,2,-0.03
2026-08-11-06-07,3,6.81,3,0.01
2026-08-11-06-07,4,6.85,4,0.19
2026-08-11-06-07,5,6.76,5,0.07
2026-08-11-06-07,6,6.76,6,0.1
2026-08-11-16-08,1,6.77,1,0.08
2026-08-11-16-08,2,6.84,2,-0.04
2026-08-11-16-08,3,6.82,3,-0.05
2026-08-11-16-08,4,6.79,4,0.29
2026-08-11-16-08,5,6.82,5,0.22
2026-08-11-16-08,6,6.9,6,0.16
2026-08-11-23-12,1,7.02,1,-0.15
2026-08-11-23-12,2,6.94,2,-0.13
2026-08-11-23-12,3,7.02,3,-0.04
2026-08-11-23-12,4,7.04,4,0.01
2026-08-11-23-12,5,6.99,5,0.12
2026-08-11-23-12,6,7.04,6,0.14
2026-08-11-01-01,1,6.9,1,0.01
2026-08-11-01-01,2,7.02,2,-0.05
2026-08-11-01-01,3,6.9,3,-0.02
2026-08-11-01-01,4,6.99,4,0.28
2026-08-11-01-01,5,6.99,5,0.05
2026-08-11-01-01,6,7.07,6,-0.06
2026-08-11-03-10,1,,,
2026-08-11-03-10,2,,,
2026-08-11-03-10,3,,,
2026-08-11-03-10,4,,,
2026-08-11-03-10,5,,,
2026-08-11-03-10,6,,,
2026-08-11-15-01,1,6.81,1,0.05
2026-08-11-15-01,2,6.8,2,0.21
2026-08-11-15-01,3,6.88,3,0.02
2026-08-11-15-01,4,6.81,4,0.04
2026-08-11-15-01,5,6.89,6,-0.02
2026-08-11-15-01,6,6.85,5,0.01
2026-08-11-18-10,1,6.91,1,0.13
2026-08-11-18-10,2,6.86,2,0.1
2026-08-11-18-10,3,6.9,3,0.17
2026-08-11-18-10,4,6.93,4,0.04
2026-08-11-18-10,5,6.88,5,0.08
2026-08-11-18-10,6,6.9,6,0.03
2026-08-11-01-04,1,7.02,1,0.13
2026-08-11-01-04,2,7.05,2,0.19
2026-08-11-01-04,3,7.01,3,0.21
2026-08-11-01-04,4,7.14,4,0.06
2026-08-11-01-04,5,6.91,5,0.04
2026-08-11-01-04,6,7.02,6,-0.01
2026-08-11-04-10,1,6.88,1,0.09
2026-08-11-04-10,2,6.75,2,0.11
2026-08-11-04-10,3,6.84,3,0.21
2026-08-11-04-10,4,6.86,4,0.13
2026-08-11-04-10,5,6.86,5,0.15
2026-08-11-04-10,6,6.81,6,0.08
2026-08-11-06-11,1,6.82,1,0.05
2026-08-11-06-11,2,6.82,2,0.23
2026-08-11-06-11,3,6.81,3,0.04
2026-08-11-06-11,4,6.78,4,0.04
2026-08-11-06-11,5,6.87,5,0.26
2026-08-11-06-11,6,6.73,6,-0.05
2026-08-11-18-12,1,6.95,1,0.07
2026-08-11-18-12,2,6.9,2,0.02
2026-08-11-18-12,3,6.88,3,0.04
2026-08-11-18-12,4,6.97,4,0.18
2026-08-11-18-12,5,6.93,5,0.04
2026-08-11-18-12,6,6.93,6,0.16
2026-08-11-04-12,1,6.85,1,0.04
2026-08-11-04-12,2,6.88,2,0.1
2026-08-11-04-12,3,6.82,3,0.07
2026-08-11-04-12,4,6.84,4,0.06
2026-08-11-04-12,5,6.74,5,0.07
2026-08-11-04-12,6,6.92,6,0.21
2026-08-11-07-06,1,6.73,1,0.09
2026-08-11-07-06,2,6.77,3,-0.01
2026-08-11-07-06,3,6.72,4,0.19
2026-08-11-07-06,4,6.7,5,0.17
2026-08-11-07-06,5,6.85,6,0.21
2026-08-11-07-06,6,6.77,2,0.03
2026-08-11-19-01,1,7.0,1,0.11
2026-08-11-19-01,2,7.01,2,-0.11
2026-08-11-19-01,3,7.18,3,-0.11
2026-08-11-19-01,4,7.0,4,0.01
2026-08-11-19-01,5,7.08,5,0.01
2026-08-11-19-01,6,7.05,6,0.06
2026-08-11-07-08,1,6.59,1,0.17
2026-08-11-07-08,2,6.72,2,0.27
2026-08-11-07-08,3,6.74,3,0.15
2026-08-11-07-08,4,6.69,4,0.08
2026-08-11-07-08,5,6.68,5,0.11
2026-08-11-07-08,6,6.84,6,0.07
2026-08-11-19-03,1,6.99,1,0.21
2026-08-11-19-03,2,6.94,2,0.1
2026-08-11-19-03,3,6.94,3,0.15
2026-08-11-19-03,4,7.0,4,0.09
2026-08-11-19-03,5,6.93,5,0.27
2026-08-11-19-03,6,6.97,6,0.19
2026-08-11-20-08,1,7.03,1,0.06
2026-08-11-20-08,2,6.95,2,-0.03
2026-08-11-20-08,3,7.01,3,0.07
2026-08-11-20-08,4,6.95,4,0.08
2026-08-11-20-08,5,6.95,5,0.07
2026-08-11-20-08,6,6.95,6,0.09
2026-08-11-15-10,1,6.85,1,0.15
2026-08-11-15-10,2,6.8,3,-0.02
2026-08-11-15-10,3,6.81,4,0.09
2026-08-11-15-10,4,6.76,5,0.16
2026-08-11-15-10,5,6.93,6,0.25
2026-08-11-15-10,6,6.88,2,0.35
2026-08-11-19-05,1,6.95,1,0.18
2026-08-11-19-05,2,6.99,2,0.17
2026-08-11-19-05,3,7.01,3,0.06
2026-08-11-19-05,4,6.91,4,0.39
2026-08-11-19-05,5,7.01,5,0.11
2026-08-11-19-05,6,7.06,6,0.07
2026-08-11-19-07,1,6.95,1,0.07
2026-08-11-19-07,2,6.91,2,0.28
2026-08-11-19-07,3,6.96,3,0.07
2026-08-11-19-07,4,6.98,4,-0.03
2026-08-11-19-07,5,6.98,5,0.09
2026-08-11-19-07,6,6.95,6,0.13
2026-08-11-20-11,1,6.98,1,0.05
2026-08-11-20-11,2,7.12,2,0.14
2026-08-11-20-11,3,6.97,3,0.16
2026-08-11-20-11,4,7.03,4,0.1
2026-08-11-20-11,5,7.01,5,0.21
2026-08-11-20-11,6,7.08,6,0.34
2026-08-12-21-02,1,6.74,1,0.23
2026-08-12-21-02,2,6.73,2,0.12
2026-08-12-21-02,3,6.74,3,0.2
2026-08-12-21-02,4,6.74,4,0.1
2026-08-12-21-02,5,6.75,5,0.16
2026-08-12-21-02,6,6.75,6,0.37
2026-08-12-23-02,1,,,
2026-08-12-23-02,2,,,
2026-08-12-23-02,3,,,
2026-08-12-23-02,4,,,
2026-08-12-23-02,5,,,
2026-08-12-23-02,6,,,
2026-08-12-02-03,1,6.68,1,0.02
2026-08-12-02-03,2,6.76,2,0.11
2026-08-12-02-03,3,6.75,3,0.12
2026-08-12-02-03,4,6.72,4,0.21
2026-08-12-02-03,5,6.75,5,0.29
2026-08-12-02-03,6,6.72,6,-0.01
2026-08-12-03-02,1,6.83,1,-0.07
2026-08-12-03-02,2,6.78,2,-0.12
2026-08-12-03-02,3,6.81,3,-0.02
2026-08-12-03-02,4,6.86,4,0.04
2026-08-12-03-02,5,6.77,5,-0.02
2026-08-12-03-02,6,6.9,6,0.29
2026-08-12-13-04,1,6.87,1,0.05
2026-08-12-13-04,2,6.89,2,0.12
2026-08-12-13-04,3,6.8,3,-0.04
2026-08-12-13-04,4,6.83,4,0.0
2026-08-12-13-04,5,6.87,6,0.21
2026-08-12-13-04,6,6.71,5,-0.18
2026-08-12-16-03,1,6.74,1,0.18
2026-08-12-16-03,2,6.87,3,-0.03
2026-08-12-16-03,3,6.85,4,-0.12
2026-08-12-16-03,4,6.94,5,-0.08
2026-08-12-16-03,5,6.87,6,-0.13
2026-08-12-16-03,6,6.94,2,-0.01
2026-08-12-21-08,1,6.75,1,0.05
2026-08-12-21-08,2,6.75,2,-0.03
2026-08-12-21-08,3,6.82,3,-0.03
2026-08-12-21-08,4,6.73,4,-0.01
2026-08-12-21-08,5,6.79,5,0.07
2026-08-12-21-08,6,6.78,6,0.15
2026-08-12-03-06,1,6.94,1,0.06
2026-08-12-03-06,2,6.78,2,0.05
2026-08-12-03-06,3,6.94,3,0.17
2026-08-12-03-06,4,6.95,4,0.19
2026-08-12-03-06,5,6.84,5,0.14
2026-08-12-03-06,6,6.86,6,0.12
2026-08-12-06-05,1,6.79,1,0.08
2026-08-12-06-05,2,6.83,2,0.09
2026-08-12-06-05,3,6.79,3,0.06
2026-08-12-06-05,4,6.73,4,0.13
2026-08-12-06-05,5,6.76,5,-0.02
2026-08-12-06-05,6,6.78,6,-0.02
2026-08-12-08-07,1,6.87,1,0.15
2026-08-12-08-07,2,6.84,2,0.09
2026-08-12-08-07,3,6.79,3,0.09
2026-08-12-08-07,4,6.79,4,0.07
2026-08-12-08-07,5,6.88,6,0.12
2026-08-12-08-07,6,6.84,5,0.09
2026-08-12-16-06,1,6.85,1,0.07
2026-08-12-16-06,2,6.85,2,0.08
2026-08-12-16-06,3,6.83,3,0.03
2026-08-12-16-06,4,6.9,4,0.05
2026-08-12-16-06,5,6.86,5,0.06
2026-08-12-16-06,6,6.84,6,0.04
2026-08-12-04-07,1,6.81,1,0.24
2026-08-12-04-07,2,6.8,2,0.19
2026-08-12-04-07,3,6.77,3,0.15
2026-08-12-04-07,4,6.65,4,-0.01
2026-08-12-04-07,5,6.94,5,-0.1
2026-08-12-04-07,6,6.83,6,0.01
2026-08-12-06-08,1,6.68,1,0.17
2026-08-12-06-08,2,6.73,2,0.16
2026-08-12-06-08,3,6.78,3,0.07
2026-08-12-06-08,4,6.83,4,0.08
2026-08-12-06-08,5,6.71,5,0.14
2026-08-12-06-08,6,6.8,6,0.13
2026-08-12-08-10,1,6.77,1,0.11
2026-08-12-08-10,2,6.82,2,0.1
2026-08-12-08-10,3,6.8,3,0.16
2026-08-12-08-10,4,6.81,4,-0.01
2026-08-12-08-10,5,6.78,5,0.06
2026-08-12-08-10,6,6.79,6,0.25
2026-08-12-01-03,1,6.85,1,0.02
2026-08-12-01-03,2,6.84,2,0.01
2026-08-12-01-03,3,6.88,3,0.07
2026-08-12-01-03,4,6.79,4,0.27
2026-08-12-01-03,5,6.75,5,0.03
2026-08-12-01-03,6,6.89,6,-0.02
2026-08-12-04-09,1,6.79,1,0.01
2026-08-12-04-09,2,6.76,2,-0.09
2026-08-12-04-09,3,6.89,3,0.13
2026-08-12-04-09,4,6.85,4,0.05
2026-08-12-04-09,5,6.88,5,0.16
2026-08-12-04-09,6,6.78,6,0.05
2026-08-12-07-03,1,6.68,1,0.08
2026-08-12-07-03,2,6.83,2,0.07
2026-08-12-07-03,3,6.75,3,0.28
2026-08-12-07-03,4,6.85,5,0.17
2026-08-12-07-03,5,6.74,6,0.02
2026-08-12-07-03,6,6.68,4,0.03
2026-08-12-16-11,1,6.81,1,0.05
2026-08-12-16-11,2,6.8,2,0.14
2026-08-12-16-11,3,6.85,3,0.21
2026-08-12-16-11,4,6.85,4,0.08
2026-08-12-16-11,5,6.91,5,0.13
2026-08-12-16-11,6,6.84,6,0.13
2026-08-12-22-09,1,7.01,1,-0.05
2026-08-12-22-09,2,6.97,2,0.09
2026-08-12-22-09,3,6.96,3,0.1
2026-08-12-22-09,4,6.93,4,0.0
2026-08-12-22-09,5,6.94,5,0.09
2026-08-12-22-09,6,7.05,6,0.13
2026-08-12-24-03,1,6.98,1,0.15
2026-08-12-24-03,2,7.04,2,0.03
2026-08-12-24-03,3,6.98,3,0.14
2026-08-12-24-03,4,6.97,4,-0.01
2026-08-12-24-03,5,7.05,5,0.08
2026-08-12-24-03,6,7.04,6,0.18
2026-08-12-07-06,1,6.75,1,0.13
2026-08-12-07-06,2,6.76,2,0.23
2026-08-12-07-06,3,6.85,3,0.17
2026-08-12-07-06,4,6.7,4,0.07
2026-08-12-07-06,5,6.68,5,0.13
2026-08-12-07-06,6,6.82,6,0.21
2026-08-12-19-01,1,6.96,1,0.13
2026-08-12-19-01,2,7.01,2,0.19
2026-08-12-19-01,3,6.97,3,0.12
2026-08-12-19-01,4,6.94,4,0.22
2026-08-12-19-01,5,6.95,5,-0.01
2026-08-12-19-01,6,6.94,6,0.06
2026-08-12-24-06,1,6.96,1,0.17
2026-08-12-24-06,2,6.94,2,0.05
2026-08-12-24-06,3,6.99,3,0.19
2026-08-12-24-06,4,7.01,4,-0.1
2026-08-12-24-06,5,6.93,5,-0.09
2026-08-12-24-06,6,7.01,6,-0.05
2026-08-12-20-08,1,6.88,1,0.12
2026-08-12-20-08,2,6.95,2,0.23
2026-08-12-20-08,3,6.92,3,0.04
2026-08-12-20-08,4,6.93,4,0.11
2026-08-12-20-08,5,6.89,5,0.06
2026-08-12-20-08,6,6.91,6,0.09
2026-08-12-24-08,1,6.96,1,0.2
2026-08-12-24-08,2,6.98,2,0.22
2026-08-12-24-08,3,6.96,3,-0.01
2026-08-12-24-08,4,6.98,4,-0.02
2026-08-12-24-08,5,6.94,5,0.1
2026-08-12-24-08,6,6.89,6,0.0
2026-08-12-20-10,1,6.87,1,0.04
2026-08-12-20-10,2,6.99,2,0.14
2026-08-12-20-10,3,6.95,3,0.17
2026-08-12-20-10,4,6.92,4,0.03
2026-08-12-20-10,5,6.91,5,-0.06
2026-08-12-20-10,6,6.87,6,0.09
2026-08-12-01-12,1,6.7,1,-0.05
2026-08-12-01-12,2,6.72,2,0.03
2026-08-12-01-12,3,6.74,3,0.02
2026-08-12-01-12,4,6.81,5,-0.01
2026-08-12-01-12,5,6.67,4,0.01
2026-08-12-01-12,6,6.71,6,0.01
2026-08-12-07-12,1,6.88,1,0.0
2026-08-12-07-12,2,6.79,2,-0.01
2026-08-12-07-12,3,6.87,3,0.01
2026-08-12-07-12,4,6.87,4,0.19
2026-08-12-07-12,5,6.87,5,0.06
2026-08-12-07-12,6,6.78,6,0.06
2026-08-12-24-12,1,7.03,1,0.2
2026-08-12-24-12,2,6.96,2,-0.08
2026-08-12-24-12,3,6.96,3,-0.01
2026-08-12-24-12,4,7.02,4,0.01
2026-08-12-24-12,5,7.02,5,0.08
2026-08-12-24-12,6,7.0,6,0.01
2026-08-12-19-09,1,,,
2026-08-12-19-09,2,,,
2026-08-12-19-09,3,,,
2026-08-12-19-09,4,,,
2026-08-12-19-09,5,,,
2026-08-12-19-09,6,,,
2026-08-13-21-02,1,6.81,1,0.15
2026-08-13-21-02,2,6.85,2,-0.01
2026-08-13-21-02,3,6.82,3,0.01
2026-08-13-21-02,4,6.84,4,0.03
2026-08-13-21-02,5,6.8,5,0.11
2026-08-13-21-02,6,6.92,6,0.1
2026-08-13-23-02,1,6.78,1,0.01
2026-08-13-23-02,2,6.78,2,0.04
2026-08-13-23-02,3,6.81,3,0.17
2026-08-13-23-02,4,6.78,4,0.08
2026-08-13-23-02,5,6.81,5,-0.06
2026-08-13-23-02,6,6.79,6,0.11
2026-08-13-02-03,1,6.74,1,-0.1
2026-08-13-02-03,2,6.75,2,0.05
2026-08-13-02-03,3,6.88,3,0.01
2026-08-13-02-03,4,6.79,4,0.08
2026-08-13-02-03,5,6.82,5,0.09
2026-08-13-02-03,6,6.83,6,0.09
2026-08-13-21-08,1,6.81,1,0.24
2026-08-13-21-08,2,6.8,2,0.08
2026-08-13-21-08,3,6.87,3,0.11
2026-08-13-21-08,4,6.77,4,0.1
2026-08-13-21-08,5,6.83,5,0.09
2026-08-13-21-08,6,6.82,6,0.09
2026-08-13-06-05,1,6.76,1,0.11
2026-08-13-06-05,2,6.71,2,0.13
2026-08-13-06-05,3,6.66,3,0.15
2026-08-13-06-05,4,6.69,4,0.15
2026-08-13-06-05,5,6.73,5,0.18
2026-08-13-06-05,6,6.74,6,0.2
2026-08-13-08-07,1,6.77,1,0.03
2026-08-13-08-07,2,6.81,2,0.01
2026-08-13-08-07,3,6.87,3,-0.1
2026-08-13-08-07,4,6.79,4,-0.01
2026-08-13-08-07,5,6.82,5,0.07
2026-08-13-08-07,6,6.81,6,0.07
2026-08-13-13-07,1,6.92,1,-0.01
2026-08-13-13-07,2,6.96,2,0.11
2026-08-13-13-07,3,7.0,3,-0.04
2026-08-13-13-07,4,7.04,4,0.09
2026-08-13-13-07,5,6.94,6,0.09
2026-08-13-13-07,6,6.93,5,0.04
2026-08-13-22-04,1,,,
2026-08-13-22-04,2,,,
2026-08-13-22-04,3,,,
2026-08-13-22-04,4,,,
2026-08-13-22-04,5,,,
2026-08-13-22-04,6,,,
2026-08-13-04-07,1,6.78,1,0.18
2026-08-13-04-07,2,6.67,2,-0.02
2026-08-13-04-07,3,6.73,3,0.06
2026-08-13-04-07,4,6.76,4,0.22
2026-08-13-04-07,5,6.77,5,0.06
2026-08-13-04-07,6,6.82,6,0.24
2026-08-13-06-08,1,6.69,1,0.16
2026-08-13-06-08,2,6.76,2,0.23
2026-08-13-06-08,3,6.74,3,0.17
2026-08-13-06-08,4,6.71,4,0.18
2026-08-13-06-08,5,6.71,5,0.22
2026-08-13-06-08,6,6.71,6,0.16
2026-08-13-08-10,1,6.78,1,0.09
2026-08-13-08-10,2,6.76,2,0.2
2026-08-13-08-10,3,6.76,3,0.06
2026-08-13-08-10,4,6.71,4,-0.03
2026-08-13-08-10,5,6.7,5,0.01
2026-08-13-08-10,6,6.76,6,0.03
2026-08-13-16-09,1,6.91,1,0.12
2026-08-13-16-09,2,6.86,2,0.06
2026-08-13-16-09,3,6.84,3,0.08
2026-08-13-16-09,4,6.93,4,0.02
2026-08-13-16-09,5,6.94,5,0.02
2026-08-13-16-09,6,6.95,6,0.09
2026-08-13-07-03,1,6.68,1,0.24
2026-08-13-07-03,2,6.67,2,0.05
2026-08-13-07-03,3,6.61,3,0.34
2026-08-13-07-03,4,6.71,4,0.34
2026-08-13-07-03,5,6.77,5,0.21
2026-08-13-07-03,6,6.69,6,0.06
2026-08-13-16-11,1,6.81,1,0.22
2026-08-13-16-11,2,6.87,2,0.08
2026-08-13-16-11,3,6.89,3,0.01
2026-08-13-16-11,4,6.8,4,0.29
2026-08-13-16-11,5,6.86,5,0.29
2026-08-13-16-11,6,6.88,6,0.37
2026-08-13-22-09,1,6.91,1,0.19
2026-08-13-22-09,2,6.88,3,0.03
2026-08-13-22-09,3,6.98,4,0.03
2026-08-13-22-09,4,6.96,5,0.05
2026-08-13-22-09,5,6.94,2,0.08
2026-08-13-22-09,6,6.85,6,0.12
2026-08-13-24-03,1,6.99,1,0.28
2026-08-13-24-03,2,6.98,2,0.01
2026-08-13-24-03,3,7.06,3,-0.02
2026-08-13-24-03,4,7.03,4,0.06
2026-08-13-24-03,5,7.18,5,0.07
2026-08-13-24-03,6,7.04,6,0.07
2026-08-13-01-07,1,6.79,1,0.06
2026-08-13-01-07,2,6.83,2,0.06
2026-08-13-01-07,3,6.84,3,0.09
2026-08-13-01-07,4,6.88,4,-0.1
2026-08-13-01-07,5,6.77,6,-0.11
2026-08-13-01-07,6,6.76,5,-0.08
2026-08-13-04-12,1,6.76,1,-0.01
2026-08-13-04-12,2,6.79,2,0.23
2026-08-13-04-12,3,6.66,3,0.32
2026-08-13-04-12,4,6.76,4,-0.09
2026-08-13-04-12,5,6.72,5,-0.01
2026-08-13-04-12,6,6.69,6,-0.03
2026-08-13-24-06,1,7.03,1,0.24
2026-08-13-24-06,2,7.0,2,0.38
2026-08-13-24-06,3,7.07,3,0.24
2026-08-13-24-06,4,6.98,4,0.1
2026-08-13-24-06,5,7.01,5,0.32
2026-08-13-24-06,6,6.97,6,0.24
2026-08-13-01-09,1,6.74,2,-0.02
2026-08-13-01-09,2,6.82,3,0.07
2026-08-13-01-09,3,6.77,1,0.03
2026-08-13-01-09,4,6.76,6,0.01
2026-08-13-01-09,5,6.82,4,0.02
2026-08-13-01-09,6,6.8,5,0.03
2026-08-13-12-09,1,6.95,1,0.03
2026-08-13-12-09,2,7.03,2,0.2
2026-08-13-12-09,3,6.98,3,0.01
2026-08-13-12-09,4,6.98,4,-0.06
2026-08-13-12-09,5,6.99,5,0.05
2026-08-13-12-09,6,6.94,6,0.03
2026-08-13-19-06,1,6.87,1,0.03
2026-08-13-19-06,2,6.89,2,-0.12
2026-08-13-19-06,3,6.92,5,0.23
2026-08-13-19-06,4,6.88,3,-0.02
2026-08-13-19-06,5,6.84,6,0.35
2026-08-13-19-06,6,6.8,4,-0.09
2026-08-13-24-10,1,6.98,1,0.24
2026-08-13-24-10,2,6.96,2,-0.02
2026-08-13-24-10,3,7.01,3,-0.01
2026-08-13-24-10,4,6.99,4,0.21
2026-08-13-24-10,5,6.98,5,0.15
2026-08-13-24-10,6,6.98,6,0.27
2026-08-13-07-12,1,6.76,1,-0.03
2026-08-13-07-12,2,6.8,2,0.01
2026-08-13-07-12,3,6.74,3,0.07
2026-08-13-07-12,4,6.77,4,0.26
2026-08-13-07-12,5,6.78,5,-0.09
2026-08-13-07-12,6,6.84,6,-0.03
2026-08-13-12-12,1,6.86,1,0.04
2026-08-13-12-12,2,6.92,2,-0.15
2026-08-13-12-12,3,6.95,3,0.0
2026-08-13-12-12,4,6.98,4,-0.1
2026-08-13-12-12,5,6.95,5,-0.07
2026-08-13-12-12,6,6.9,6,-0.05
2026-08-13-19-09,1,6.9,1,0.08
2026-08-13-19-09,2,6.84,2,-0.03
2026-08-13-19-09,3,6.92,3,0.13
2026-08-13-19-09,4,6.94,4,0.17
2026-08-13-19-09,5,6.94,6,0.08
2026-08-13-19-09,6,6.88,5,0.22
2026-08-14-10-02,1,6.73,1,0.04
2026-08-14-10-02,2,6.71,2,-0.13
2026-08-14-10-02,3,6.71,3,-0.06
2026-08-14-10-02,4,6.75,4,0.16
2026-08-14-10-02,5,6.74,5,0.14
2026-08-14-10-02,6,6.73,6,0.11
2026-08-14-21-02,1,6.77,1,0.14
2026-08-14-21-02,2,6.81,2,0.07
2026-08-14-21-02,3,6.77,3,0.17
2026-08-14-21-02,4,6.86,4,0.07
2026-08-14-21-02,5,6.78,5,0.1
2026-08-14-21-02,6,6.82,6,0.33
2026-08-14-23-02,1,6.74,1,0.4
2026-08-14-23-02,2,6.75,2,0.17
2026-08-14-23-02,3,6.75,4,0.15
2026-08-14-23-02,4,6.8,3,0.09
2026-08-14-23-02,5,6.79,5,0.1
2026-08-14-23-02,6,6.79,6,0.12
2026-08-14-02-03,1,6.83,1,0.05
2026-08-14-02-03,2,6.7,2,-0.08
2026-08-14-02-03,3,6.85,3,0.11
2026-08-14-02-03,4,6.87,4,0.07
2026-08-14-02-03,5,6.91,5,0.01
2026-08-14-02-03,6,6.84,6,-0.01
2026-08-14-10-08,1,6.93,2,0.21
2026-08-14-10-08,2,6.73,3,0.02
2026-08-14-10-08,3,6.83,4,0.02
2026-08-14-10-08,4,6.93,5,0.06
2026-08-14-10-08,5,6.86,1,-0.01
2026-08-14-10-08,6,6.86,6,0.15
2026-08-14-03-06,1,6.64,1,0.17
2026-08-14-03-06,2,6.84,2,-0.04
2026-08-14-03-06,3,6.71,3,0.02
2026-08-14-03-06,4,6.6,4,0.29
2026-08-14-03-06,5,6.74,5,0.06
2026-08-14-03-06,6,6.71,6,0.08
2026-08-14-08-07,1,6.73,1,0.06
2026-08-14-08-07,2,6.78,2,0.13
2026-08-14-08-07,3,6.79,3,0.09
2026-08-14-08-07,4,6.69,4,0.01
2026-08-14-08-07,5,6.75,5,0.16
2026-08-14-08-07,6,6.7,6,0.1
2026-08-14-10-11,1,6.82,1,-0.07
2026-08-14-10-11,2,6.77,2,-0.06
2026-08-14-10-11,3,6.79,3,0.03
2026-08-14-10-11,4,6.8,4,0.19
2026-08-14-10-11,5,6.78,5,0.16
2026-08-14-10-11,6,6.77,6,0.23
2026-08-14-17-06,1,6.77,1,0.07
2026-08-14-17-06,2,6.72,2,0.18
2026-08-14-17-06,3,6.72,3,0.08
2026-08-14-17-06,4,6.73,4,0.1
2026-08-14-17-06,5,6.79,5,0.11
2026-08-14-17-06,6,6.83,6,0.27
2026-08-14-21-11,1,6.77,1,0.02
2026-08-14-21-11,2,6.81,2,-0.15
2026-08-14-21-11,3,6.8,3,-0.07
2026-08-14-21-11,4,6.82,4,0.0
2026-08-14-21-11,5,6.89,5,0.02
2026-08-14-21-11,6,6.77,6,-0.03
2026-08-14-04-07,1,6.77,1,-0.01
2026-08-14-04-07,2,6.93,2,-0.04
2026-08-14-04-07,3,6.9,3,-0.01
2026-08-14-04-07,4,6.82,4,0.13
2026-08-14-04-07,5,6.66,5,-0.05
2026-08-14-04-07,6,6.82,6,0.1
2026-08-14-06-08,1,6.73,1,0.19
2026-08-14-06-08,2,6.76,2,0.19
2026-08-14-06-08,3,6.72,3,0.14
2026-08-14-06-08,4,6.74,4,0.16
2026-08-14-06-08,5,6.76,5,0.23
2026-08-14-06-08,6,6.68,6,0.45
2026-08-14-08-10,1,6.74,1,0.16
2026-08-14-08-10,2,6.8,2,0.05
2026-08-14-08-10,3,6.73,3,0.09
2026-08-14-08-10,4,6.71,4,0.17
2026-08-14-08-10,5,6.76,5,0.04
2026-08-14-08-10,6,6.71,6,-0.03
2026-08-14-01-03,1,6.71,1,0.23
2026-08-14-01-03,2,6.85,2,0.27
2026-08-14-01-03,3,6.63,3,0.25
2026-08-14-01-03,4,6.75,4,0.21
2026-08-14-01-03,5,6.8,6,0.06
2026-08-14-01-03,6,6.84,5,0.13
2026-08-14-04-09,1,6.83,1,0.12
2026-08-14-04-09,2,6.8,2,0.14
2026-08-14-04-09,3,6.8,3,0.13
2026-08-14-04-09,4,6.88,4,0.04
2026-08-14-04-09,5,6.85,5,0.03
2026-08-14-04-09,6,6.85,6,-0.02
2026-08-14-08-12,1,6.75,1,0.06
2026-08-14-08-12,2,6.75,2,0.08
2026-08-14-08-12,3,6.77,3,0.17
2026-08-14-08-12,4,6.8,4,0.28
2026-08-14-08-12,5,6.8,5,0.17
2026-08-14-08-12,6,6.78,6,0.19
2026-08-14-12-03,1,6.88,1,0.22
2026-08-14-12-03,2,6.86,2,0.11
2026-08-14-12-03,3,6.88,3,0.03
2026-08-14-12-03,4,6.93,6,0.21
2026-08-14-12-03,5,6.92,4,0.22
2026-08-14-12-03,6,6.91,5,0.38
2026-08-14-24-03,1,7.0,1,0.27
2026-08-14-24-03,2,7.01,2,0.22
2026-08-14-24-03,3,6.98,3,0.25
2026-08-14-24-03,4,7.02,4,0.22
2026-08-14-24-03,5,7.03,5,0.25
2026-08-14-24-03,6,6.99,6,0.3
2026-08-14-07-06,1,6.7,1,-0.17
2026-08-14-07-06,2,6.7,2,-0.09
2026-08-14-07-06,3,6.6,3,-0.13
2026-08-14-07-06,4,6.8,4,-0.17
2026-08-14-07-06,5,6.73,5,0.14
2026-08-14-07-06,6,6.76,6,-0.02
2026-08-14-12-06,1,6.92,1,0.28
2026-08-14-12-06,2,6.92,3,-0.08
2026-08-14-12-06,3,6.88,4,0.14
2026-08-14-12-06,4,6.88,2,-0.14
2026-08-14-12-06,5,6.94,5,-0.02
2026-08-14-12-06,6,6.99,6,-0.1
2026-08-14-22-11,1,6.91,1,0.14
2026-08-14-22-11,2,6.99,2,-0.02
2026-08-14-22-11,3,6.91,3,0.01
2026-08-14-22-11,4,6.96,4,-0.02
2026-08-14-22-11,5,6.88,5,-0.03
2026-08-14-22-11,6,6.89,6,0.09
2026-08-14-07-08,1,6.69,1,0.03
2026-08-14-07-08,2,6.77,2,0.03
2026-08-14-07-08,3,6.73,3,0.04
2026-08-14-07-08,4,6.7,4,0.18
2026-08-14-07-08,5,6.76,5,0.07
2026-08-14-07-08,6,6.72,6,0.11
2026-08-14-24-08,1,6.95,1,0.01
2026-08-14-24-08,2,6.96,2,0.02
2026-08-14-24-08,3,6.92,3,0.08
2026-08-14-24-08,4,6.91,4,0.01
2026-08-14-24-08,5,7.0,6,-0.08
2026-08-14-24-08,6,6.93,5,-0.04
2026-08-14-07-10,1,6.68,1,0.09
2026-08-14-07-10,2,6.85,2,0.06
2026-08-14-07-10,3,6.83,3,0.25
2026-08-14-07-10,4,6.8,4,0.17
2026-08-14-07-10,5,6.76,5,0.08
2026-08-14-07-10,6,6.74,6,0.13
2026-08-14-24-10,1,6.94,1,0.24
2026-08-14-24-10,2,6.93,2,0.11
2026-08-14-24-10,3,6.97,3,0.14
2026-08-14-24-10,4,6.94,4,0.02
2026-08-14-24-10,5,6.98,5,0.04
2026-08-14-24-10,6,6.91,6,0.13
2026-08-14-01-12,1,6.71,1,0.08
2026-08-14-01-12,2,6.65,2,0.29
2026-08-14-01-12,3,6.8,3,0.09
2026-08-14-01-12,4,6.76,4,0.04
2026-08-14-01-12,5,6.85,5,0.03
2026-08-14-01-12,6,6.87,6,0.04
2026-08-14-12-12,1,6.91,1,0.01
2026-08-14-12-12,2,6.9,2,-0.09
2026-08-14-12-12,3,6.91,3,-0.02
2026-08-14-12-12,4,6.81,4,0.12
2026-08-14-12-12,5,6.93,5,0.12
2026-08-14-12-12,6,6.85,6,0.06
2026-08-14-19-07,1,6.88,1,-0.01
2026-08-14-19-07,2,6.91,2,0.06
2026-08-14-19-07,3,6.89,3,0.2
2026-08-14-19-07,4,6.96,4,0.18
2026-08-14-19-07,5,6.91,5,0.09
2026-08-14-19-07,6,6.94,6,0.04
2026-08-14-19-12,1,6.94,1,0.15
2026-08-14-19-12,2,6.97,2,0.11
2026-08-14-19-12,3,6.93,3,0.06
2026-08-14-19-12,4,6.94,4,-0.03
2026-08-14-19-12,5,6.94,5,-0.01
2026-08-14-19-12,6,6.9,6,-0.02
2026-08-15-21-01,1,6.78,1,0.19
2026-08-15-21-01,2,6.83,2,0.16
2026-08-15-21-01,3,6.83,3,0.04
2026-08-15-21-01,4,6.85,4,0.3
2026-08-15-21-01,5,6.89,5,-0.01
2026-08-15-21-01,6,6.84,6,0.15
2026-08-15-18-01,1,,,
2026-08-15-18-01,2,,,
2026-08-15-18-01,3,,,
2026-08-15-18-01,4,,,
2026-08-15-18-01,5,,,
2026-08-15-18-01,6,,,
2026-08-15-10-02,1,6.7,1,0.07
2026-08-15-10-02,2,6.68,2,0.12
2026-08-15-10-02,3,6.8,3,0.04
2026-08-15-10-02,4,6.92,4,-0.02
2026-08-15-10-02,5,6.7,5,0.01
2026-08-15-10-02,6,6.78,6,-0.03
2026-08-15-21-02,1,6.72,1,0.19
2026-08-15-21-02,2,6.74,2,0.13
2026-08-15-21-02,3,6.76,3,0.14
2026-08-15-21-02,4,6.75,4,0.15
2026-08-15-21-02,5,6.81,6,0.13
2026-08-15-21-02,6,6.81,5,0.08
2026-08-15-18-03,1,,,
2026-08-15-18-03,2,,,
2026-08-15-18-03,3,,,
2026-08-15-18-03,4,,,
2026-08-15-18-03,5,,,
2026-08-15-18-03,6,,,
2026-08-15-21-03,1,6.77,1,0.07
2026-08-15-21-03,2,6.79,2,0.22
2026-08-15-21-03,3,6.79,3,-0.01
2026-08-15-21-03,4,6.76,4,0.0
2026-08-15-21-03,5,6.74,5,-0.13
2026-08-15-21-03,6,6.77,6,-0.04
2026-08-15-08-02,1,6.77,1,0.18
2026-08-15-08-02,2,6.76,2,0.17
2026-08-15-08-02,3,6.77,3,0.09
2026-08-15-08-02,4,6.82,6,0.15
2026-08-15-08-02,5,6.82,4,0.03
2026-08-15-08-02,6,6.85,5,-0.01
2026-08-15-11-02,1,6.77,1,0.04
2026-08-15-11-02,2,6.82,2,0.18
2026-08-15-11-02,3,6.84,3,0.08
2026-08-15-11-02,4,6.67,4,0.14
2026-08-15-11-02,5,6.87,5,0.31
2026-08-15-11-02,6,6.79,6,0.15
2026-08-15-18-06,1,7.0,1,0.07
2026-08-15-18-06,2,7.16,2,0.15
2026-08-15-18-06,3,7.05,3,0.12
2026-08-15-18-06,4,7.05,4,0.01
2026-08-15-18-06,5,7.0,5,-0.02
2026-08-15-18-06,6,7.02,6,0.24
2026-08-15-21-06,1,6.75,1,0.03
2026-08-15-21-06,2,6.76,2,0.09
2026-08-15-21-06,3,6.83,3,0.17
2026-08-15-21-06,4,6.79,4,0.0
2026-08-15-21-06,5,6.72,5,-0.02
2026-08-15-21-06,6,6.85,6,0.02
2026-08-15-02-03,1,6.68,1,0.13
2026-08-15-02-03,2,6.62,2,-0.13
2026-08-15-02-03,3,6.73,3,-0.02
2026-08-15-02-03,4,6.69,4,-0.08
2026-08-15-02-03,5,6.74,5,-0.09
2026-08-15-02-03,6,6.76,6,0.09
2026-08-15-04-01,1,6.79,1,-0.05
2026-08-15-04-01,2,6.74,2,0.09
2026-08-15-04-01,3,6.74,3,0.13
2026-08-15-04-01,4,6.82,4,0.02
2026-08-15-04-01,5,6.78,5,0.22
2026-08-15-04-01,6,6.75,6,0.02
2026-08-15-09-04,1,7.07,1,0.17
2026-08-15-09-04,2,7.02,2,0.22
2026-08-15-09-04,3,7.08,3,0.21
2026-08-15-09-04,4,7.12,4,0.14
2026-08-15-09-04,5,7.08,5,0.19
2026-08-15-09-04,6,7.02,6,0.18
2026-08-15-10-08,1,6.91,1,0.09
2026-08-15-10-08,2,6.91,2,0.18
2026-08-15-10-08,3,6.89,3,0.1
2026-08-15-10-08,4,6.88,4,0.18
2026-08-15-10-08,5,6.89,5,0.25
2026-08-15-10-08,6,6.89,6,0.17
2026-08-15-03-04,1,6.76,1,0.02
2026-08-15-03-04,2,6.9,2,0.03
2026-08-15-03-04,3,6.73,3,-0.08
2026-08-15-03-04,4,6.74,4,0.0
2026-08-15-03-04,5,6.7,5,0.07
2026-08-15-03-04,6,6.67,6,0.05
2026-08-15-05-03,1,6.78,1,0.09
2026-08-15-05-03,2,6.81,2,0.07
2026-08-15-05-03,3,6.76,4,0.13
2026-08-15-05-03,4,6.87,3,0.05
2026-08-15-05-03,5,6.78,5,0.01
2026-08-15-05-03,6,6.78,6,-0.05
2026-08-15-06-03,1,6.74,1,-0.1
2026-08-15-06-03,2,6.81,2,-0.03
2026-08-15-06-03,3,6.84,3,0.03
2026-08-15-06-03,4,6.76,4,0.26
2026-08-15-06-03,5,6.79,5,0.05
2026-08-15-06-03,6,6.78,6,0.19
2026-08-15-08-05,1,,,
2026-08-15-08-05,2,,,
2026-08-15-08-05,3,,,
2026-08-15-08-05,4,,,
2026-08-15-08-05,5,,,
2026-08-15-08-05,6,,,
2026-08-15-11-05,1,6.76,1,0.14
2026-08-15-11-05,2,6.77,2,0.11
2026-08-15-11-05,3,6.9,3,0.34
2026-08-15-11-05,4,6.78,4,0.18
2026-08-15-11-05,5,6.81,5,0.12
2026-08-15-11-05,6,6.82,6,0.24
2026-08-15-21-09,1,6.79,1,0.1
2026-08-15-21-09,2,6.84,2,0.22
2026-08-15-21-09,3,6.8,3,-0.01
2026-08-15-21-09,4,6.75,4,0.12
2026-08-15-21-09,5,6.79,5,0.06
2026-08-15-21-09,6,6.76,6,0.04
2026-08-15-02-06,1,6.62,1,0.19
2026-08-15-02-06,2,6.69,2,0.03
2026-08-15-02-06,3,6.68,3,-0.04
2026-08-15-02-06,4,6.67,4,0.02
2026-08-15-02-06,5,6.8,5,0.11
2026-08-15-02-06,6,6.73,6,0.21
2026-08-15-03-05,1,6.68,1,-0.03
2026-08-15-03-05,2,6.76,2,0.03
2026-08-15-03-05,3,6.73,3,0.91
2026-08-15-03-05,4,6.68,4,0.03
2026-08-15-03-05,5,6.75,5,-0.01
2026-08-15-03-05,6,6.83,6,0.04
2026-08-15-05-04,1,6.85,1,0.28
2026-08-15-05-04,2,6.83,2,0.14
2026-08-15-05-04,3,6.87,3,0.0
2026-08-15-05-04,4,6.75,4,0.08
2026-08-15-05-04,5,6.87,5,-0.05
2026-08-15-05-04,6,6.83,6,-0.03
2026-08-15-08-06,1,6.82,1,0.12
2026-08-15-08-06,2,6.84,2,0.02
2026-08-15-08-06,3,6.84,3,-0.08
2026-08-15-08-06,4,6.77,4,0.15
2026-08-15-08-06,5,6.84,5,0.04
2026-08-15-08-06,6,6.83,6,0.01
2026-08-15-11-06,1,6.72,1,0.14
2026-08-15-11-06,2,6.67,2,0.28
2026-08-15-11-06,3,6.76,3,0.38
2026-08-15-11-06,4,6.65,4,0.42
2026-08-15-11-06,5,6.73,5,-0.01
2026-08-15-11-06,6,6.74,6,-0.14
2026-08-15-18-10,1,7.0,1,0.09
2026-08-15-18-10,2,7.0,2,-0.1
2026-08-15-18-10,3,7.0,3,-0.1
2026-08-15-18-10,4,6.98,4,0.03
2026-08-15-18-10,5,6.94,5,0.07
2026-08-15-18-10,6,7.06,6,-0.01
2026-08-15-21-10,1,6.73,1,0.15
2026-08-15-21-10,2,6.72,2,0.11
2026-08-15-21-10,3,6.75,3,0.11
2026-08-15-21-10,4,6.78,4,0.09
2026-08-15-21-10,5,6.78,5,0.27
2026-08-15-21-10,6,6.75,6,0.1
2026-08-15-03-06,1,6.86,1,0.23
2026-08-15-03-06,2,6.7,2,0.26
2026-08-15-03-06,3,6.87,3,0.09
2026-08-15-03-06,4,6.86,4,0.11
2026-08-15-03-06,5,6.99,5,-0.06
2026-08-15-03-06,6,6.9,6,-0.19
2026-08-15-05-05,1,6.82,1,0.17
2026-08-15-05-05,2,6.81,2,0.28
2026-08-15-05-05,3,6.83,3,0.17
2026-08-15-05-05,4,6.86,4,0.26
2026-08-15-05-05,5,6.85,5,0.12
2026-08-15-05-05,6,6.83,6,-0.03
2026-08-15-08-07,1,6.86,1,-0.01
2026-08-15-08-07,2,6.8,2,0.03
2026-08-15-08-07,3,6.83,3,0.15
2026-08-15-08-07,4,6.77,4,0.24
2026-08-15-08-07,5,6.81,6,0.23
2026-08-15-08-07,6,6.86,5,0.22
2026-08-15-10-11,1,6.89,1,0.12
2026-08-15-10-11,2,6.88,2,0.14
2026-08-15-10-11,3,6.99,3,0.36
2026-08-15-10-11,4,6.86,4,0.29
2026-08-15-10-11,5,6.86,6,0.22
2026-08-15-10-11,6,6.86,5,0.22
2026-08-15-11-07,1,6.7,1,0.37
2026-08-15-11-07,2,6.66,2,0.36
2026-08-15-11-07,3,6.77,3,0.15
2026-08-15-11-07,4,6.8,4,0.36
2026-08-15-11-07,5,6.82,5,0.01
2026-08-15-11-07,6,6.85,6,0.36
2026-08-15-17-06,1,6.76,1,0.12
2026-08-15-17-06,2,6.78,2,0.19
2026-08-15-17-06,3,6.76,3,0.05
2026-08-15-17-06,4,6.72,4,0.13
2026-08-15-17-06,5,6.7,5,0.04
2026-08-15-17-06,6,6.69,6,0.06
2026-08-15-03-07,1,6.75,1,-0.05
2026-08-15-03-07,2,6.76,2,0.26
2026-08-15-03-07,3,6.85,3,0.0
2026-08-15-03-07,4,6.77,4,0.02
2026-08-15-03-07,5,6.86,5,0.07
2026-08-15-03-07,6,6.73,6,0.06
2026-08-15-05-06,1,6.76,1,0.05
2026-08-15-05-06,2,6.82,2,0.14
2026-08-15-05-06,3,6.67,3,0.06
2026-08-15-05-06,4,6.76,4,0.04
2026-08-15-05-06,5,6.83,5,0.09
2026-08-15-05-06,6,6.82,6,0.03
2026-08-15-08-08,1,6.81,1,0.26
2026-08-15-08-08,2,6.77,2,0.13
2026-08-15-08-08,3,6.76,3,0.19
2026-08-15-08-08,4,6.81,4,0.13
2026-08-15-08-08,5,6.8,5,0.07
2026-08-15-08-08,6,6.87,6,0.13
2026-08-15-17-07,1,6.8,1,0.18
2026-08-15-17-07,2,6.73,2,0.15
2026-08-15-17-07,3,6.7,3,0.11
2026-08-15-17-07,4,6.74,4,0.12
2026-08-15-17-07,5,6.74,5,0.14
2026-08-15-17-07,6,6.76,6,0.06
2026-08-15-03-08,1,6.94,1,0.11
2026-08-15-03-08,2,6.94,2,0.09
2026-08-15-03-08,3,6.93,3,0.02
2026-08-15-03-08,4,6.89,4,0.11
2026-08-15-03-08,5,6.95,5,0.13
2026-08-15-03-08,6,6.99,6,0.15
2026-08-15-04-06,1,6.77,1,0.13
2026-08-15-04-06,2,6.83,2,0.18
2026-08-15-04-06,3,6.77,3,-0.01
2026-08-15-04-06,4,6.72,4,0.11
2026-08-15-04-06,5,6.82,5,0.02
2026-08-15-04-06,6,6.71,6,0.18
2026-08-15-06-07,1,6.6,1,0.05
2026-08-15-06-07,2,6.69,3,0.4
2026-08-15-06-07,3,,,
2026-08-15-06-07,4,6.69,5,0.25
2026-08-15-06-07,5,6.72,2,0.17
2026-08-15-06-07,6,6.63,4,0.04
2026-08-15-09-09,1,6.93,1,-0.1
2026-08-15-09-09,2,6.98,2,-0.08
2026-08-15-09-09,3,6.98,4,0.46
2026-08-15-09-09,4,6.88,6,0.02
2026-08-15-09-09,5,7.01,5,0.07
2026-08-15-09-09,6,6.95,3,0.05
2026-08-15-18-12,1,6.98,1,0.01
2026-08-15-18-12,2,7.05,2,0.03
2026-08-15-18-12,3,6.89,3,0.01
2026-08-15-18-12,4,6.99,4,0.12
2026-08-15-18-12,5,6.98,5,0.05
2026-08-15-18-12,6,6.92,6,-0.01
2026-08-15-21-12,1,6.74,1,0.0
2026-08-15-21-12,2,6.72,2,0.03
2026-08-15-21-12,3,6.75,3,0.0
2026-08-15-21-12,4,6.74,4,0.14
2026-08-15-21-12,5,6.7,5,0.12
2026-08-15-21-12,6,6.69,6,0.03
2026-08-15-02-09,1,6.66,1,0.0
2026-08-15-02-09,2,6.76,2,-0.06
2026-08-15-02-09,3,6.68,3,-0.03
2026-08-15-02-09,4,6.7,4,-0.01
2026-08-15-02-09,5,6.75,5,-0.04
2026-08-15-02-09,6,6.69,6,0.07
2026-08-15-03-09,1,6.96,1,0.17
2026-08-15-03-09,2,6.95,2,0.05
2026-08-15-03-09,3,6.88,3,0.01
2026-08-15-03-09,4,6.89,4,0.02
2026-08-15-03-09,5,6.99,5,0.19
2026-08-15-03-09,6,6.92,6,0.14
2026-08-15-06-08,1,6.74,1,0.11
2026-08-15-06-08,2,6.8,2,0.28
2026-08-15-06-08,3,6.68,3,0.09
2026-08-15-06-08,4,6.73,4,0.07
2026-08-15-06-08,5,6.69,5,0.19
2026-08-15-06-08,6,6.7,6,0.15
2026-08-15-09-10,1,6.9,1,0.14
2026-08-15-09-10,2,6.95,2,0.06
2026-08-15-09-10,3,6.99,3,0.04
2026-08-15-09-10,4,6.96,4,0.03
2026-08-15-09-10,5,6.97,5,0.19
2026-08-15-09-10,6,6.91,6,0.06
2026-08-15-11-09,1,6.75,1,0.06
2026-08-15-11-09,2,6.77,2,0.11
2026-08-15-11-09,3,6.68,3,0.04
2026-08-15-11-09,4,6.83,4,0.2
2026-08-15-11-09,5,6.83,5,0.23
2026-08-15-11-09,6,6.72,6,0.23
2026-08-15-17-08,1,6.74,1,0.18
2026-08-15-17-08,2,6.75,2,-0.03
2026-08-15-17-08,3,6.7,3,0.07
2026-08-15-17-08,4,6.73,5,0.09
2026-08-15-17-08,5,6.75,4,0.09
2026-08-15-17-08,6,6.72,6,0.11
2026-08-15-05-08,1,6.81,1,0.09
2026-08-15-05-08,2,6.78,2,0.01
2026-08-15-05-08,3,6.78,3,0.11
2026-08-15-05-08,4,6.9,4,0.08
2026-08-15-05-08,5,6.89,5,0.07
2026-08-15-05-08,6,6.76,6,0.01
2026-08-15-12-01,1,,,
2026-08-15-12-01,2,,,
2026-08-15-12-01,3,,,
2026-08-15-12-01,4,,,
2026-08-15-12-01,5,,,
2026-08-15-12-01,6,,,
2026-08-15-17-09,1,6.73,1,0.01
2026-08-15-17-09,2,6.81,2,0.03
2026-08-15-17-09,3,6.84,3,0.21
2026-08-15-17-09,4,6.72,4,-0.06
2026-08-15-17-09,5,6.76,5,-0.02
2026-08-15-17-09,6,6.73,6,0.02
2026-08-15-22-07,1,6.91,1,0.02
2026-08-15-22-07,2,6.93,2,0.14
2026-08-15-22-07,3,6.92,3,0.26
2026-08-15-22-07,4,6.93,4,0.06
2026-08-15-22-07,5,6.88,6,-0.02
2026-08-15-22-07,6,6.93,5,0.1
2026-08-15-01-03,1,,,
2026-08-15-01-03,2,,,
2026-08-15-01-03,3,,,
2026-08-15-01-03,4,,,
2026-08-15-01-03,5,,,
2026-08-15-01-03,6,,,
2026-08-15-04-09,1,6.83,1,0.02
2026-08-15-04-09,2,6.7,2,0.13
2026-08-15-04-09,3,6.85,3,0.1
2026-08-15-04-09,4,6.78,4,0.08
2026-08-15-04-09,5,6.75,5,0.02
2026-08-15-04-09,6,6.77,6,0.09
2026-08-15-11-11,1,6.76,1,0.22
2026-08-15-11-11,2,6.75,2,0.15
2026-08-15-11-11,3,6.88,3,0.16
2026-08-15-11-11,4,6.87,4,0.3
2026-08-15-11-11,5,,,
2026-08-15-11-11,6,6.73,5,0.18
2026-08-15-12-03,1,6.92,1,0.11
2026-08-15-12-03,2,6.9,2,0.08
2026-08-15-12-03,3,6.86,3,0.02
2026-08-15-12-03,4,6.98,4,0.27
2026-08-15-12-03,5,6.95,5,0.02
2026-08-15-12-03,6,6.96,6,0.05
2026-08-15-17-11,1,6.73,1,0.06
2026-08-15-17-11,2,6.83,2,0.1
2026-08-15-17-11,3,6.78,3,0.02
2026-08-15-17-11,4,6.76,4,0.08
2026-08-15-17-11,5,6.78,5,0.25
2026-08-15-17-11,6,6.73,6,0.19
2026-08-15-01-04,1,6.71,1,0.06
2026-08-15-01-04,2,6.77,2,0.06
2026-08-15-01-04,3,6.72,3,0.03
2026-08-15-01-04,4,6.7,5,0.06
2026-08-15-01-04,5,6.64,4,0.0
2026-08-15-01-04,6,6.85,6,0.29
2026-08-15-02-12,1,6.67,1,-0.17
2026-08-15-02-12,2,6.71,2,-0.02
2026-08-15-02-12,3,6.74,3,-0.08
2026-08-15-02-12,4,6.76,4,0.01
2026-08-15-02-12,5,6.77,5,0.15
2026-08-15-02-12,6,6.65,6,0.12
2026-08-15-03-12,1,6.84,1,0.01
2026-08-15-03-12,2,6.97,2,0.09
2026-08-15-03-12,3,6.95,3,-0.02
2026-08-15-03-12,4,6.82,4,0.02
2026-08-15-03-12,5,6.89,5,-0.17
2026-08-15-03-12,6,7.07,6,-0.09
2026-08-15-06-11,1,6.65,1,0.19
2026-08-15-06-11,2,6.71,2,0.21
2026-08-15-06-11,3,6.72,3,0.01
2026-08-15-06-11,4,6.66,4,0.11
2026-08-15-06-11,5,6.73,5,0.05
2026-08-15-06-11,6,6.76,6,0.07
2026-08-15-11-12,1,6.8,1,-0.01
2026-08-15-11-12,2,6.82,2,0.02
2026-08-15-11-12,3,6.82,3,0.04
2026-08-15-11-12,4,6.85,4,0.05
2026-08-15-11-12,5,6.86,5,0.11
2026-08-15-11-12,6,6.82,6,0.35
2026-08-15-12-04,1,6.94,1,0.01
2026-08-15-12-04,2,6.92,2,0.06
2026-08-15-12-04,3,6.94,3,0.01
2026-08-15-12-04,4,6.87,4,0.02
2026-08-15-12-04,5,6.85,5,0.16
2026-08-15-12-04,6,6.91,6,0.36
2026-08-15-01-05,1,6.77,1,0.05
2026-08-15-01-05,2,6.71,2,0.06
2026-08-15-01-05,3,6.93,3,0.13
2026-08-15-01-05,4,6.86,4,0.12
2026-08-15-01-05,5,6.75,5,0.02
2026-08-15-01-05,6,6.82,6,0.04
2026-08-15-22-10,1,6.89,1,0.12
2026-08-15-22-10,2,6.93,2,0.19
2026-08-15-22-10,3,6.94,3,0.16
2026-08-15-22-10,4,6.91,4,0.06
2026-08-15-22-10,5,6.94,5,0.11
2026-08-15-22-10,6,6.9,6,0.08
2026-08-15-04-11,1,6.65,1,0.08
2026-08-15-04-11,2,6.74,2,0.24
2026-08-15-04-11,3,6.59,3,0.06
2026-08-15-04-11,4,6.76,4,0.04
2026-08-15-04-11,5,6.69,5,0.1
2026-08-15-04-11,6,6.71,6,0.05
2026-08-15-07-05,1,6.72,1,0.02
2026-08-15-07-05,2,6.77,2,0.43
2026-08-15-07-05,3,6.78,6,0.24
2026-08-15-07-05,4,6.84,3,0.25
2026-08-15-07-05,5,6.71,4,0.3
2026-08-15-07-05,6,6.76,5,0.09
2026-08-15-12-05,1,6.95,1,-0.01
2026-08-15-12-05,2,6.94,2,0.09
2026-08-15-12-05,3,6.94,3,0.03
2026-08-15-12-05,4,7.01,4,-0.01
2026-08-15-12-05,5,6.91,5,0.03
2026-08-15-12-05,6,6.92,6,0.16
2026-08-15-01-07,1,6.72,1,0.03
2026-08-15-01-07,2,6.68,2,-0.02
2026-08-15-01-07,3,6.78,3,-0.01
2026-08-15-01-07,4,6.77,4,0.13
2026-08-15-01-07,5,6.73,5,0.08
2026-08-15-01-07,6,6.83,6,0.25
2026-08-15-22-12,1,,,
2026-08-15-22-12,2,,,
2026-08-15-22-12,3,,,
2026-08-15-22-12,4,,,
2026-08-15-22-12,5,,,
2026-08-15-22-12,6,,,
2026-08-15-24-06,1,6.95,1,0.31
2026-08-15-24-06,2,7.01,2,0.06
2026-08-15-24-06,3,7.0,3,0.1
2026-08-15-24-06,4,6.97,4,0.01
2026-08-15-24-06,5,6.91,5,0.08
2026-08-15-24-06,6,6.95,6,0.01
2026-08-15-07-07,1,6.69,1,-0.03
2026-08-15-07-07,2,6.82,2,-0.01
2026-08-15-07-07,3,6.77,3,0.02
2026-08-15-07-07,4,6.79,4,0.11
2026-08-15-07-07,5,6.68,5,0.09
2026-08-15-07-07,6,6.81,6,0.06
2026-08-15-19-02,1,6.78,1,0.17
2026-08-15-19-02,2,6.79,2,0.01
2026-08-15-19-02,3,6.8,3,0.01
2026-08-15-19-02,4,6.89,4,0.08
2026-08-15-19-02,5,6.87,5,0.08
2026-08-15-19-02,6,6.83,6,0.06
2026-08-15-24-07,1,6.89,1,0.07
2026-08-15-24-07,2,7.01,2,0.05
2026-08-15-24-07,3,6.93,3,-0.02
2026-08-15-24-07,4,6.92,4,0.07
2026-08-15-24-07,5,6.91,5,0.01
2026-08-15-24-07,6,6.96,6,0.16
2026-08-15-12-08,1,6.93,1,0.19
2026-08-15-12-08,2,6.94,2,0.13
2026-08-15-12-08,3,6.97,3,0.25
2026-08-15-12-08,4,6.94,4,0.06
2026-08-15-12-08,5,6.95,6,0.27
2026-08-15-12-08,6,6.92,5,0.08
2026-08-15-19-03,1,6.82,1,0.11
2026-08-15-19-03,2,6.83,2,0.06
2026-08-15-19-03,3,6.9,3,0.13
2026-08-15-19-03,4,6.9,4,0.19
2026-08-15-19-03,5,6.97,5,0.16
2026-08-15-19-03,6,6.93,6,0.24
2026-08-15-01-09,1,6.77,1,-0.03
2026-08-15-01-09,2,6.73,2,0.03
2026-08-15-01-09,3,6.72,3,0.22
2026-08-15-01-09,4,6.67,4,0.04
2026-08-15-01-09,5,6.66,6,-0.04
2026-08-15-01-09,6,6.57,5,0.04
2026-08-15-12-09,1,6.78,1,0.18
2026-08-15-12-09,2,6.86,2,0.0
2026-08-15-12-09,3,6.85,3,-0.06
2026-08-15-12-09,4,6.94,4,-0.1
2026-08-15-12-09,5,6.9,5,0.01
2026-08-15-12-09,6,6.95,6,0.01
2026-08-15-07-09,1,6.68,1,0.14
2026-08-15-07-09,2,6.75,2,0.11
2026-08-15-07-09,3,6.79,3,0.09
2026-08-15-07-09,4,6.75,4,-0.09
2026-08-15-07-09,5,6.78,5,0.01
2026-08-15-07-09,6,6.8,6,0.09
2026-08-15-19-04,1,6.91,1,0.04
2026-08-15-19-04,2,6.94,2,0.2
2026-08-15-19-04,3,6.98,3,-0.05
2026-08-15-19-04,4,6.92,4,-0.01
2026-08-15-19-04,5,6.94,5,0.04
2026-08-15-19-04,6,6.96,6,-0.04
2026-08-15-01-10,1,6.63,1,0.04
2026-08-15-01-10,2,6.67,2,0.08
2026-08-15-01-10,3,6.79,3,0.01
2026-08-15-01-10,4,6.72,4,0.01
2026-08-15-01-10,5,6.84,5,-0.03
2026-08-15-01-10,6,6.68,6,0.09
2026-08-15-19-05,1,6.91,1,-0.06
2026-08-15-19-05,2,6.89,2,0.11
2026-08-15-19-05,3,6.92,3,-0.11
2026-08-15-19-05,4,6.87,4,-0.03
2026-08-15-19-05,5,6.96,5,0.01
2026-08-15-19-05,6,6.95,6,0.01
2026-08-15-19-06,1,6.87,1,0.25
2026-08-15-19-06,2,6.85,2,0.08
2026-08-15-19-06,3,6.82,3,0.08
2026-08-15-19-06,4,6.89,4,0.12
2026-08-15-19-06,5,6.91,5,0.08
2026-08-15-19-06,6,6.83,6,0.05
2026-08-15-24-10,1,6.94,1,0.27
2026-08-15-24-10,2,6.97,2,0.19
2026-08-15-24-10,3,6.93,3,0.16
2026-08-15-24-10,4,6.89,4,0.33
2026-08-15-24-10,5,6.97,5,0.21
2026-08-15-24-10,6,6.94,6,0.28
2026-08-15-01-11,1,6.81,1,0.07
2026-08-15-01-11,2,6.95,2,0.02
2026-08-15-01-11,3,6.78,3,-0.02
2026-08-15-01-11,4,6.79,4,0.06
2026-08-15-01-11,5,6.87,5,-0.03
2026-08-15-01-11,6,6.86,6,-0.04
2026-08-15-07-11,1,6.8,1,-0.07
2026-08-15-07-11,2,6.76,2,-0.14
2026-08-15-07-11,3,6.76,3,-0.04
2026-08-15-07-11,4,6.82,4,0.04
2026-08-15-07-11,5,6.81,5,0.11
2026-08-15-07-11,6,6.82,6,0.04
2026-08-15-12-11,1,6.87,1,-0.01
2026-08-15-12-11,2,6.91,2,0.04
2026-08-15-12-11,3,6.84,3,0.07
2026-08-15-12-11,4,6.92,4,0.08
2026-08-15-12-11,5,6.95,5,0.04
2026-08-15-12-11,6,6.85,6,0.04
2026-08-15-01-12,1,6.86,1,0.03
2026-08-15-01-12,2,6.78,2,-0.07
2026-08-15-01-12,3,6.74,3,-0.1
2026-08-15-01-12,4,6.8,4,0.06
2026-08-15-01-12,5,6.69,5,0.02
2026-08-15-01-12,6,6.75,6,0.15
2026-08-15-19-07,1,6.92,1,-0.1
2026-08-15-19-07,2,6.88,2,0.01
2026-08-15-19-07,3,6.9,3,0.09
2026-08-15-19-07,4,6.91,4,0.06
2026-08-15-19-07,5,6.9,5,0.12
2026-08-15-19-07,6,6.86,6,0.12
2026-08-15-07-12,1,6.86,1,-0.02
2026-08-15-07-12,2,6.76,2,0.1
2026-08-15-07-12,3,6.76,3,-0.12
2026-08-15-07-12,4,6.82,4,0.0
2026-08-15-07-12,5,6.85,5,-0.03
2026-08-15-07-12,6,6.88,6,-0.05
2026-08-15-24-12,1,6.95,1,0.01
2026-08-15-24-12,2,6.95,2,0.03
2026-08-15-24-12,3,6.93,3,0.12
2026-08-15-24-12,4,6.95,4,0.12
2026-08-15-24-12,5,6.93,5,0.19
2026-08-15-24-12,6,6.9,6,0.23
2026-08-15-19-08,1,6.85,1,-0.02
2026-08-15-19-08,2,6.89,2,0.05
2026-08-15-19-08,3,6.86,3,0.1
2026-08-15-19-08,4,6.88,4,0.11
2026-08-15-19-08,5,6.84,5,0.12
2026-08-15-19-08,6,6.87,6,0.18
2026-08-15-19-10,1,6.87,1,0.04
2026-08-15-19-10,2,6.86,2,-0.02
2026-08-15-19-10,3,6.84,3,-0.01
2026-08-15-19-10,4,6.87,4,0.06
2026-08-15-19-10,5,6.92,5,0.11
2026-08-15-19-10,6,6.96,6,0.26
2026-08-16-10-01,1,6.76,1,0.1
2026-08-16-10-01,2,6.77,2,0.13
2026-08-16-10-01,3,6.78,3,0.05
2026-08-16-10-01,4,6.77,4,0.09
2026-08-16-10-01,5,6.75,5,0.03
2026-08-16-10-01,6,6.8,6,0.06
2026-08-16-14-01,1,6.81,1,0.17
2026-08-16-14-01,2,6.9,2,0.07
2026-08-16-14-01,3,6.88,3,0.06
2026-08-16-14-01,4,6.91,4,0.11
2026-08-16-14-01,5,6.78,5,0.14
2026-08-16-14-01,6,6.81,6,0.13
2026-08-16-10-02,1,6.71,1,0.12
2026-08-16-10-02,2,6.72,2,0.09
2026-08-16-10-02,3,6.76,3,0.26
2026-08-16-10-02,4,6.67,4,0.16
2026-08-16-10-02,5,6.8,5,0.16
2026-08-16-10-02,6,6.74,6,0.12
2026-08-16-14-02,1,6.79,1,-0.06
2026-08-16-14-02,2,6.84,2,0.03
2026-08-16-14-02,3,6.85,3,-0.04
2026-08-16-14-02,4,6.76,4,-0.11
2026-08-16-14-02,5,6.96,5,-0.06
2026-08-16-14-02,6,6.79,6,0.0
2026-08-16-18-02,1,,,
2026-08-16-18-02,2,,,
2026-08-16-18-02,3,,,
2026-08-16-18-02,4,,,
2026-08-16-18-02,5,,,
2026-08-16-18-02,6,,,
2026-08-16-09-01,1,,,
2026-08-16-09-01,2,,,
2026-08-16-09-01,3,,,
2026-08-16-09-01,4,,,
2026-08-16-09-01,5,,,
2026-08-16-09-01,6,,,
2026-08-16-10-05,1,6.68,1,0.07
2026-08-16-10-05,2,6.69,2,0.19
2026-08-16-10-05,3,6.73,3,0.07
2026-08-16-10-05,4,6.76,4,0.02
2026-08-16-10-05,5,6.67,5,-0.13
2026-08-16-10-05,6,6.78,6,0.03
2026-08-16-14-05,1,6.77,1,0.42
2026-08-16-14-05,2,6.85,2,0.36
2026-08-16-14-05,3,6.77,3,0.32
2026-08-16-14-05,4,6.81,4,0.21
2026-08-16-14-05,5,6.86,5,0.25
2026-08-16-14-05,6,6.87,6,0.24
2026-08-16-02-03,1,6.66,1,-0.01
2026-08-16-02-03,2,6.64,2,-0.01
2026-08-16-02-03,3,6.64,3,-0.05
2026-08-16-02-03,4,6.72,4,0.06
2026-08-16-02-03,5,6.7,5,0.02
2026-08-16-02-03,6,6.58,6,0.05
2026-08-16-10-08,1,6.81,1,-0.09
2026-08-16-10-08,2,6.8,2,-0.1
2026-08-16-10-08,3,6.86,3,-0.1
2026-08-16-10-08,4,6.79,4,-0.07
2026-08-16-10-08,5,6.77,5,0.08
2026-08-16-10-08,6,6.88,6,0.09
2026-08-16-11-03,1,6.8,1,-0.09
2026-08-16-11-03,2,6.67,2,0.11
2026-08-16-11-03,3,6.81,3,-0.17
2026-08-16-11-03,4,6.78,4,0.05
2026-08-16-11-03,5,6.86,6,0.01
2026-08-16-11-03,6,6.92,5,0.03
2026-08-16-17-03,1,6.75,1,-0.03
2026-08-16-17-03,2,6.81,2,0.16
2026-08-16-17-03,3,6.71,3,0.08
2026-08-16-17-03,4,6.75,4,-0.06
2026-08-16-17-03,5,6.71,5,0.03
2026-08-16-17-03,6,6.73,6,0.06
2026-08-16-02-05,1,6.66,1,-0.01
2026-08-16-02-05,2,6.72,2,0.17
2026-08-16-02-05,3,6.72,3,-0.01
2026-08-16-02-05,4,6.81,4,0.14
2026-08-16-02-05,5,6.71,5,0.13
2026-08-16-02-05,6,6.66,6,0.13
2026-08-16-06-03,1,6.61,1,0.08
2026-08-16-06-03,2,6.65,2,0.11
2026-08-16-06-03,3,6.64,3,0.06
2026-08-16-06-03,4,6.7,4,0.16
2026-08-16-06-03,5,6.69,5,0.14
2026-08-16-06-03,6,6.66,6,0.01
2026-08-16-11-05,1,6.69,1,0.11
2026-08-16-11-05,2,6.77,2,0.29
2026-08-16-11-05,3,6.66,3,0.23
2026-08-16-11-05,4,6.7,4,0.14
2026-08-16-11-05,5,6.64,5,0.09
2026-08-16-11-05,6,6.83,6,0.22
2026-08-16-17-05,1,6.73,1,0.11
2026-08-16-17-05,2,6.86,2,0.05
2026-08-16-17-05,3,6.76,3,0.08
2026-08-16-17-05,4,6.73,4,0.01
2026-08-16-17-05,5,6.81,5,0.18
2026-08-16-17-05,6,6.71,6,-0.05
2026-08-16-18-09,1,6.94,1,0.12
2026-08-16-18-09,2,6.98,2,0.14
2026-08-16-18-09,3,6.96,3,0.09
2026-08-16-18-09,4,7.02,4,0.02
2026-08-16-18-09,5,6.98,5,0.23
2026-08-16-18-09,6,7.06,6,-0.05
2026-08-16-02-06,1,6.75,1,-0.08
2026-08-16-02-06,2,6.68,2,0.05
2026-08-16-02-06,3,6.59,3,-0.09
2026-08-16-02-06,4,6.63,4,0.24
2026-08-16-02-06,5,6.75,5,-0.12
2026-08-16-02-06,6,6.8,6,-0.03
2026-08-16-09-07,1,7.03,1,0.18
2026-08-16-09-07,2,6.98,3,0.07
2026-08-16-09-07,3,6.94,4,0.08
2026-08-16-09-07,4,6.91,5,0.11
2026-08-16-09-07,5,6.93,6,0.1
2026-08-16-09-07,6,6.96,2,0.16
2026-08-16-11-06,1,6.65,1,0.06
2026-08-16-11-06,2,6.76,2,0.04
2026-08-16-11-06,3,6.79,3,0.08
2026-08-16-11-06,4,6.7,4,0.02
2026-08-16-11-06,5,6.78,5,0.08
2026-08-16-11-06,6,6.66,6,0.19
2026-08-16-18-10,1,7.02,1,0.16
2026-08-16-18-10,2,6.99,3,-0.07
2026-08-16-18-10,3,7.03,4,0.06
2026-08-16-18-10,4,7.02,5,0.01
2026-08-16-18-10,5,7.0,2,-0.08
2026-08-16-18-10,6,6.98,6,0.18
2026-08-16-22-03,1,6.89,1,0.02
2026-08-16-22-03,2,6.92,2,0.0
2026-08-16-22-03,3,6.92,3,0.06
2026-08-16-22-03,4,6.93,4,0.07
2026-08-16-22-03,5,6.94,5,-0.02
2026-08-16-22-03,6,6.92,6,0.02
2026-08-16-04-05,1,6.8,1,0.15
2026-08-16-04-05,2,6.78,2,0.04
2026-08-16-04-05,3,6.7,3,0.09
2026-08-16-04-05,4,6.85,4,0.01
2026-08-16-04-05,5,6.8,6,-0.06
2026-08-16-04-05,6,6.63,5,-0.17
2026-08-16-09-08,1,7.04,1,0.02
2026-08-16-09-08,2,7.03,2,0.09
2026-08-16-09-08,3,7.07,3,0.03
2026-08-16-09-08,4,7.07,4,0.04
2026-08-16-09-08,5,7.0,6,0.09
2026-08-16-09-08,6,6.94,5,0.06
2026-08-16-18-11,1,6.94,1,0.1
2026-08-16-18-11,2,6.88,2,-0.08
2026-08-16-18-11,3,6.97,3,-0.06
2026-08-16-18-11,4,7.03,4,-0.12
2026-08-16-18-11,5,6.94,6,-0.09
2026-08-16-18-11,6,6.95,5,-0.04
2026-08-16-02-08,1,6.76,1,-0.09
2026-08-16-02-08,2,6.79,2,-0.05
2026-08-16-02-08,3,6.68,3,-0.09
2026-08-16-02-08,4,6.72,4,-0.03
2026-08-16-02-08,5,6.71,5,0.07
2026-08-16-02-08,6,6.78,6,0.15
2026-08-16-11-08,1,6.78,1,0.04
2026-08-16-11-08,2,6.79,2,0.47
2026-08-16-11-08,3,6.82,3,0.09
2026-08-16-11-08,4,6.8,5,-0.01
2026-08-16-11-08,5,6.76,4,0.01
2026-08-16-11-08,6,6.8,6,-0.01
2026-08-16-14-12,1,6.88,1,0.03
2026-08-16-14-12,2,6.9,2,-0.03
2026-08-16-14-12,3,6.9,3,0.04
2026-08-16-14-12,4,6.84,4,0.13
2026-08-16-14-12,5,6.92,5,0.23
2026-08-16-14-12,6,6.83,6,0.06
2026-08-16-02-09,1,6.69,1,-0.1
2026-08-16-02-09,2,6.68,2,-0.08
2026-08-16-02-09,3,6.64,3,-0.02
2026-08-16-02-09,4,6.77,4,-0.07
2026-08-16-02-09,5,6.83,5,0.09
2026-08-16-02-09,6,6.78,6,0.04
2026-08-16-11-09,1,6.75,1,0.17
2026-08-16-11-09,2,6.79,2,0.06
2026-08-16-11-09,3,6.78,3,-0.03
2026-08-16-11-09,4,6.86,4,-0.05
2026-08-16-11-09,5,6.89,5,0.11
2026-08-16-11-09,6,6.89,6,0.08
2026-08-16-17-09,1,6.77,1,0.12
2026-08-16-17-09,2,6.87,2,0.11
2026-08-16-17-09,3,6.84,3,0.16
2026-08-16-17-09,4,6.8,4,0.1
2026-08-16-17-09,5,6.87,5,0.03
2026-08-16-17-09,6,6.78,6,0.03
2026-08-16-05-08,1,6.78,1,0.03
2026-08-16-05-08,2,6.81,2,0.13
2026-08-16-05-08,3,6.77,3,0.01
2026-08-16-05-08,4,6.75,4,0.02
2026-08-16-05-08,5,6.82,5,-0.02
2026-08-16-05-08,6,6.8,6,0.0
2026-08-16-06-08,1,6.68,1,0.15
2026-08-16-06-08,2,6.66,2,0.1
2026-08-16-06-08,3,6.71,3,0.1
2026-08-16-06-08,4,6.71,4,0.12
2026-08-16-06-08,5,6.69,5,-0.02
2026-08-16-06-08,6,6.67,6,0.02
2026-08-16-22-07,1,6.86,1,0.03
2026-08-16-22-07,2,6.92,2,0.01
2026-08-16-22-07,3,6.91,3,0.01
2026-08-16-22-07,4,6.88,4,-0.02
2026-08-16-22-07,5,6.88,5,-0.03
2026-08-16-22-07,6,6.84,6,0.03
2026-08-16-01-02,1,,,
2026-08-16-01-02,2,,,
2026-08-16-01-02,3,,,
2026-08-16-01-02,4,,,
2026-08-16-01-02,5,,,
2026-08-16-01-02,6,,,
2026-08-16-04-08,1,6.91,1,0.04
2026-08-16-04-08,2,6.78,2,-0.09
2026-08-16-04-08,3,6.94,3,0.15
2026-08-16-04-08,4,6.88,4,0.09
2026-08-16-04-08,5,6.67,5,-0.04
2026-08-16-04-08,6,6.81,6,0.04
2026-08-16-05-09,1,6.79,1,0.07
2026-08-16-05-09,2,6.74,2,-0.01
2026-08-16-05-09,3,6.79,3,0.04
2026-08-16-05-09,4,6.77,6,0.06
2026-08-16-05-09,5,6.72,4,-0.03
2026-08-16-05-09,6,6.7,5,-0.02
2026-08-16-06-09,1,6.67,1,0.1
2026-08-16-06-09,2,6.7,2,0.39
2026-08-16-06-09,3,6.72,3,0.37
2026-08-16-06-09,4,6.73,4,0.11
2026-08-16-06-09,5,6.77,5,0.17
2026-08-16-06-09,6,6.63,6,0.14
2026-08-16-09-11,1,6.93,1,0.02
2026-08-16-09-11,2,6.9,2,0.27
2026-08-16-09-11,3,6.94,3,0.05
2026-08-16-09-11,4,6.94,4,0.09
2026-08-16-09-11,5,7.06,5,0.06
2026-08-16-09-11,6,6.98,6,0.04
2026-08-16-12-02,1,6.92,1,0.2
2026-08-16-12-02,2,6.91,2,-0.03
2026-08-16-12-02,3,6.91,3,0.02
2026-08-16-12-02,4,6.94,4,0.02
2026-08-16-12-02,5,6.94,5,0.01
2026-08-16-12-02,6,6.91,6,0.13
2026-08-16-05-10,1,6.73,1,0.07
2026-08-16-05-10,2,6.8,2,0.1
2026-08-16-05-10,3,6.83,3,0.18
2026-08-16-05-10,4,6.75,4,0.09
2026-08-16-05-10,5,6.81,5,0.0
2026-08-16-05-10,6,6.75,6,-0.06
2026-08-16-07-03,1,6.69,1,0.15
2026-08-16-07-03,2,6.79,2,-0.03
2026-08-16-07-03,3,6.72,3,0.1
2026-08-16-07-03,4,6.74,4,0.08
2026-08-16-07-03,5,6.66,5,0.03
2026-08-16-07-03,6,6.69,6,0.17
2026-08-16-09-12,1,7.02,1,0.23
2026-08-16-09-12,2,6.96,2,0.1
2026-08-16-09-12,3,7.02,3,0.05
2026-08-16-09-12,4,7.04,4,0.08
2026-08-16-09-12,5,6.98,5,-0.02
2026-08-16-09-12,6,7.04,6,0.13
2026-08-16-22-09,1,6.97,1,0.03
2026-08-16-22-09,2,6.89,2,0.12
2026-08-16-22-09,3,6.94,3,0.14
2026-08-16-22-09,4,6.94,4,0.01
2026-08-16-22-09,5,6.91,5,0.12
2026-08-16-22-09,6,6.9,6,0.2
2026-08-16-24-03,1,6.98,1,0.07
2026-08-16-24-03,2,6.93,2,0.01
2026-08-16-24-03,3,6.97,3,0.03
2026-08-16-24-03,4,6.99,4,0.1
2026-08-16-24-03,5,6.96,5,0.05
2026-08-16-24-03,6,6.93,6,0.13
2026-08-16-05-11,1,6.63,1,0.06
2026-08-16-05-11,2,6.74,2,0.15
2026-08-16-05-11,3,6.75,3,0.22
2026-08-16-05-11,4,6.79,4,0.02
2026-08-16-05-11,5,6.73,5,0.03
2026-08-16-05-11,6,6.72,6,0.13
2026-08-16-07-04,1,6.77,1,0.09
2026-08-16-07-04,2,6.6,2,0.14
2026-08-16-07-04,3,6.61,3,0.08
2026-08-16-07-04,4,6.68,4,0.16
2026-08-16-07-04,5,6.64,5,0.13
2026-08-16-07-04,6,6.72,6,0.13
2026-08-16-17-12,1,6.65,1,-0.09
2026-08-16-17-12,2,6.7,2,0.15
2026-08-16-17-12,3,6.68,3,-0.03
2026-08-16-17-12,4,6.65,4,-0.08
2026-08-16-17-12,5,6.7,5,-0.05
2026-08-16-17-12,6,6.72,6,0.11
2026-08-16-24-04,1,6.94,1,0.01
2026-08-16-24-04,2,6.98,2,0.07
2026-08-16-24-04,3,6.91,3,0.03
2026-08-16-24-04,4,6.96,4,0.35
2026-08-16-24-04,5,6.95,5,0.15
2026-08-16-24-04,6,7.01,6,0.2
2026-08-16-01-05,1,6.67,1,-0.02
2026-08-16-01-05,2,6.68,2,0.05
2026-08-16-01-05,3,6.71,3,-0.01
2026-08-16-01-05,4,6.82,4,0.2
2026-08-16-01-05,5,6.7,5,0.07
2026-08-16-01-05,6,6.7,6,0.01
2026-08-16-04-11,1,6.75,1,0.09
2026-08-16-04-11,2,6.83,2,0.19
2026-08-16-04-11,3,6.65,3,0.15
2026-08-16-04-11,4,6.59,4,-0.04
2026-08-16-04-11,5,6.76,5,0.03
2026-08-16-04-11,6,6.74,6,-0.04
2026-08-16-06-12,1,6.67,1,0.18
2026-08-16-06-12,2,6.63,2,0.3
2026-08-16-06-12,3,6.73,3,0.17
2026-08-16-06-12,4,6.62,4,0.18
2026-08-16-06-12,5,6.65,5,0.02
2026-08-16-06-12,6,6.7,6,0.08
2026-08-16-07-05,1,6.69,1,0.03
2026-08-16-07-05,2,6.7,2,0.14
2026-08-16-07-05,3,6.72,3,0.12
2026-08-16-07-05,4,6.65,4,0.33
2026-08-16-07-05,5,6.8,5,-0.07
2026-08-16-07-05,6,6.62,6,0.01
2026-08-16-12-05,1,6.93,1,-0.07
2026-08-16-12-05,2,6.92,2,-0.06
2026-08-16-12-05,3,6.91,4,-0.01
2026-08-16-12-05,4,6.92,5,0.05
2026-08-16-12-05,5,6.94,6,0.01
2026-08-16-12-05,6,6.91,3,0.04
2026-08-16-01-06,1,6.62,1,0.02
2026-08-16-01-06,2,6.76,2,0.06
2026-08-16-01-06,3,6.82,3,0.11
2026-08-16-01-06,4,6.85,4,0.08
2026-08-16-01-06,5,6.65,5,-0.15
2026-08-16-01-06,6,6.63,6,-0.11
2026-08-16-05-12,1,6.61,1,0.09
2026-08-16-05-12,2,6.75,2,0.15
2026-08-16-05-12,3,6.73,3,0.13
2026-08-16-05-12,4,6.76,4,0.22
2026-08-16-05-12,5,6.78,5,0.25
2026-08-16-05-12,6,6.79,6,0.27
2026-08-16-07-06,1,,,
2026-08-16-07-06,2,,,
2026-08-16-07-06,3,,,
2026-08-16-07-06,4,,,
2026-08-16-07-06,5,,,
2026-08-16-07-06,6,,,
2026-08-16-12-06,1,6.95,1,0.05
2026-08-16-12-06,2,6.92,2,-0.06
2026-08-16-12-06,3,6.94,3,-0.02
2026-08-16-12-06,4,6.99,5,0.05
2026-08-16-12-06,5,6.97,4,0.18
2026-08-16-12-06,6,6.92,6,0.07
2026-08-16-22-11,1,6.88,1,0.05
2026-08-16-22-11,2,6.86,2,0.02
2026-08-16-22-11,3,6.93,3,0.03
2026-08-16-22-11,4,6.93,4,0.04
2026-08-16-22-11,5,6.93,5,0.02
2026-08-16-22-11,6,6.89,6,0.01
2026-08-16-07-07,1,6.69,1,-0.01
2026-08-16-07-07,2,6.74,2,-0.01
2026-08-16-07-07,3,6.75,3,0.09
2026-08-16-07-07,4,6.64,4,0.07
2026-08-16-07-07,5,6.74,5,-0.02
2026-08-16-07-07,6,6.7,6,0.19
2026-08-16-12-07,1,6.86,1,0.11
2026-08-16-12-07,2,6.88,2,0.19
2026-08-16-12-07,3,6.89,3,0.03
2026-08-16-12-07,4,6.88,4,0.03
2026-08-16-12-07,5,6.92,6,0.21
2026-08-16-12-07,6,6.89,5,0.15
2026-08-16-22-12,1,6.94,1,0.13
2026-08-16-22-12,2,6.99,3,0.13
2026-08-16-22-12,3,6.97,4,0.22
2026-08-16-22-12,4,6.93,5,0.05
2026-08-16-22-12,5,6.96,6,0.18
2026-08-16-22-12,6,6.94,2,0.02
2026-08-16-01-08,1,6.72,1,0.08
2026-08-16-01-08,2,6.69,2,0.04
2026-08-16-01-08,3,6.79,3,0.07
2026-08-16-01-08,4,6.72,4,0.06
2026-08-16-01-08,5,6.72,5,0.09
2026-08-16-01-08,6,6.68,6,0.16
2026-08-16-24-07,1,7.01,1,0.08
2026-08-16-24-07,2,6.92,2,0.16
2026-08-16-24-07,3,6.96,3,0.02
2026-08-16-24-07,4,6.98,4,0.05
2026-08-16-24-07,5,6.97,5,-0.06
2026-08-16-24-07,6,6.94,6,-0.05
2026-08-16-01-09,1,6.73,1,0.06
2026-08-16-01-09,2,6.8,2,0.05
2026-08-16-01-09,3,6.7,3,0.17
2026-08-16-01-09,4,6.81,4,0.1
2026-08-16-01-09,5,6.68,5,0.01
2026-08-16-01-09,6,6.66,6,-0.03
2026-08-16-12-09,1,6.86,1,0.05
2026-08-16-12-09,2,6.95,2,0.04
2026-08-16-12-09,3,6.91,3,0.05
2026-08-16-12-09,4,6.92,4,-0.01
2026-08-16-12-09,5,6.91,5,-0.02
2026-08-16-12-09,6,6.89,6,-0.1
2026-08-16-24-08,1,6.93,1,0.06
2026-08-16-24-08,2,6.9,2,0.37
2026-08-16-24-08,3,6.96,3,0.21
2026-08-16-24-08,4,6.96,4,0.12
2026-08-16-24-08,5,6.92,5,0.01
2026-08-16-24-08,6,6.93,6,0.09
2026-08-16-07-09,1,6.82,1,0.12
2026-08-16-07-09,2,6.69,2,0.03
2026-08-16-07-09,3,6.84,3,0.06
2026-08-16-07-09,4,6.83,4,0.12
2026-08-16-07-09,5,6.73,5,0.19
2026-08-16-07-09,6,6.66,6,0.06
2026-08-16-19-04,1,6.93,1,0.02
2026-08-16-19-04,2,7.04,2,0.07
2026-08-16-19-04,3,6.9,3,0.06
2026-08-16-19-04,4,6.97,4,0.01
2026-08-16-19-04,5,6.99,5,0.1
2026-08-16-19-04,6,6.99,6,0.16
2026-08-16-01-10,1,6.76,1,-0.01
2026-08-16-01-10,2,6.66,2,0.03
2026-08-16-01-10,3,6.63,3,0.02
2026-08-16-01-10,4,6.84,4,0.01
2026-08-16-01-10,5,6.75,5,-0.08
2026-08-16-01-10,6,6.84,6,0.15
2026-08-16-12-10,1,6.84,1,-0.04
2026-08-16-12-10,2,6.96,2,-0.06
2026-08-16-12-10,3,6.93,3,-0.05
2026-08-16-12-10,4,6.89,4,0.05
2026-08-16-12-10,5,6.93,5,0.16
2026-08-16-12-10,6,6.97,6,0.07
2026-08-16-19-05,1,6.95,1,-0.04
2026-08-16-19-05,2,6.93,2,-0.01
2026-08-16-19-05,3,6.94,3,-0.04
2026-08-16-19-05,4,6.99,4,0.03
2026-08-16-19-05,5,6.87,5,0.06
2026-08-16-19-05,6,6.97,6,0.06
2026-08-16-19-06,1,6.89,1,0.06
2026-08-16-19-06,2,6.94,2,0.05
2026-08-16-19-06,3,6.93,3,0.11
2026-08-16-19-06,4,6.85,4,0.03
2026-08-16-19-06,5,6.93,5,0.09
2026-08-16-19-06,6,6.87,6,0.11
2026-08-16-24-10,1,6.91,1,-0.01
2026-08-16-24-10,2,6.91,2,0.01
2026-08-16-24-10,3,6.95,3,0.06
2026-08-16-24-10,4,6.89,4,0.34
2026-08-16-24-10,5,6.98,5,0.26
2026-08-16-24-10,6,6.92,6,0.18
2026-08-16-07-11,1,6.68,1,0.14
2026-08-16-07-11,2,6.78,2,0.1
2026-08-16-07-11,3,6.88,3,0.15
2026-08-16-07-11,4,6.84,4,0.01
2026-08-16-07-11,5,6.83,5,-0.02
2026-08-16-07-11,6,6.84,6,-0.01
2026-08-16-12-11,1,6.93,1,-0.07
2026-08-16-12-11,2,6.94,2,-0.04
2026-08-16-12-11,3,6.86,3,-0.03
2026-08-16-12-11,4,6.91,4,0.08
2026-08-16-12-11,5,6.9,5,0.03
2026-08-16-12-11,6,6.9,6,-0.03
2026-08-16-01-12,1,6.78,1,0.02
2026-08-16-01-12,2,6.85,2,0.08
2026-08-16-01-12,3,6.64,3,0.07
2026-08-16-01-12,4,6.78,4,0.11
2026-08-16-01-12,5,6.69,5,-0.11
2026-08-16-01-12,6,6.73,6,-0.09
2026-08-16-19-07,1,6.94,1,0.13
2026-08-16-19-07,2,6.94,3,-0.01
2026-08-16-19-07,3,6.94,4,0.05
2026-08-16-19-07,4,6.89,5,0.04
2026-08-16-19-07,5,6.96,2,0.17
2026-08-16-19-07,6,6.97,6,0.15
2026-08-16-07-12,1,6.76,1,-0.02
2026-08-16-07-12,2,6.8,2,0.07
2026-08-16-07-12,3,6.75,4,0.1
2026-08-16-07-12,4,6.71,5,0.06
2026-08-16-07-12,5,6.8,3,0.04
2026-08-16-07-12,6,6.72,6,0.38
2026-08-16-24-12,1,7.0,1,0.11
2026-08-16-24-12,2,6.95,2,0.13
2026-08-16-24-12,3,7.01,3,0.05
2026-08-16-24-12,4,7.01,4,0.19
2026-08-16-24-12,5,6.96,5,0.15
2026-08-16-24-12,6,6.98,6,-0.01
2026-08-16-19-08,1,6.91,1,-0.06
2026-08-16-19-08,2,6.94,2,0.06
2026-08-16-19-08,3,6.93,3,-0.09
2026-08-16-19-08,4,6.9,4,0.17
2026-08-16-19-08,5,6.95,5,0.09
2026-08-16-19-08,6,6.95,6,0.04
2026-08-16-19-09,1,6.87,1,0.17
2026-08-16-19-09,2,6.86,2,0.17
2026-08-16-19-09,3,6.9,3,0.15
2026-08-16-19-09,4,6.88,4,0.07
2026-08-16-19-09,5,6.89,5,0.07
2026-08-16-19-09,6,6.92,6,0.19
2026-08-16-19-11,1,6.84,1,-0.09
2026-08-16-19-11,2,6.9,2,0.01
2026-08-16-19-11,3,6.87,3,0.07
2026-08-16-19-11,4,6.91,4,0.17
2026-08-16-19-11,5,6.88,5,0.16
2026-08-16-19-11,6,6.89,6,0.11
2026-08-17-10-01,1,6.77,1,0.12
2026-08-17-10-01,2,6.79,2,0.12
2026-08-17-10-01,3,6.7,3,0.05
2026-08-17-10-01,4,6.61,5,0.12
2026-08-17-10-01,5,6.8,4,0.02
2026-08-17-10-01,6,6.73,6,0.02
2026-08-17-14-01,1,6.79,1,0.21
2026-08-17-14-01,2,6.76,2,0.09
2026-08-17-14-01,3,6.81,3,0.44
2026-08-17-14-01,4,6.87,4,0.11
2026-08-17-14-01,5,6.79,5,0.14
2026-08-17-14-01,6,6.87,6,0.16
2026-08-17-10-02,1,6.71,1,0.04
2026-08-17-10-02,2,6.67,2,0.09
2026-08-17-10-02,3,6.72,3,0.16
2026-08-17-10-02,4,6.74,6,0.02
2026-08-17-10-02,5,6.73,4,0.39
2026-08-17-10-02,6,6.73,5,0.09
2026-08-17-18-01,1,6.99,1,0.23
2026-08-17-18-01,2,6.98,2,0.08
2026-08-17-18-01,3,6.98,3,0.14
2026-08-17-18-01,4,7.01,5,0.11
2026-08-17-18-01,5,7.05,4,0.13
2026-08-17-18-01,6,6.93,6,0.16
2026-08-17-14-02,1,6.68,1,0.06
2026-08-17-14-02,2,6.82,2,0.29
2026-08-17-14-02,3,6.86,3,0.45
2026-08-17-14-02,4,6.73,5,0.16
2026-08-17-14-02,5,6.96,4,0.27
2026-08-17-14-02,6,6.95,6,0.01
2026-08-17-10-04,1,6.7,1,0.14
2026-08-17-10-04,2,6.78,2,0.07
2026-08-17-10-04,3,6.76,3,0.09
2026-08-17-10-04,4,6.76,4,0.15
2026-08-17-10-04,5,6.76,5,0.17
2026-08-17-10-04,6,6.76,6,0.07
2026-08-17-18-03,1,6.99,1,-0.02
2026-08-17-18-03,2,7.02,2,0.13
2026-08-17-18-03,3,7.09,3,0.19
2026-08-17-18-03,4,7.08,4,0.01
2026-08-17-18-03,5,7.01,5,0.13
2026-08-17-18-03,6,7.06,6,0.08
2026-08-17-02-02,1,6.61,1,0.14
2026-08-17-02-02,2,6.73,2,0.06
2026-08-17-02-02,3,6.79,3,0.01
2026-08-17-02-02,4,6.75,4,0.06
2026-08-17-02-02,5,6.67,5,0.11
2026-08-17-02-02,6,6.73,6,-0.01
2026-08-17-10-07,1,6.72,1,0.16
2026-08-17-10-07,2,6.68,2,0.05
2026-08-17-10-07,3,6.77,3,0.11
2026-08-17-10-07,4,6.68,4,0.05
2026-08-17-10-07,5,6.74,5,0.06
2026-08-17-10-07,6,6.68,6,0.07
2026-08-17-17-02,1,6.71,1,-0.13
2026-08-17-17-02,2,6.72,2,-0.13
2026-08-17-17-02,3,6.82,3,-0.08
2026-08-17-17-02,4,6.77,4,-0.08
2026-08-17-17-02,5,6.82,5,-0.04
2026-08-17-17-02,6,6.73,6,-0.09
2026-08-17-02-04,1,6.69,1,0.29
2026-08-17-02-04,2,6.73,2,0.12
2026-08-17-02-04,3,6.75,3,0.05
2026-08-17-02-04,4,6.65,4,-0.06
2026-08-17-02-04,5,6.73,5,-0.08
2026-08-17-02-04,6,6.66,6,0.06
2026-08-17-09-05,1,6.93,1,0.08
2026-08-17-09-05,2,7.0,2,0.12
2026-08-17-09-05,3,6.9,3,0.12
2026-08-17-09-05,4,7.01,4,0.12
2026-08-17-09-05,5,7.03,5,0.13
2026-08-17-09-05,6,6.95,6,0.12
2026-08-17-13-05,1,6.9,1,0.18
2026-08-17-13-05,2,6.97,2,-0.03
2026-08-17-13-05,3,6.92,3,0.19
2026-08-17-13-05,4,6.77,4,0.07
2026-08-17-13-05,5,6.88,5,0.08
2026-08-17-13-05,6,6.85,6,0.01
2026-08-17-22-01,1,6.9,1,0.2
2026-08-17-22-01,2,6.91,2,0.01
2026-08-17-22-01,3,6.89,3,0.07
2026-08-17-22-01,4,6.94,4,-0.17
2026-08-17-22-01,5,6.93,6,-0.06
2026-08-17-22-01,6,6.9,5,-0.27
2026-08-17-02-06,1,6.69,1,0.25
2026-08-17-02-06,2,6.79,2,0.17
2026-08-17-02-06,3,6.79,3,0.15
2026-08-17-02-06,4,6.77,4,0.18
2026-08-17-02-06,5,6.72,5,0.17
2026-08-17-02-06,6,6.78,6,0.22
2026-08-17-05-04,1,6.74,1,0.07
2026-08-17-05-04,2,6.72,2,0.06
2026-08-17-05-04,3,6.84,3,-0.03
2026-08-17-05-04,4,6.84,4,0.05
2026-08-17-05-04,5,6.77,5,0.15
2026-08-17-05-04,6,6.75,6,0.08
2026-08-17-11-06,1,6.83,1,0.01
2026-08-17-11-06,2,6.78,2,0.12
2026-08-17-11-06,3,6.72,3,-0.02
2026-08-17-11-06,4,6.8,4,-0.19
2026-08-17-11-06,5,6.73,6,-0.14
2026-08-17-11-06,6,6.79,5,-0.02
2026-08-17-14-10,1,6.91,1,0.02
2026-08-17-14-10,2,6.9,2,0.05
2026-08-17-14-10,3,6.75,3,0.07
2026-08-17-14-10,4,6.91,4,-0.02
2026-08-17-14-10,5,6.82,5,0.09
2026-08-17-14-10,6,6.91,6,0.11
2026-08-17-18-10,1,7.12,1,0.12
2026-08-17-18-10,2,7.03,2,0.28
2026-08-17-18-10,3,7.03,3,0.2
2026-08-17-18-10,4,7.01,4,0.09
2026-08-17-18-10,5,6.98,5,0.05
2026-08-17-18-10,6,7.05,6,0.26
2026-08-17-02-07,1,6.65,1,-0.01
2026-08-17-02-07,2,6.81,2,0.04
2026-08-17-02-07,3,6.81,3,0.08
2026-08-17-02-07,4,6.79,4,0.17
2026-08-17-02-07,5,6.71,5,-0.01
2026-08-17-02-07,6,6.82,6,-0.06
2026-08-17-11-07,1,6.72,1,0.15
2026-08-17-11-07,2,6.81,2,0.17
2026-08-17-11-07,3,6.73,3,0.26
2026-08-17-11-07,4,6.73,4,0.15
2026-08-17-11-07,5,6.71,5,0.21
2026-08-17-11-07,6,6.81,6,0.08
2026-08-17-14-11,1,6.81,1,-0.02
2026-08-17-14-11,2,6.87,2,0.03
2026-08-17-14-11,3,6.86,3,0.02
2026-08-17-14-11,4,6.79,4,-0.04
2026-08-17-14-11,5,6.81,5,0.08
2026-08-17-14-11,6,6.8,6,-0.05
2026-08-17-18-11,1,6.99,1,-0.07
2026-08-17-18-11,2,7.07,2,-0.07
2026-08-17-18-11,3,7.13,3,-0.06
2026-08-17-18-11,4,7.01,4,0.05
2026-08-17-18-11,5,6.98,5,0.09
2026-08-17-18-11,6,7.05,6,0.28
2026-08-17-09-09,1,6.95,1,0.09
2026-08-17-09-09,2,6.99,2,0.13
2026-08-17-09-09,3,6.99,3,0.08
2026-08-17-09-09,4,6.94,4,0.25
2026-08-17-09-09,5,6.92,5,0.17
2026-08-17-09-09,6,6.94,6,0.11
2026-08-17-13-09,1,6.93,1,0.1
2026-08-17-13-09,2,6.96,2,0.24
2026-08-17-13-09,3,6.98,3,0.02
2026-08-17-13-09,4,6.94,4,-0.01
2026-08-17-13-09,5,7.0,5,0.31
2026-08-17-13-09,6,6.94,6,0.12
2026-08-17-18-12,1,7.03,1,-0.04
2026-08-17-18-12,2,7.0,2,0.03
2026-08-17-18-12,3,7.03,3,0.18
2026-08-17-18-12,4,7.01,4,0.04
2026-08-17-18-12,5,7.02,5,0.06
2026-08-17-18-12,6,6.96,6,0.01
2026-08-17-22-05,1,6.97,1,0.19
2026-08-17-22-05,2,6.92,2,0.14
2026-08-17-22-05,3,6.99,3,0.19
2026-08-17-22-05,4,6.89,4,-0.01
2026-08-17-22-05,5,6.95,5,-0.1
2026-08-17-22-05,6,6.99,6,-0.09
2026-08-17-05-08,1,6.76,1,0.07
2026-08-17-05-08,2,6.7,3,0.02
2026-08-17-05-08,3,6.79,4,0.38
2026-08-17-05-08,4,6.77,2,-0.05
2026-08-17-05-08,5,6.7,5,0.21
2026-08-17-05-08,6,6.78,6,0.29
2026-08-17-13-10,1,6.91,1,0.13
2026-08-17-13-10,2,6.87,2,0.13
2026-08-17-13-10,3,6.97,3,0.1
2026-08-17-13-10,4,6.86,4,0.03
2026-08-17-13-10,5,6.93,5,0.08
2026-08-17-13-10,6,6.94,6,0.29
2026-08-17-22-06,1,6.94,1,0.01
2026-08-17-22-06,2,6.94,2,0.02
2026-08-17-22-06,3,6.96,3,0.09
2026-08-17-22-06,4,6.9,4,-0.05
2026-08-17-22-06,5,6.96,6,-0.08
2026-08-17-22-06,6,6.89,5,-0.04
2026-08-17-05-09,1,6.77,1,0.14
2026-08-17-05-09,2,6.76,2,0.15
2026-08-17-05-09,3,6.75,3,0.07
2026-08-17-05-09,4,6.71,4,0.09
2026-08-17-05-09,5,6.7,5,0.14
2026-08-17-05-09,6,6.73,6,0.16
2026-08-17-09-11,1,6.86,1,-0.1
2026-08-17-09-11,2,7.07,2,0.1
2026-08-17-09-11,3,6.97,3,0.18
2026-08-17-09-11,4,7.0,4,0.05
2026-08-17-09-11,5,7.08,5,-0.01
2026-08-17-09-11,6,7.02,6,-0.01
2026-08-17-12-02,1,,,
2026-08-17-12-02,2,,,
2026-08-17-12-02,3,,,
2026-08-17-12-02,4,,,
2026-08-17-12-02,5,,,
2026-08-17-12-02,6,,,
2026-08-17-22-07,1,6.87,1,-0.02
2026-08-17-22-07,2,6.88,2,0.1
2026-08-17-22-07,3,6.95,3,0.1
2026-08-17-22-07,4,6.93,4,0.03
2026-08-17-22-07,5,6.91,5,-0.06
2026-08-17-22-07,6,6.99,6,-0.15
2026-08-17-12-04,1,6.81,2,0.14
2026-08-17-12-04,2,6.88,3,0.28
2026-08-17-12-04,3,6.85,4,0.03
2026-08-17-12-04,4,6.88,5,0.03
2026-08-17-12-04,5,6.9,1,-0.01
2026-08-17-12-04,6,6.9,6,-0.02
2026-08-17-15-04,1,6.77,1,0.17
2026-08-17-15-04,2,6.78,2,0.14
2026-08-17-15-04,3,6.79,3,0.16
2026-08-17-15-04,4,6.81,6,0.33
2026-08-17-15-04,5,6.73,4,0.07
2026-08-17-15-04,6,6.78,5,0.04
2026-08-17-20-05,1,7.01,1,0.08
2026-08-17-20-05,2,7.07,2,0.03
2026-08-17-20-05,3,6.97,3,0.04
2026-08-17-20-05,4,6.9,4,0.07
2026-08-17-20-05,5,6.99,5,0.05
2026-08-17-20-05,6,6.93,6,0.13
2026-08-17-24-05,1,6.88,1,0.17
2026-08-17-24-05,2,6.93,2,0.08
2026-08-17-24-05,3,7.02,3,0.06
2026-08-17-24-05,4,6.98,4,0.03
2026-08-17-24-05,5,6.95,5,0.11
2026-08-17-24-05,6,7.0,6,0.13
2026-08-17-15-07,1,6.73,1,0.04
2026-08-17-15-07,2,6.71,2,0.11
2026-08-17-15-07,3,6.73,3,-0.01
2026-08-17-15-07,4,6.81,4,0.07
2026-08-17-15-07,5,6.8,5,0.18
2026-08-17-15-07,6,6.89,6,0.03
2026-08-17-22-12,1,6.87,1,0.02
2026-08-17-22-12,2,6.85,2,0.12
2026-08-17-22-12,3,6.89,3,-0.01
2026-08-17-22-12,4,6.9,4,-0.03
2026-08-17-22-12,5,6.92,5,0.14
2026-08-17-22-12,6,6.92,6,0.07
2026-08-17-24-07,1,6.93,1,0.09
2026-08-17-24-07,2,6.99,2,0.09
2026-08-17-24-07,3,6.94,3,0.09
2026-08-17-24-07,4,6.95,4,0.01
2026-08-17-24-07,5,6.93,5,0.17
2026-08-17-24-07,6,7.0,6,0.03
2026-08-17-15-08,1,6.77,1,0.0
2026-08-17-15-08,2,6.77,2,0.23
2026-08-17-15-08,3,6.74,3,0.21
2026-08-17-15-08,4,6.8,4,0.16
2026-08-17-15-08,5,6.81,5,0.05
2026-08-17-15-08,6,6.84,6,0.06
2026-08-17-24-08,1,6.98,1,0.12
2026-08-17-24-08,2,6.97,2,0.1
2026-08-17-24-08,3,6.99,3,0.01
2026-08-17-24-08,4,6.93,4,0.24
2026-08-17-24-08,5,6.91,5,0.17
2026-08-17-24-08,6,6.97,6,0.32
2026-08-17-20-09,1,6.94,1,0.08
2026-08-17-20-09,2,6.99,3,0.09
2026-08-17-20-09,3,6.9,4,-0.09
2026-08-17-20-09,4,6.96,5,0.14
2026-08-17-20-09,5,6.93,6,0.12
2026-08-17-20-09,6,7.05,2,0.14
2026-08-17-24-09,1,6.93,1,0.04
2026-08-17-24-09,2,6.98,2,0.08
2026-08-17-24-09,3,6.97,3,0.09
2026-08-17-24-09,4,6.97,4,0.13
2026-08-17-24-09,5,6.94,5,0.01
2026-08-17-24-09,6,6.94,6,0.08
2026-08-17-12-11,1,6.81,1,0.12
2026-08-17-12-11,2,6.81,2,-0.04
2026-08-17-12-11,3,6.84,3,0.0
2026-08-17-12-11,4,6.91,4,0.15
2026-08-17-12-11,5,6.81,5,0.05
2026-08-17-12-11,6,6.92,6,0.14
2026-08-17-20-10,1,6.85,1,0.18
2026-08-17-20-10,2,6.89,2,0.1
2026-08-17-20-10,3,6.93,3,0.05
2026-08-17-20-10,4,6.92,4,0.03
2026-08-17-20-10,5,6.96,5,0.17
2026-08-17-20-10,6,7.02,6,0.21
2026-08-17-20-11,1,6.97,1,0.15
2026-08-17-20-11,2,6.89,2,0.25
2026-08-17-20-11,3,6.92,3,0.08
2026-08-17-20-11,4,6.95,4,0.09
2026-08-17-20-11,5,7.09,5,0.13
2026-08-17-20-11,6,6.91,6,0.09
2026-08-17-24-11,1,6.98,1,0.2
2026-08-17-24-11,2,6.95,2,0.19
2026-08-17-24-11,3,6.94,3,0.13
2026-08-17-24-11,4,6.86,4,0.05
2026-08-17-24-11,5,6.95,5,0.05
2026-08-17-24-11,6,6.89,6,0.06
2026-08-17-20-12,1,6.92,1,0.19
2026-08-17-20-12,2,7.0,2,0.11
2026-08-17-20-12,3,6.85,3,0.04
2026-08-17-20-12,4,6.9,4,0.05
2026-08-17-20-12,5,6.97,5,-0.02
2026-08-17-20-12,6,6.97,6,0.02
2026-08-17-24-12,1,6.9,1,0.04
2026-08-17-24-12,2,6.94,2,0.07
2026-08-17-24-12,3,6.89,3,0.09
2026-08-17-24-12,4,6.92,4,0.06
2026-08-17-24-12,5,6.94,5,0.07
2026-08-17-24-12,6,6.89,6,-0.05
2026-08-18-14-01,1,6.8,1,0.11
2026-08-18-14-01,2,6.93,2,0.18
2026-08-18-14-01,3,6.85,3,0.21
2026-08-18-14-01,4,6.87,4,0.05
2026-08-18-14-01,5,6.84,5,0.01
2026-08-18-14-01,6,6.91,6,0.11
2026-08-18-18-01,1,7.02,1,-0.09
2026-08-18-18-01,2,7.01,2,0.14
2026-08-18-18-01,3,6.98,3,-0.01
2026-08-18-18-01,4,7.01,6,-0.11
2026-08-18-18-01,5,7.0,4,0.03
2026-08-18-18-01,6,7.05,5,0.09
2026-08-18-10-02,1,6.75,1,0.07
2026-08-18-10-02,2,6.63,2,0.14
2026-08-18-10-02,3,6.68,3,0.18
2026-08-18-10-02,4,6.65,5,0.16
2026-08-18-10-02,5,6.65,4,0.15
2026-08-18-10-02,6,6.68,6,0.24
2026-08-18-14-02,1,6.72,1,0.13
2026-08-18-14-02,2,6.77,2,0.13
2026-08-18-14-02,3,6.83,3,0.36
2026-08-18-14-02,4,6.81,4,0.12
2026-08-18-14-02,5,6.81,5,0.07
2026-08-18-14-02,6,6.87,6,0.16
2026-08-18-14-03,1,6.87,1,0.18
2026-08-18-14-03,2,6.88,2,0.07
2026-08-18-14-03,3,6.89,3,0.08
2026-08-18-14-03,4,6.83,4,0.01
2026-08-18-14-03,5,6.89,5,0.03
2026-08-18-14-03,6,6.81,6,0.11
2026-08-18-18-03,1,,,
2026-08-18-18-03,2,,,
2026-08-18-18-03,3,,,
2026-08-18-18-03,4,,,
2026-08-18-18-03,5,,,
2026-08-18-18-03,6,,,
2026-08-18-11-02,1,6.77,1,0.0
2026-08-18-11-02,2,6.96,2,0.11
2026-08-18-11-02,3,6.81,3,0.19
2026-08-18-11-02,4,6.9,4,0.03
2026-08-18-11-02,5,6.84,5,0.09
2026-08-18-11-02,6,6.87,6,0.02
2026-08-18-13-02,1,6.84,1,0.23
2026-08-18-13-02,2,6.84,2,0.17
2026-08-18-13-02,3,6.86,3,0.24
2026-08-18-13-02,4,6.95,4,0.12
2026-08-18-13-02,5,6.88,5,0.05
2026-08-18-13-02,6,6.87,6,0.02
2026-08-18-16-02,1,6.81,1,-0.03
2026-08-18-16-02,2,6.68,2,0.06
2026-08-18-16-02,3,6.75,3,0.19
2026-08-18-16-02,4,6.8,4,0.17
2026-08-18-16-02,5,6.8,5,0.02
2026-08-18-16-02,6,6.76,6,0.07
2026-08-18-18-06,1,6.88,1,0.16
2026-08-18-18-06,2,6.97,2,0.05
2026-08-18-18-06,3,7.02,3,0.05
2026-08-18-18-06,4,6.96,4,0.11
2026-08-18-18-06,5,7.01,5,0.11
2026-08-18-18-06,6,7.03,6,0.12
2026-08-18-09-04,1,6.86,1,0.0
2026-08-18-09-04,2,6.84,2,0.22
2026-08-18-09-04,3,6.89,3,0.14
2026-08-18-09-04,4,6.87,4,0.01
2026-08-18-09-04,5,6.86,5,-0.06
2026-08-18-09-04,6,6.91,6,0.03
2026-08-18-10-08,1,6.82,1,0.23
2026-08-18-10-08,2,6.71,2,0.11
2026-08-18-10-08,3,6.81,3,0.18
2026-08-18-10-08,4,6.72,4,0.18
2026-08-18-10-08,5,6.77,5,0.13
2026-08-18-10-08,6,6.79,6,0.18
2026-08-18-13-04,1,6.84,1,0.12
2026-08-18-13-04,2,6.8,2,-0.04
2026-08-18-13-04,3,6.87,3,-0.02
2026-08-18-13-04,4,6.83,4,0.26
2026-08-18-13-04,5,6.82,5,0.01
2026-08-18-13-04,6,6.77,6,-0.02
2026-08-18-14-08,1,6.79,1,0.01
2026-08-18-14-08,2,6.94,2,0.05
2026-08-18-14-08,3,6.8,3,-0.04
2026-08-18-14-08,4,6.79,4,-0.01
2026-08-18-14-08,5,6.89,5,0.03
2026-08-18-14-08,6,6.77,6,0.03
2026-08-18-17-03,1,6.7,1,0.07
2026-08-18-17-03,2,6.67,2,0.14
2026-08-18-17-03,3,6.73,3,0.07
2026-08-18-17-03,4,6.75,4,0.01
2026-08-18-17-03,5,6.75,5,0.12
2026-08-18-17-03,6,6.66,6,0.17
2026-08-18-05-03,1,6.86,1,0.03
2026-08-18-05-03,2,6.74,2,0.05
2026-08-18-05-03,3,6.75,3,0.04
2026-08-18-05-03,4,6.79,4,0.11
2026-08-18-05-03,5,6.75,5,0.49
2026-08-18-05-03,6,6.78,6,0.21
2026-08-18-11-05,1,7.09,1,0.0
2026-08-18-11-05,2,6.86,2,0.14
2026-08-18-11-05,3,6.85,3,0.15
2026-08-18-11-05,4,6.8,4,0.13
2026-08-18-11-05,5,6.88,5,0.1
2026-08-18-11-05,6,6.89,6,0.06
2026-08-18-16-05,1,6.72,1,0.04
2026-08-18-16-05,2,6.75,2,0.18
2026-08-18-16-05,3,6.79,3,0.1
2026-08-18-16-05,4,6.83,4,0.16
2026-08-18-16-05,5,6.89,5,0.11
2026-08-18-16-05,6,6.82,6,0.2
2026-08-18-18-09,1,7.0,1,-0.05
2026-08-18-18-09,2,7.09,2,0.07
2026-08-18-18-09,3,6.99,3,-0.04
2026-08-18-18-09,4,6.99,4,-0.01
2026-08-18-18-09,5,7.16,6,0.01
2026-08-18-18-09,6,6.96,5,0.07
2026-08-18-09-07,1,6.82,1,0.02
2026-08-18-09-07,2,6.9,2,0.07
2026-08-18-09-07,3,6.81,3,0.19
2026-08-18-09-07,4,6.98,5,-0.04
2026-08-18-09-07,5,6.9,6,0.09
2026-08-18-09-07,6,6.94,4,-0.01
2026-08-18-16-06,1,6.8,1,0.18
2026-08-18-16-06,2,6.74,2,0.02
2026-08-18-16-06,3,6.75,3,0.15
2026-08-18-16-06,4,6.85,4,0.16
2026-08-18-16-06,5,6.9,5,0.13
2026-08-18-16-06,6,6.8,6,0.02
2026-08-18-18-10,1,7.03,1,0.26
2026-08-18-18-10,2,6.96,2,0.15
2026-08-18-18-10,3,6.95,3,-0.06
2026-08-18-18-10,4,7.07,4,0.05
2026-08-18-18-10,5,6.98,5,-0.04
2026-08-18-18-10,6,7.04,6,-0.08
2026-08-18-09-08,1,6.9,1,0.11
2026-08-18-09-08,2,6.89,2,0.09
2026-08-18-09-08,3,6.93,3,0.05
2026-08-18-09-08,4,6.89,4,0.18
2026-08-18-09-08,5,6.81,5,0.12
2026-08-18-09-08,6,6.85,6,0.21
2026-08-18-13-08,1,6.82,1,0.07
2026-08-18-13-08,2,6.83,2,0.08
2026-08-18-13-08,3,6.83,3,0.24
2026-08-18-13-08,4,6.77,4,0.02
2026-08-18-13-08,5,6.83,5,0.11
2026-08-18-13-08,6,6.77,6,0.01
2026-08-18-16-07,1,6.61,1,0.21
2026-08-18-16-07,2,6.74,2,0.22
2026-08-18-16-07,3,6.73,3,0.18
2026-08-18-16-07,4,6.69,4,0.59
2026-08-18-16-07,5,6.9,5,0.17
2026-08-18-16-07,6,6.69,6,0.16
2026-08-18-17-07,1,6.77,1,0.0
2026-08-18-17-07,2,6.79,2,0.05
2026-08-18-17-07,3,6.69,3,0.06
2026-08-18-17-07,4,6.72,4,0.13
2026-08-18-17-07,5,6.7,5,0.19
2026-08-18-17-07,6,6.69,6,0.25
2026-08-18-09-09,1,6.8,1,0.14
2026-08-18-09-09,2,6.64,6,-0.01
2026-08-18-09-09,3,6.85,2,0.07
2026-08-18-09-09,4,6.85,3,0.04
2026-08-18-09-09,5,6.91,4,0.05
2026-08-18-09-09,6,6.82,5,-0.1
2026-08-18-13-09,1,6.83,1,0.29
2026-08-18-13-09,2,6.89,2,0.29
2026-08-18-13-09,3,6.82,3,0.16
2026-08-18-13-09,4,6.81,4,0.22
2026-08-18-13-09,5,6.82,5,0.36
2026-08-18-13-09,6,6.81,6,0.22
2026-08-18-14-12,1,6.74,1,0.01
2026-08-18-14-12,2,6.74,2,0.11
2026-08-18-14-12,3,6.86,3,0.01
2026-08-18-14-12,4,6.78,4,0.03
2026-08-18-14-12,5,6.81,5,-0.01
2026-08-18-14-12,6,6.85,6,-0.02
2026-08-18-16-08,1,6.71,1,0.17
2026-08-18-16-08,2,6.72,2,0.18
2026-08-18-16-08,3,6.81,3,0.1
2026-08-18-16-08,4,6.79,4,0.27
2026-08-18-16-08,5,6.8,5,0.14
2026-08-18-16-08,6,6.74,6,0.2
2026-08-18-17-08,1,6.71,1,0.27
2026-08-18-17-08,2,6.76,2,0.17
2026-08-18-17-08,3,6.73,3,0.03
2026-08-18-17-08,4,6.73,4,0.02
2026-08-18-17-08,5,6.74,5,0.11
2026-08-18-17-08,6,6.77,6,-0.01
2026-08-18-18-12,1,6.96,1,0.04
2026-08-18-18-12,2,6.98,2,-0.03
2026-08-18-18-12,3,6.94,3,0.02
2026-08-18-18-12,4,6.97,4,0.05
2026-08-18-18-12,5,7.01,5,0.21
2026-08-18-18-12,6,7.07,6,0.09
2026-08-18-09-10,1,6.82,1,0.04
2026-08-18-09-10,2,6.76,2,0.03
2026-08-18-09-10,3,6.83,3,0.12
2026-08-18-09-10,4,6.83,4,-0.01
2026-08-18-09-10,5,6.8,5,-0.01
2026-08-18-09-10,6,6.82,6,-0.09
2026-08-18-13-10,1,6.81,1,0.13
2026-08-18-13-10,2,6.78,2,0.09
2026-08-18-13-10,3,6.8,3,0.18
2026-08-18-13-10,4,6.86,4,0.32
2026-08-18-13-10,5,6.85,5,0.15
2026-08-18-13-10,6,6.77,6,0.19
2026-08-18-05-08,1,,1,-0.03
2026-08-18-05-08,2,6.74,2,0.16
2026-08-18-05-08,3,6.74,3,0.21
2026-08-18-05-08,4,6.76,4,0.01
2026-08-18-05-08,5,6.6,5,0.08
2026-08-18-05-08,6,6.65,6,-0.02
2026-08-18-11-10,1,6.7,1,-0.06
2026-08-18-11-10,2,6.88,2,0.28
2026-08-18-11-10,3,6.85,3,-0.01
2026-08-18-11-10,4,6.81,4,0.02
2026-08-18-11-10,5,6.88,5,0.12
2026-08-18-11-10,6,6.79,6,-0.09
2026-08-18-17-10,1,6.75,1,0.09
2026-08-18-17-10,2,6.78,2,0.19
2026-08-18-17-10,3,6.73,3,0.12
2026-08-18-17-10,4,6.78,4,0.19
2026-08-18-17-10,5,6.75,5,0.1
2026-08-18-17-10,6,6.74,6,0.13
2026-08-18-09-12,1,6.86,1,-0.03
2026-08-18-09-12,2,6.85,2,-0.01
2026-08-18-09-12,3,6.8,3,0.04
2026-08-18-09-12,4,6.86,4,-0.01
2026-08-18-09-12,5,6.85,5,0.02
2026-08-18-09-12,6,6.87,6,0.2
2026-08-18-12-03,1,6.88,1,0.02
2026-08-18-12-03,2,6.96,2,0.03
2026-08-18-12-03,3,6.87,3,0.07
2026-08-18-12-03,4,6.87,4,0.03
2026-08-18-12-03,5,6.87,5,0.01
2026-08-18-12-03,6,6.9,6,0.06
2026-08-18-13-12,1,6.72,1,0.04
2026-08-18-13-12,2,6.73,2,0.36
2026-08-18-13-12,3,6.85,3,0.19
2026-08-18-13-12,4,6.73,4,0.03
2026-08-18-13-12,5,6.82,5,0.14
2026-08-18-13-12,6,6.74,6,0.15
2026-08-18-15-03,1,,1,0.08
2026-08-18-15-03,2,,2,0.07
2026-08-18-15-03,3,,3,-0.04
2026-08-18-15-03,4,,4,-0.07
2026-08-18-15-03,5,,5,-0.13
2026-08-18-15-03,6,,6,-0.09
2026-08-18-16-11,1,6.79,1,0.01
2026-08-18-16-11,2,6.8,2,0.05
2026-08-18-16-11,3,6.94,3,0.23
2026-08-18-16-11,4,6.78,4,0.25
2026-08-18-16-11,5,6.75,5,0.01
2026-08-18-16-11,6,6.86,6,0.12
2026-08-18-05-11,1,6.74,1,0.19
2026-08-18-05-11,2,6.73,2,0.28
2026-08-18-05-11,3,6.77,3,0.09
2026-08-18-05-11,4,6.73,5,0.21
2026-08-18-05-11,5,6.81,4,-0.09
2026-08-18-05-11,6,6.77,6,0.18
2026-08-18-15-04,1,6.85,1,0.11
2026-08-18-15-04,2,6.75,2,0.06
2026-08-18-15-04,3,6.88,3,0.16
2026-08-18-15-04,4,6.74,4,0.03
2026-08-18-15-04,5,6.9,5,0.0
2026-08-18-15-04,6,6.83,6,0.01
2026-08-18-17-12,1,6.69,1,-0.05
2026-08-18-17-12,2,6.73,2,0.04
2026-08-18-17-12,3,6.73,3,-0.05
2026-08-18-17-12,4,6.71,4,0.12
2026-08-18-17-12,5,6.8,5,0.15
2026-08-18-17-12,6,6.76,6,0.07
2026-08-18-15-05,1,6.86,1,0.04
2026-08-18-15-05,2,6.76,2,0.06
2026-08-18-15-05,3,6.89,3,0.0
2026-08-18-15-05,4,6.73,4,0.12
2026-08-18-15-05,5,6.78,5,0.21
2026-08-18-15-05,6,6.81,6,0.18
2026-08-18-20-05,1,,,
2026-08-18-20-05,2,,,
2026-08-18-20-05,3,,,
2026-08-18-20-05,4,,,
2026-08-18-20-05,5,,,
2026-08-18-20-05,6,,,
2026-08-18-12-07,1,6.88,1,0.01
2026-08-18-12-07,2,6.98,2,0.01
2026-08-18-12-07,3,6.88,3,0.08
2026-08-18-12-07,4,6.89,4,0.05
2026-08-18-12-07,5,6.85,5,0.13
2026-08-18-12-07,6,6.89,6,0.22
2026-08-18-15-07,1,6.71,1,0.09
2026-08-18-15-07,2,6.79,2,0.04
2026-08-18-15-07,3,6.87,3,0.13
2026-08-18-15-07,4,6.85,4,0.06
2026-08-18-15-07,5,6.81,5,0.04
2026-08-18-15-07,6,6.83,6,0.03
2026-08-18-12-08,1,6.89,1,-0.07
2026-08-18-12-08,2,6.9,2,0.01
2026-08-18-12-08,3,6.93,3,-0.01
2026-08-18-12-08,4,6.93,4,-0.09
2026-08-18-12-08,5,6.91,5,-0.05
2026-08-18-12-08,6,6.91,6,0.01
2026-08-18-12-09,1,6.94,1,0.11
2026-08-18-12-09,2,6.93,2,0.18
2026-08-18-12-09,3,6.92,3,0.09
2026-08-18-12-09,4,6.89,4,0.07
2026-08-18-12-09,5,6.97,5,0.03
2026-08-18-12-09,6,6.87,6,0.07
2026-08-18-15-09,1,6.75,1,0.12
2026-08-18-15-09,2,6.9,2,0.01
2026-08-18-15-09,3,6.74,3,0.02
2026-08-18-15-09,4,6.84,4,0.01
2026-08-18-15-09,5,6.77,5,0.09
2026-08-18-15-09,6,6.79,6,0.15
2026-08-18-12-10,1,6.87,1,0.19
2026-08-18-12-10,2,6.88,2,0.11
2026-08-18-12-10,3,6.92,3,0.02
2026-08-18-12-10,4,6.89,4,0.23
2026-08-18-12-10,5,6.88,5,0.1
2026-08-18-12-10,6,6.83,6,0.01
2026-08-18-20-09,1,7.03,1,0.13
2026-08-18-20-09,2,6.95,3,0.08
2026-08-18-20-09,3,6.94,4,0.03
2026-08-18-20-09,4,6.93,5,0.08
2026-08-18-20-09,5,6.94,6,0.06
2026-08-18-20-09,6,7.12,2,0.12
2026-08-18-12-11,1,6.89,1,0.03
2026-08-18-12-11,2,6.85,2,0.03
2026-08-18-12-11,3,6.98,3,0.16
2026-08-18-12-11,4,6.98,4,-0.11
2026-08-18-12-11,5,6.91,5,-0.09
2026-08-18-12-11,6,7.0,6,-0.04
2026-08-18-15-11,1,6.8,1,0.07
2026-08-18-15-11,2,6.82,2,0.15
2026-08-18-15-11,3,6.73,3,0.09
2026-08-18-15-11,4,6.75,4,0.12
2026-08-18-15-11,5,6.79,5,-0.06
2026-08-18-15-11,6,6.76,6,-0.04
2026-08-18-20-11,1,6.94,1,-0.02
2026-08-18-20-11,2,7.02,2,0.09
2026-08-18-20-11,3,6.97,3,0.01
2026-08-18-20-11,4,6.95,4,0.03
2026-08-18-20-11,5,6.92,5,0.01
2026-08-18-20-11,6,6.98,6,0.01
2026-08-18-15-12,1,6.79,1,0.02
2026-08-18-15-12,2,6.82,2,0.04
2026-08-18-15-12,3,6.73,3,0.08
2026-08-18-15-12,4,6.77,4,-0.04
2026-08-18-15-12,5,6.8,5,-0.06
2026-08-18-15-12,6,6.87,6,-0.04
2026-08-18-20-12,1,6.89,1,0.09
2026-08-18-20-12,2,6.95,2,0.06
2026-08-18-20-12,3,6.87,3,0.13
2026-08-18-20-12,4,6.94,4,0.12
2026-08-18-20-12,5,6.94,5,0.13
2026-08-18-20-12,6,6.94,6,0.13
2026-08-19-14-01,1,6.76,1,0.15
2026-08-19-14-01,2,6.76,2,0.13
2026-08-19-14-01,3,6.82,3,0.19
2026-08-19-14-01,4,6.89,4,0.18
2026-08-19-14-01,5,6.8,5,0.01
2026-08-19-14-01,6,6.79,6,0.07
2026-08-19-18-01,1,,,
2026-08-19-18-01,2,,,
2026-08-19-18-01,3,,,
2026-08-19-18-01,4,,,
2026-08-19-18-01,5,,,
2026-08-19-18-01,6,,,
2026-08-19-10-02,1,6.79,1,0.18
2026-08-19-10-02,2,6.67,2,0.13
2026-08-19-10-02,3,6.61,3,0.19
2026-08-19-10-02,4,6.79,4,0.21
2026-08-19-10-02,5,6.72,5,0.09
2026-08-19-10-02,6,6.79,6,0.12
2026-08-19-14-02,1,6.84,1,0.07
2026-08-19-14-02,2,6.83,2,0.08
2026-08-19-14-02,3,6.93,3,0.08
2026-08-19-14-02,4,6.89,4,0.12
2026-08-19-14-02,5,6.87,5,0.01
2026-08-19-14-02,6,6.86,6,0.01
2026-08-19-14-03,1,6.81,1,0.16
2026-08-19-14-03,2,6.8,2,0.09
2026-08-19-14-03,3,6.79,3,0.03
2026-08-19-14-03,4,6.86,4,0.03
2026-08-19-14-03,5,6.86,5,0.01
2026-08-19-14-03,6,6.83,6,0.06
2026-08-19-18-03,1,,,
2026-08-19-18-03,2,,,
2026-08-19-18-03,3,,,
2026-08-19-18-03,4,,,
2026-08-19-18-03,5,,,
2026-08-19-18-03,6,,,
2026-08-19-13-02,1,6.88,1,0.11
2026-08-19-13-02,2,6.81,2,0.07
2026-08-19-13-02,3,6.81,4,0.0
2026-08-19-13-02,4,6.83,5,0.08
2026-08-19-13-02,5,6.79,6,0.08
2026-08-19-13-02,6,6.81,3,0.04
2026-08-19-16-02,1,6.68,1,0.03
2026-08-19-16-02,2,6.68,2,0.24
2026-08-19-16-02,3,6.82,3,0.22
2026-08-19-16-02,4,6.75,4,0.03
2026-08-19-16-02,5,6.75,5,0.14
2026-08-19-16-02,6,6.67,6,-0.01
2026-08-19-18-06,1,6.89,1,0.03
2026-08-19-18-06,2,6.99,2,0.01
2026-08-19-18-06,3,6.94,3,0.01
2026-08-19-18-06,4,6.99,4,-0.02
2026-08-19-18-06,5,6.94,5,-0.01
2026-08-19-18-06,6,6.97,6,0.1
2026-08-19-05-02,1,6.75,1,0.03
2026-08-19-05-02,2,6.77,2,0.05
2026-08-19-05-02,3,6.79,3,0.02
2026-08-19-05-02,4,6.8,4,0.06
2026-08-19-05-02,5,6.82,5,0.04
2026-08-19-05-02,6,6.77,6,0.13
2026-08-19-09-04,1,6.79,1,-0.01
2026-08-19-09-04,2,6.81,2,-0.08
2026-08-19-09-04,3,6.89,3,-0.05
2026-08-19-09-04,4,6.81,4,0.13
2026-08-19-09-04,5,6.85,5,0.04
2026-08-19-09-04,6,6.9,6,0.13
2026-08-19-11-04,1,6.74,1,0.03
2026-08-19-11-04,2,6.78,2,0.04
2026-08-19-11-04,3,6.87,3,0.04
2026-08-19-11-04,4,6.74,4,0.15
2026-08-19-11-04,5,6.76,5,0.15
2026-08-19-11-04,6,6.83,6,0.26
2026-08-19-13-04,1,6.83,1,0.24
2026-08-19-13-04,2,6.83,2,0.17
2026-08-19-13-04,3,6.8,3,0.29
2026-08-19-13-04,4,6.83,4,0.05
2026-08-19-13-04,5,6.83,5,0.13
2026-08-19-13-04,6,6.88,6,0.13
2026-08-19-14-08,1,6.71,1,0.05
2026-08-19-14-08,2,6.75,2,0.06
2026-08-19-14-08,3,6.96,3,0.21
2026-08-19-14-08,4,6.81,4,0.04
2026-08-19-14-08,5,6.82,6,0.17
2026-08-19-14-08,6,6.74,5,0.02
2026-08-19-16-05,1,6.8,1,0.14
2026-08-19-16-05,2,6.79,2,0.41
2026-08-19-16-05,3,6.86,3,0.28
2026-08-19-16-05,4,6.76,4,0.09
2026-08-19-16-05,5,6.91,5,0.13
2026-08-19-16-05,6,6.7,6,0.04
2026-08-19-18-09,1,6.89,1,0.17
2026-08-19-18-09,2,6.88,2,0.09
2026-08-19-18-09,3,6.88,3,0.1
2026-08-19-18-09,4,6.95,4,0.06
2026-08-19-18-09,5,7.01,5,0.13
2026-08-19-18-09,6,6.93,6,0.21
2026-08-19-05-05,1,6.7,1,0.31
2026-08-19-05-05,2,6.84,2,0.06
2026-08-19-05-05,3,6.72,3,0.05
2026-08-19-05-05,4,6.77,4,0.04
2026-08-19-05-05,5,6.73,5,0.0
2026-08-19-05-05,6,6.72,6,-0.01
2026-08-19-09-07,1,6.88,1,0.09
2026-08-19-09-07,2,6.81,2,0.22
2026-08-19-09-07,3,6.9,3,0.08
2026-08-19-09-07,4,6.86,5,0.02
2026-08-19-09-07,5,6.86,4,0.13
2026-08-19-09-07,6,6.87,6,0.05
2026-08-19-13-07,1,6.82,1,0.02
2026-08-19-13-07,2,6.81,2,0.04
2026-08-19-13-07,3,6.79,3,-0.03
2026-08-19-13-07,4,6.82,4,0.11
2026-08-19-13-07,5,6.89,5,0.1
2026-08-19-13-07,6,6.78,6,0.07
2026-08-19-05-06,1,6.69,1,0.06
2026-08-19-05-06,2,6.75,2,0.02
2026-08-19-05-06,3,6.81,3,0.06
2026-08-19-05-06,4,6.79,4,0.08
2026-08-19-05-06,5,6.77,5,0.31
2026-08-19-05-06,6,6.7,6,0.13
2026-08-19-09-08,1,6.81,1,0.06
2026-08-19-09-08,2,6.83,2,0.13
2026-08-19-09-08,3,6.84,3,0.17
2026-08-19-09-08,4,6.8,4,0.02
2026-08-19-09-08,5,6.75,5,-0.01
2026-08-19-09-08,6,6.82,6,0.19
2026-08-19-13-08,1,6.78,1,0.01
2026-08-19-13-08,2,6.83,2,0.19
2026-08-19-13-08,3,6.8,3,0.05
2026-08-19-13-08,4,6.82,4,0.22
2026-08-19-13-08,5,6.81,5,0.09
2026-08-19-13-08,6,6.81,6,0.05
2026-08-19-05-07,1,6.75,1,0.09
2026-08-19-05-07,2,6.79,3,0.04
2026-08-19-05-07,3,6.79,4,0.08
2026-08-19-05-07,4,6.77,5,0.02
2026-08-19-05-07,5,6.8,2,0.05
2026-08-19-05-07,6,6.75,6,0.03
2026-08-19-09-09,1,6.91,1,0.1
2026-08-19-09-09,2,6.91,2,0.15
2026-08-19-09-09,3,6.84,3,0.26
2026-08-19-09-09,4,6.97,4,0.09
2026-08-19-09-09,5,6.99,5,0.04
2026-08-19-09-09,6,6.84,6,0.07
2026-08-19-13-09,1,6.78,1,0.12
2026-08-19-13-09,2,6.72,2,-0.06
2026-08-19-13-09,3,6.8,3,-0.03
2026-08-19-13-09,4,6.77,4,-0.03
2026-08-19-13-09,5,6.79,5,0.09
2026-08-19-13-09,6,6.8,6,0.23
2026-08-19-16-08,1,6.83,1,0.09
2026-08-19-16-08,2,6.88,2,0.17
2026-08-19-16-08,3,6.84,3,0.1
2026-08-19-16-08,4,6.83,4,0.04
2026-08-19-16-08,5,6.82,5,-0.05
2026-08-19-16-08,6,6.82,6,-0.04
2026-08-19-18-12,1,6.91,1,0.04
2026-08-19-18-12,2,6.96,2,0.01
2026-08-19-18-12,3,6.93,3,0.02
2026-08-19-18-12,4,6.9,4,0.11
2026-08-19-18-12,5,6.93,5,-0.02
2026-08-19-18-12,6,7.0,6,0.08
2026-08-19-13-10,1,6.75,1,0.07
2026-08-19-13-10,2,6.84,2,-0.03
2026-08-19-13-10,3,6.82,3,-0.03
2026-08-19-13-10,4,6.8,4,0.03
2026-08-19-13-10,5,6.81,5,0.19
2026-08-19-13-10,6,6.84,6,0.02
2026-08-19-16-09,1,6.75,1,0.2
2026-08-19-16-09,2,6.86,2,0.17
2026-08-19-16-09,3,6.84,3,0.11
2026-08-19-16-09,4,6.83,4,0.39
2026-08-19-16-09,5,6.84,5,0.14
2026-08-19-16-09,6,6.83,6,0.06
2026-08-19-13-11,1,6.79,1,0.15
2026-08-19-13-11,2,6.75,2,0.08
2026-08-19-13-11,3,6.76,3,-0.08
2026-08-19-13-11,4,6.82,4,0.0
2026-08-19-13-11,5,6.85,5,0.19
2026-08-19-13-11,6,6.75,6,0.1
2026-08-19-15-01,1,6.79,1,-0.04
2026-08-19-15-01,2,6.8,2,0.05
2026-08-19-15-01,3,6.82,3,0.03
2026-08-19-15-01,4,6.74,4,0.09
2026-08-19-15-01,5,6.69,5,0.15
2026-08-19-15-01,6,6.82,6,0.09
2026-08-19-19-01,1,6.83,1,0.09
2026-08-19-19-01,2,6.84,2,0.09
2026-08-19-19-01,3,6.95,3,0.05
2026-08-19-19-01,4,6.91,4,0.12
2026-08-19-19-01,5,6.8,5,0.11
2026-08-19-19-01,6,6.9,6,0.21
2026-08-19-05-10,1,6.66,1,0.19
2026-08-19-05-10,2,6.69,2,0.18
2026-08-19-05-10,3,6.72,3,0.29
2026-08-19-05-10,4,6.86,4,0.11
2026-08-19-05-10,5,6.72,5,0.16
2026-08-19-05-10,6,6.79,6,0.19
2026-08-19-09-12,1,6.77,1,0.04
2026-08-19-09-12,2,6.8,2,0.08
2026-08-19-09-12,3,6.83,3,0.06
2026-08-19-09-12,4,6.81,4,0.03
2026-08-19-09-12,5,6.8,5,0.07
2026-08-19-09-12,6,6.88,6,0.29
2026-08-19-16-11,1,6.83,1,0.32
2026-08-19-16-11,2,6.76,2,0.17
2026-08-19-16-11,3,6.78,3,0.09
2026-08-19-16-11,4,6.84,4,0.02
2026-08-19-16-11,5,6.85,5,-0.01
2026-08-19-16-11,6,6.95,6,-0.05
2026-08-19-19-03,1,6.84,1,0.11
2026-08-19-19-03,2,6.85,2,0.14
2026-08-19-19-03,3,6.87,3,0.11
2026-08-19-19-03,4,6.82,5,0.05
2026-08-19-19-03,5,6.91,6,0.05
2026-08-19-19-03,6,6.9,4,0.07
2026-08-19-20-03,1,6.99,1,-0.01
2026-08-19-20-03,2,6.94,2,0.03
2026-08-19-20-03,3,7.02,3,-0.09
2026-08-19-20-03,4,6.93,4,0.06
2026-08-19-20-03,5,7.06,5,0.09
2026-08-19-20-03,6,6.98,6,0.03
2026-08-19-15-05,1,6.75,1,0.02
2026-08-19-15-05,2,6.71,2,0.04
2026-08-19-15-05,3,6.86,3,0.11
2026-08-19-15-05,4,6.86,4,0.07
2026-08-19-15-05,5,6.83,5,0.05
2026-08-19-15-05,6,6.8,6,0.05
2026-08-19-05-12,1,6.67,1,0.12
2026-08-19-05-12,2,6.66,2,0.08
2026-08-19-05-12,3,6.81,4,0.18
2026-08-19-05-12,4,6.72,5,0.11
2026-08-19-05-12,5,6.76,3,0.17
2026-08-19-05-12,6,6.74,6,0.23
2026-08-19-15-06,1,6.87,1,0.24
2026-08-19-15-06,2,6.81,4,0.04
2026-08-19-15-06,3,6.73,2,0.44
2026-08-19-15-06,4,6.81,5,0.02
2026-08-19-15-06,5,6.85,6,-0.04
2026-08-19-15-06,6,6.8,3,-0.04
2026-08-19-20-07,1,7.1,1,0.09
2026-08-19-20-07,2,7.02,2,0.15
2026-08-19-20-07,3,7.0,3,0.05
2026-08-19-20-07,4,6.98,4,0.03
2026-08-19-20-07,5,7.06,5,0.24
2026-08-19-20-07,6,7.0,6,0.1
2026-08-19-15-08,1,6.81,1,-0.05
2026-08-19-15-08,2,6.82,2,-0.04
2026-08-19-15-08,3,6.86,3,0.06
2026-08-19-15-08,4,6.8,4,-0.05
2026-08-19-15-08,5,6.76,5,0.15
2026-08-19-15-08,6,6.87,6,0.09
2026-08-19-20-08,1,6.95,1,-0.03
2026-08-19-20-08,2,7.02,2,0.08
2026-08-19-20-08,3,7.07,3,0.08
2026-08-19-20-08,4,7.01,4,0.13
2026-08-19-20-08,5,7.08,5,0.18
2026-08-19-20-08,6,7.0,6,0.14
2026-08-19-20-09,1,6.99,1,0.16
2026-08-19-20-09,2,6.95,2,0.19
2026-08-19-20-09,3,6.94,3,0.18
2026-08-19-20-09,4,6.97,4,0.09
2026-08-19-20-09,5,6.99,5,0.25
2026-08-19-20-09,6,6.99,6,0.24
2026-08-19-15-10,1,6.82,1,0.03
2026-08-19-15-10,2,6.83,2,0.08
2026-08-19-15-10,3,6.8,3,0.27
2026-08-19-15-10,4,6.82,4,0.05
2026-08-19-15-10,5,6.83,5,0.05
2026-08-19-15-10,6,6.78,6,0.08
2026-08-19-15-11,1,6.8,1,-0.08
2026-08-19-15-11,2,6.82,2,-0.06
2026-08-19-15-11,3,6.77,3,-0.02
2026-08-19-15-11,4,6.77,4,0.04
2026-08-19-15-11,5,6.9,5,0.02
2026-08-19-15-11,6,6.79,6,0.05
2026-08-19-19-11,1,6.87,1,0.16
2026-08-19-19-11,2,6.85,2,0.03
2026-08-19-19-11,3,6.94,3,0.08
2026-08-19-19-11,4,6.89,4,0.09
2026-08-19-19-11,5,6.93,5,0.07
2026-08-19-19-11,6,6.92,6,0.05
2026-08-19-20-11,1,6.98,1,0.11
2026-08-19-20-11,2,6.93,2,-0.07
2026-08-19-20-11,3,6.94,3,-0.07
2026-08-19-20-11,4,7.01,4,0.29
2026-08-19-20-11,5,6.81,6,0.01
2026-08-19-20-11,6,7.01,5,0.12
2026-08-19-19-12,1,6.96,1,0.04
2026-08-19-19-12,2,6.84,2,0.05
2026-08-19-19-12,3,6.82,3,0.16
2026-08-19-19-12,4,6.81,4,0.06
2026-08-19-19-12,5,6.78,5,0.03
2026-08-19-19-12,6,6.84,6,0.16
2026-08-19-20-12,1,7.02,1,0.06
2026-08-19-20-12,2,6.97,2,0.26
2026-08-19-20-12,3,6.98,3,0.31
2026-08-19-20-12,4,6.99,4,0.01
2026-08-19-20-12,5,7.01,5,0.02
2026-08-19-20-12,6,6.94,6,0.07
2026-08-20-18-01,1,,,
2026-08-20-18-01,2,,,
2026-08-20-18-01,3,,,
2026-08-20-18-01,4,,,
2026-08-20-18-01,5,,,
2026-08-20-18-01,6,,,
2026-08-20-23-01,1,6.69,1,0.01
2026-08-20-23-01,2,6.76,2,0.03
2026-08-20-23-01,3,6.74,3,0.06
2026-08-20-23-01,4,6.76,4,0.29
2026-08-20-23-01,5,6.9,5,0.05
2026-08-20-23-01,6,6.87,6,0.08
2026-08-20-21-02,1,6.78,1,-0.01
2026-08-20-21-02,2,6.79,2,0.23
2026-08-20-21-02,3,6.82,3,0.27
2026-08-20-21-02,4,6.81,4,-0.01
2026-08-20-21-02,5,6.86,5,0.08
2026-08-20-21-02,6,6.79,6,0.09
2026-08-20-23-02,1,6.75,1,0.08
2026-08-20-23-02,2,6.83,2,0.11
2026-08-20-23-02,3,6.84,3,0.22
2026-08-20-23-02,4,6.73,4,0.1
2026-08-20-23-02,5,6.76,5,0.17
2026-08-20-23-02,6,6.77,6,0.24
2026-08-20-18-03,1,,,
2026-08-20-18-03,2,,,
2026-08-20-18-03,3,,,
2026-08-20-18-03,4,,,
2026-08-20-18-03,5,,,
2026-08-20-18-03,6,,,
2026-08-20-23-03,1,6.84,1,0.08
2026-08-20-23-03,2,6.8,2,0.05
2026-08-20-23-03,3,6.79,3,0.15
2026-08-20-23-03,4,6.82,4,0.12
2026-08-20-23-03,5,6.85,5,0.06
2026-08-20-23-03,6,6.78,6,0.17
2026-08-20-09-02,1,6.83,1,0.04
2026-08-20-09-02,2,6.92,2,0.22
2026-08-20-09-02,3,6.89,3,0.13
2026-08-20-09-02,4,6.85,4,0.01
2026-08-20-09-02,5,6.82,5,0.05
2026-08-20-09-02,6,6.78,6,-0.01
2026-08-20-13-02,1,6.9,1,-0.01
2026-08-20-13-02,2,6.85,2,0.02
2026-08-20-13-02,3,6.86,3,0.01
2026-08-20-13-02,4,6.87,4,0.17
2026-08-20-13-02,5,6.83,5,0.12
2026-08-20-13-02,6,6.8,6,-0.03
2026-08-20-16-02,1,6.64,1,0.15
2026-08-20-16-02,2,6.73,2,0.17
2026-08-20-16-02,3,6.77,3,-0.02
2026-08-20-16-02,4,6.77,4,0.14
2026-08-20-16-02,5,6.78,5,0.02
2026-08-20-16-02,6,6.82,6,0.04
2026-08-20-18-06,1,6.88,1,0.04
2026-08-20-18-06,2,7.0,2,0.14
2026-08-20-18-06,3,6.96,3,0.02
2026-08-20-18-06,4,6.92,4,-0.05
2026-08-20-18-06,5,7.01,5,-0.01
2026-08-20-18-06,6,6.95,6,0.01
2026-08-20-04-01,1,6.91,1,0.02
2026-08-20-04-01,2,6.95,2,0.08
2026-08-20-04-01,3,6.82,3,0.09
2026-08-20-04-01,4,6.85,4,0.34
2026-08-20-04-01,5,6.84,5,0.38
2026-08-20-04-01,6,6.94,6,0.25
2026-08-20-09-04,1,6.88,1,-0.02
2026-08-20-09-04,2,6.95,2,0.04
2026-08-20-09-04,3,6.85,3,0.08
2026-08-20-09-04,4,6.76,4,0.29
2026-08-20-09-04,5,6.81,5,0.05
2026-08-20-09-04,6,6.84,6,0.03
2026-08-20-11-04,1,6.84,1,0.08
2026-08-20-11-04,2,6.81,2,0.06
2026-08-20-11-04,3,6.78,3,0.12
2026-08-20-11-04,4,6.95,4,0.07
2026-08-20-11-04,5,6.76,5,0.07
2026-08-20-11-04,6,6.82,6,0.08
2026-08-20-13-04,1,6.85,1,0.23
2026-08-20-13-04,2,6.81,2,0.08
2026-08-20-13-04,3,6.83,3,-0.04
2026-08-20-13-04,4,6.79,4,0.03
2026-08-20-13-04,5,6.79,5,0.04
2026-08-20-13-04,6,6.79,6,0.05
2026-08-20-23-08,1,6.85,1,0.16
2026-08-20-23-08,2,6.74,2,0.04
2026-08-20-23-08,3,6.9,3,0.07
2026-08-20-23-08,4,6.87,4,0.07
2026-08-20-23-08,5,6.8,5,0.04
2026-08-20-23-08,6,6.8,6,0.04
2026-08-20-02-05,1,6.81,1,-0.06
2026-08-20-02-05,2,6.76,2,0.0
2026-08-20-02-05,3,6.8,3,0.13
2026-08-20-02-05,4,6.86,4,0.07
2026-08-20-02-05,5,6.87,5,0.07
2026-08-20-02-05,6,6.86,6,0.04
2026-08-20-16-05,1,6.79,1,0.13
2026-08-20-16-05,2,6.7,2,0.09
2026-08-20-16-05,3,6.79,3,0.12
2026-08-20-16-05,4,6.75,4,0.15
2026-08-20-16-05,5,6.76,6,0.23
2026-08-20-16-05,6,6.71,5,0.1
2026-08-20-18-09,1,6.96,1,0.06
2026-08-20-18-09,2,6.99,2,0.16
2026-08-20-18-09,3,7.04,3,0.24
2026-08-20-18-09,4,6.99,4,0.14
2026-08-20-18-09,5,6.98,5,-0.02
2026-08-20-18-09,6,6.95,6,-0.05
2026-08-20-23-09,1,6.78,1,0.06
2026-08-20-23-09,2,6.85,2,0.03
2026-08-20-23-09,3,6.87,3,0.25
2026-08-20-23-09,4,6.81,5,0.17
2026-08-20-23-09,5,6.87,6,0.25
2026-08-20-23-09,6,6.82,4,0.26
2026-08-20-04-04,1,6.76,1,-0.05
2026-08-20-04-04,2,6.8,2,0.26
2026-08-20-04-04,3,6.94,3,0.36
2026-08-20-04-04,4,6.93,4,0.23
2026-08-20-04-04,5,7.0,5,0.21
2026-08-20-04-04,6,6.79,6,-0.08
2026-08-20-13-07,1,6.77,1,0.06
2026-08-20-13-07,2,6.81,2,0.1
2026-08-20-13-07,3,6.8,3,0.06
2026-08-20-13-07,4,6.82,4,0.19
2026-08-20-13-07,5,6.86,5,0.01
2026-08-20-13-07,6,6.84,6,-0.04
2026-08-20-05-06,1,6.71,1,0.05
2026-08-20-05-06,2,6.87,3,0.25
2026-08-20-05-06,3,6.8,2,0.2
2026-08-20-05-06,4,6.75,4,0.07
2026-08-20-05-06,5,6.71,5,0.08
2026-08-20-05-06,6,6.78,6,0.06
2026-08-20-09-08,1,6.85,1,0.19
2026-08-20-09-08,2,6.89,2,0.26
2026-08-20-09-08,3,6.66,6,0.35
2026-08-20-09-08,4,6.94,3,0.12
2026-08-20-09-08,5,6.78,4,0.04
2026-08-20-09-08,6,6.82,5,0.09
2026-08-20-11-08,1,6.87,1,-0.03
2026-08-20-11-08,2,6.95,2,-0.01
2026-08-20-11-08,3,6.81,3,-0.06
2026-08-20-11-08,4,6.89,4,-0.02
2026-08-20-11-08,5,6.8,5,0.01
2026-08-20-11-08,6,6.83,6,0.02
2026-08-20-04-06,1,6.95,1,0.24
2026-08-20-04-06,2,6.98,2,0.11
2026-08-20-04-06,3,6.97,3,0.12
2026-08-20-04-06,4,6.93,4,0.11
2026-08-20-04-06,5,6.89,5,0.05
2026-08-20-04-06,6,6.87,6,0.05
2026-08-20-05-07,1,6.71,1,0.08
2026-08-20-05-07,2,6.84,2,0.08
2026-08-20-05-07,3,6.75,3,0.11
2026-08-20-05-07,4,6.77,4,0.05
2026-08-20-05-07,5,6.77,5,0.04
2026-08-20-05-07,6,6.74,6,0.12
2026-08-20-09-09,1,6.91,1,0.05
2026-08-20-09-09,2,6.95,2,0.06
2026-08-20-09-09,3,6.89,3,0.14
2026-08-20-09-09,4,6.95,4,0.1
2026-08-20-09-09,5,6.85,5,0.11
2026-08-20-09-09,6,6.88,6,0.13
2026-08-20-16-08,1,6.77,1,0.01
2026-08-20-16-08,2,6.83,2,0.08
2026-08-20-16-08,3,6.77,3,0.09
2026-08-20-16-08,4,6.8,4,0.05
2026-08-20-16-08,5,6.86,5,0.12
2026-08-20-16-08,6,6.79,6,-0.07
2026-08-20-18-12,1,6.95,1,0.14
2026-08-20-18-12,2,6.92,2,0.05
2026-08-20-18-12,3,7.0,3,0.03
2026-08-20-18-12,4,6.95,4,-0.04
2026-08-20-18-12,5,6.94,5,-0.05
2026-08-20-18-12,6,7.0,6,0.02
2026-08-20-23-12,1,6.78,1,-0.01
2026-08-20-23-12,2,6.8,2,0.06
2026-08-20-23-12,3,6.97,3,0.07
2026-08-20-23-12,4,6.82,4,0.08
2026-08-20-23-12,5,6.82,5,0.19
2026-08-20-23-12,6,6.87,6,0.12
2026-08-20-04-07,1,6.89,1,0.13
2026-08-20-04-07,2,6.87,2,-0.1
2026-08-20-04-07,3,6.97,3,0.02
2026-08-20-04-07,4,6.98,4,-0.07
2026-08-20-04-07,5,6.94,5,-0.12
2026-08-20-04-07,6,6.9,6,-0.12
2026-08-20-13-10,1,6.77,1,0.17
2026-08-20-13-10,2,6.8,2,0.14
2026-08-20-13-10,3,6.79,3,0.13
2026-08-20-13-10,4,6.88,4,0.35
2026-08-20-13-10,5,6.82,5,0.1
2026-08-20-13-10,6,6.8,6,0.09
2026-08-20-02-10,1,6.74,1,0.18
2026-08-20-02-10,2,6.86,2,-0.01
2026-08-20-02-10,3,6.73,3,0.03
2026-08-20-02-10,4,6.83,4,0.14
2026-08-20-02-10,5,6.85,5,0.11
2026-08-20-02-10,6,6.82,6,0.11
2026-08-20-04-08,1,6.92,1,0.22
2026-08-20-04-08,2,6.94,2,0.13
2026-08-20-04-08,3,6.97,3,0.09
2026-08-20-04-08,4,6.99,4,0.14
2026-08-20-04-08,5,7.04,5,0.13
2026-08-20-04-08,6,7.02,6,0.18
2026-08-20-19-01,1,6.83,1,0.05
2026-08-20-19-01,2,6.85,2,-0.06
2026-08-20-19-01,3,6.78,3,-0.06
2026-08-20-19-01,4,6.87,4,0.16
2026-08-20-19-01,5,6.85,5,0.12
2026-08-20-19-01,6,6.88,6,0.11
2026-08-20-20-01,1,6.99,1,0.22
2026-08-20-20-01,2,6.98,2,0.06
2026-08-20-20-01,3,7.0,3,0.14
2026-08-20-20-01,4,6.96,4,0.09
2026-08-20-20-01,5,6.96,5,0.1
2026-08-20-20-01,6,6.94,6,0.04
2026-08-20-05-10,1,6.79,1,0.13
2026-08-20-05-10,2,6.79,2,0.21
2026-08-20-05-10,3,6.77,3,0.01
2026-08-20-05-10,4,6.8,4,0.11
2026-08-20-05-10,5,6.7,5,-0.02
2026-08-20-05-10,6,6.81,6,-0.02
2026-08-20-09-12,1,6.78,1,0.06
2026-08-20-09-12,2,6.84,2,0.18
2026-08-20-09-12,3,6.74,3,0.08
2026-08-20-09-12,4,6.85,4,0.14
2026-08-20-09-12,5,6.89,5,0.13
2026-08-20-09-12,6,6.93,6,0.2
2026-08-20-19-03,1,6.76,1,0.09
2026-08-20-19-03,2,6.87,2,-0.02
2026-08-20-19-03,3,6.78,3,0.26
2026-08-20-19-03,4,6.87,4,0.21
2026-08-20-19-03,5,6.84,5,0.11
2026-08-20-19-03,6,6.9,6,0.45
2026-08-20-20-03,1,6.99,1,-0.02
2026-08-20-20-03,2,6.96,2,0.19
2026-08-20-20-03,3,7.05,4,-0.08
2026-08-20-20-03,4,6.99,5,-0.02
2026-08-20-20-03,5,7.05,3,0.09
2026-08-20-20-03,6,7.06,6,0.05
2026-08-20-04-11,1,6.85,1,0.1
2026-08-20-04-11,2,6.9,2,0.16
2026-08-20-04-11,3,6.84,4,0.03
2026-08-20-04-11,4,6.89,5,0.02
2026-08-20-04-11,5,6.93,3,0.16
2026-08-20-04-11,6,6.81,6,-0.02
2026-08-20-15-05,1,6.76,1,0.08
2026-08-20-15-05,2,6.83,3,0.11
2026-08-20-15-05,3,6.81,4,0.1
2026-08-20-15-05,4,6.81,2,0.08
2026-08-20-15-05,5,6.74,5,0.14
2026-08-20-15-05,6,6.76,6,0.16
2026-08-20-05-12,1,6.68,1,0.04
2026-08-20-05-12,2,6.68,2,-0.02
2026-08-20-05-12,3,6.69,3,-0.15
2026-08-20-05-12,4,6.78,4,0.03
2026-08-20-05-12,5,6.7,5,-0.11
2026-08-20-05-12,6,6.79,6,-0.07
2026-08-20-15-06,1,6.76,1,0.05
2026-08-20-15-06,2,6.87,2,0.05
2026-08-20-15-06,3,6.8,3,0.11
2026-08-20-15-06,4,6.82,4,0.21
2026-08-20-15-06,5,6.81,5,0.15
2026-08-20-15-06,6,6.83,6,0.23
2026-08-20-20-06,1,,,
2026-08-20-20-06,2,,,
2026-08-20-20-06,3,,,
2026-08-20-20-06,4,,,
2026-08-20-20-06,5,,,
2026-08-20-20-06,6,,,
2026-08-20-19-07,1,6.88,1,0.13
2026-08-20-19-07,2,6.88,3,0.02
2026-08-20-19-07,3,6.87,4,0.01
2026-08-20-19-07,4,6.86,5,0.05
2026-08-20-19-07,5,6.88,6,0.14
2026-08-20-19-07,6,6.87,2,0.01
2026-08-20-24-02,1,6.99,1,0.18
2026-08-20-24-02,2,6.99,2,0.05
2026-08-20-24-02,3,6.96,3,0.05
2026-08-20-24-02,4,6.96,4,0.03
2026-08-20-24-02,5,6.96,5,0.09
2026-08-20-24-02,6,6.94,6,0.15
2026-08-20-15-09,1,6.85,1,-0.04
2026-08-20-15-09,2,6.77,2,0.0
2026-08-20-15-09,3,6.8,3,0.0
2026-08-20-15-09,4,6.76,4,0.02
2026-08-20-15-09,5,6.89,5,0.02
2026-08-20-15-09,6,6.82,6,0.08
2026-08-20-19-08,1,6.85,1,0.03
2026-08-20-19-08,2,6.9,2,0.09
2026-08-20-19-08,3,6.93,3,0.27
2026-08-20-19-08,4,6.85,4,0.18
2026-08-20-19-08,5,6.85,5,0.09
2026-08-20-19-08,6,6.89,6,0.1
2026-08-20-19-09,1,6.94,1,0.07
2026-08-20-19-09,2,6.94,2,0.02
2026-08-20-19-09,3,7.0,3,0.01
2026-08-20-19-09,4,6.85,4,-0.02
2026-08-20-19-09,5,6.97,5,0.05
2026-08-20-19-09,6,6.91,6,0.06
2026-08-20-20-09,1,6.96,1,0.19
2026-08-20-20-09,2,6.94,2,0.17
2026-08-20-20-09,3,7.02,3,0.19
2026-08-20-20-09,4,,,
2026-08-20-20-09,5,6.91,4,0.06
2026-08-20-20-09,6,7.03,5,0.23
2026-08-20-19-10,1,6.87,1,-0.01
2026-08-20-19-10,2,6.91,2,0.04
2026-08-20-19-10,3,6.89,3,0.11
2026-08-20-19-10,4,6.91,4,0.03
2026-08-20-19-10,5,6.83,5,0.0
2026-08-20-19-10,6,6.94,6,0.06
2026-08-20-24-06,1,,,
2026-08-20-24-06,2,,,
2026-08-20-24-06,3,,,
2026-08-20-24-06,4,,,
2026-08-20-24-06,5,,,
2026-08-20-24-06,6,,,
2026-08-20-19-11,1,6.89,1,0.01
2026-08-20-19-11,2,6.89,2,0.07
2026-08-20-19-11,3,6.96,3,0.05
2026-08-20-19-11,4,6.92,4,0.02
2026-08-20-19-11,5,6.85,5,0.05
2026-08-20-19-11,6,6.94,6,0.04
2026-08-20-20-11,1,6.98,1,0.29
2026-08-20-20-11,2,6.89,2,0.07
2026-08-20-20-11,3,6.95,3,0.06
2026-08-20-20-11,4,6.93,4,0.1
2026-08-20-20-11,5,6.99,5,0.1
2026-08-20-20-11,6,7.0,6,0.02
2026-08-20-19-12,1,6.89,1,-0.05
2026-08-20-19-12,2,6.93,3,-0.12
2026-08-20-19-12,3,,,
2026-08-20-19-12,4,6.96,4,0.14
2026-08-20-19-12,5,6.88,5,-0.06
2026-08-20-19-12,6,6.9,2,-0.14
2026-08-21-23-01,1,6.74,1,-0.01
2026-08-21-23-01,2,6.75,2,0.16
2026-08-21-23-01,3,6.76,3,0.09
2026-08-21-23-01,4,6.86,4,-0.09
2026-08-21-23-01,5,6.75,5,-0.05
2026-08-21-23-01,6,6.61,6,0.19
2026-08-21-23-02,1,6.77,1,0.17
2026-08-21-23-02,2,6.73,2,0.16
2026-08-21-23-02,3,6.72,3,0.03
2026-08-21-23-02,4,6.78,4,-0.01
2026-08-21-23-02,5,6.79,5,0.01
2026-08-21-23-02,6,6.8,6,0.1
2026-08-21-21-05,1,6.8,1,0.16
2026-08-21-21-05,2,6.82,2,0.01
2026-08-21-21-05,3,6.77,3,0.14
2026-08-21-21-05,4,6.78,4,0.15
2026-08-21-21-05,5,6.83,5,0.1
2026-08-21-21-05,6,6.82,6,0.17
2026-08-21-02-03,1,6.81,1,0.21
2026-08-21-02-03,2,6.86,2,0.08
2026-08-21-02-03,3,6.86,3,0.13
2026-08-21-02-03,4,6.93,4,-0.01
2026-08-21-02-03,5,6.81,6,-0.07
2026-08-21-02-03,6,6.84,5,0.17
2026-08-21-03-02,1,6.91,1,0.12
2026-08-21-03-02,2,7.12,2,0.03
2026-08-21-03-02,3,6.93,3,-0.05
2026-08-21-03-02,4,6.87,4,-0.09
2026-08-21-03-02,5,6.92,5,0.37
2026-08-21-03-02,6,6.96,6,0.15
2026-08-21-13-04,1,,,
2026-08-21-13-04,2,,,
2026-08-21-13-04,3,,,
2026-08-21-13-04,4,,,
2026-08-21-13-04,5,,,
2026-08-21-13-04,6,,,
2026-08-21-21-08,1,6.79,1,0.03
2026-08-21-21-08,2,6.76,2,-0.01
2026-08-21-21-08,3,6.87,3,-0.01
2026-08-21-21-08,4,6.88,5,0.16
2026-08-21-21-08,5,6.83,6,0.07
2026-08-21-21-08,6,6.81,4,-0.01
2026-08-21-02-05,1,6.87,1,-0.04
2026-08-21-02-05,2,6.84,2,-0.09
2026-08-21-02-05,3,6.83,4,-0.13
2026-08-21-02-05,4,6.78,5,0.03
2026-08-21-02-05,5,6.96,6,0.08
2026-08-21-02-05,6,6.8,3,-0.12
2026-08-21-03-06,1,7.13,1,0.18
2026-08-21-03-06,2,7.17,2,0.06
2026-08-21-03-06,3,6.92,3,0.04
2026-08-21-03-06,4,7.01,4,0.09
2026-08-21-03-06,5,7.36,5,0.28
2026-08-21-03-06,6,7.11,6,0.03
2026-08-21-04-04,1,6.98,1,0.26
2026-08-21-04-04,2,6.95,2,0.07
2026-08-21-04-04,3,6.93,4,0.18
2026-08-21-04-04,4,6.86,5,0.01
2026-08-21-04-04,5,7.0,6,0.16
2026-08-21-04-04,6,7.04,3,0.12
2026-08-21-21-11,1,6.8,1,0.15
2026-08-21-21-11,2,6.75,2,0.05
2026-08-21-21-11,3,6.82,3,-0.06
2026-08-21-21-11,4,6.78,4,0.04
2026-08-21-21-11,5,6.77,5,0.2
2026-08-21-21-11,6,6.78,6,0.08
2026-08-21-06-06,1,6.6,1,0.24
2026-08-21-06-06,2,6.69,3,0.48
2026-08-21-06-06,3,6.66,4,0.49
2026-08-21-06-06,4,6.71,5,0.31
2026-08-21-06-06,5,6.61,6,0.21
2026-08-21-06-06,6,6.73,2,0.12
2026-08-21-13-08,1,6.8,1,0.21
2026-08-21-13-08,2,6.87,2,0.18
2026-08-21-13-08,3,6.8,3,0.22
2026-08-21-13-08,4,6.78,4,0.05
2026-08-21-13-08,5,6.92,5,0.11
2026-08-21-13-08,6,6.8,6,-0.05
2026-08-21-21-12,1,6.76,1,0.09
2026-08-21-21-12,2,6.74,2,0.05
2026-08-21-21-12,3,6.79,3,-0.05
2026-08-21-21-12,4,6.76,4,0.03
2026-08-21-21-12,5,6.77,5,0.06
2026-08-21-21-12,6,6.8,6,0.12
2026-08-21-06-07,1,6.67,1,0.01
2026-08-21-06-07,2,6.71,2,0.07
2026-08-21-06-07,3,6.7,3,0.09
2026-08-21-06-07,4,6.68,4,-0.01
2026-08-21-06-07,5,6.66,6,0.17
2026-08-21-06-07,6,6.7,5,0.05
2026-08-21-16-08,1,6.77,1,-0.03
2026-08-21-16-08,2,6.79,2,0.01
2026-08-21-16-08,3,6.76,3,0.09
2026-08-21-16-08,4,6.78,4,0.01
2026-08-21-16-08,5,6.76,5,0.04
2026-08-21-16-08,6,6.82,6,0.07
2026-08-21-04-07,1,6.96,1,0.01
2026-08-21-04-07,2,6.92,2,0.05
2026-08-21-04-07,3,7.01,3,0.01
2026-08-21-04-07,4,7.09,4,0.23
2026-08-21-04-07,5,6.91,5,0.16
2026-08-21-04-07,6,6.84,6,0.01
2026-08-21-16-09,1,6.86,1,0.0
2026-08-21-16-09,2,6.83,2,0.11
2026-08-21-16-09,3,6.83,3,0.08
2026-08-21-16-09,4,6.79,4,0.06
2026-08-21-16-09,5,6.78,5,0.1
2026-08-21-16-09,6,6.76,6,0.21
2026-08-21-04-08,1,6.86,1,0.21
2026-08-21-04-08,2,6.81,2,0.36
2026-08-21-04-08,3,6.84,3,0.09
2026-08-21-04-08,4,6.92,4,-0.1
2026-08-21-04-08,5,6.97,5,-0.02
2026-08-21-04-08,6,6.93,6,0.12
2026-08-21-19-01,1,6.79,1,0.11
2026-08-21-19-01,2,6.85,2,0.01
2026-08-21-19-01,3,6.87,3,0.0
2026-08-21-19-01,4,6.88,4,0.11
2026-08-21-19-01,5,6.81,5,0.23
2026-08-21-19-01,6,6.86,6,0.15
2026-08-21-03-12,1,7.03,1,0.06
2026-08-21-03-12,2,7.2,2,-0.03
2026-08-21-03-12,3,7.21,3,-0.04
2026-08-21-03-12,4,7.09,4,0.04
2026-08-21-03-12,5,7.06,5,0.16
2026-08-21-03-12,6,7.02,6,0.12
2026-08-21-13-12,1,6.76,1,0.22
2026-08-21-13-12,2,6.68,5,0.03
2026-08-21-13-12,3,6.76,2,0.16
2026-08-21-13-12,4,6.82,3,0.19
2026-08-21-13-12,5,6.81,4,0.28
2026-08-21-13-12,6,6.82,6,0.03
2026-08-21-19-03,1,6.83,1,0.18
2026-08-21-19-03,2,6.9,2,0.15
2026-08-21-19-03,3,6.88,3,0.16
2026-08-21-19-03,4,6.81,4,0.18
2026-08-21-19-03,5,6.82,5,0.26
2026-08-21-19-03,6,6.78,6,0.31
2026-08-21-04-11,1,6.84,1,0.04
2026-08-21-04-11,2,6.96,2,0.03
2026-08-21-04-11,3,7.07,3,0.11
2026-08-21-04-11,4,7.01,4,0.01
2026-08-21-04-11,5,6.98,5,0.05
2026-08-21-04-11,6,6.91,6,-0.05
2026-08-21-06-12,1,6.7,1,0.35
2026-08-21-06-12,2,6.74,2,0.22
2026-08-21-06-12,3,6.67,3,0.3
2026-08-21-06-12,4,6.79,4,0.18
2026-08-21-06-12,5,6.68,5,0.05
2026-08-21-06-12,6,6.72,6,0.19
2026-08-21-07-05,1,6.65,1,0.09
2026-08-21-07-05,2,6.66,3,0.08
2026-08-21-07-05,3,6.83,4,0.02
2026-08-21-07-05,4,6.69,5,0.04
2026-08-21-07-05,5,6.76,6,0.07
2026-08-21-07-05,6,6.66,2,0.24
2026-08-21-15-05,1,6.83,1,0.05
2026-08-21-15-05,2,6.85,2,0.21
2026-08-21-15-05,3,6.77,3,0.21
2026-08-21-15-05,4,6.82,4,0.34
2026-08-21-15-05,5,6.83,5,0.21
2026-08-21-15-05,6,6.87,6,0.17
2026-08-21-04-12,1,6.86,1,-0.02
2026-08-21-04-12,2,6.94,2,0.08
2026-08-21-04-12,3,6.91,3,-0.04
2026-08-21-04-12,4,6.9,4,0.04
2026-08-21-04-12,5,6.95,5,0.12
2026-08-21-04-12,6,6.97,6,0.17
2026-08-21-07-06,1,6.71,1,-0.05
2026-08-21-07-06,2,6.71,2,0.03
2026-08-21-07-06,3,6.72,3,0.03
2026-08-21-07-06,4,6.68,4,-0.02
2026-08-21-07-06,5,6.68,5,0.04
2026-08-21-07-06,6,6.74,6,-0.01
2026-08-21-24-01,1,6.94,1,0.16
2026-08-21-24-01,2,6.91,3,0.01
2026-08-21-24-01,3,6.87,4,-0.02
2026-08-21-24-01,4,7.09,2,0.06
2026-08-21-24-01,5,6.92,5,-0.01
2026-08-21-24-01,6,6.93,6,0.0
2026-08-21-19-07,1,6.86,1,0.12
2026-08-21-19-07,2,6.81,3,-0.02
2026-08-21-19-07,3,6.79,4,0.18
2026-08-21-19-07,4,6.86,2,-0.02
2026-08-21-19-07,5,6.84,5,0.1
2026-08-21-19-07,6,6.87,6,0.22
2026-08-21-15-09,1,6.79,1,0.07
2026-08-21-15-09,2,6.81,2,0.04
2026-08-21-15-09,3,6.82,3,0.02
2026-08-21-15-09,4,6.76,4,0.07
2026-08-21-15-09,5,6.82,5,0.06
2026-08-21-15-09,6,6.86,6,0.1
2026-08-21-24-04,1,6.93,1,0.19
2026-08-21-24-04,2,6.91,2,0.19
2026-08-21-24-04,3,6.9,3,0.11
2026-08-21-24-04,4,6.91,4,-0.01
2026-08-21-24-04,5,6.93,5,0.13
2026-08-21-24-04,6,6.93,6,0.15
2026-08-21-15-10,1,6.78,1,0.02
2026-08-21-15-10,2,6.81,2,0.36
2026-08-21-15-10,3,6.8,3,0.22
2026-08-21-15-10,4,6.75,4,0.05
2026-08-21-15-10,5,6.73,5,0.09
2026-08-21-15-10,6,6.83,6,0.06
2026-08-21-15-11,1,6.83,1,0.07
2026-08-21-15-11,2,6.79,2,0.11
2026-08-21-15-11,3,6.86,3,0.08
2026-08-21-15-11,4,6.79,4,-0.02
2026-08-21-15-11,5,6.75,5,-0.01
2026-08-21-15-11,6,6.85,6,0.03
2026-08-21-24-06,1,7.0,1,-0.04
2026-08-21-24-06,2,6.94,3,0.09
2026-08-21-24-06,3,6.96,5,0.17
2026-08-21-24-06,4,6.98,4,0.04
2026-08-21-24-06,5,6.92,6,0.19
2026-08-21-24-06,6,7.01,2,-0.08
2026-08-21-07-11,1,6.79,1,0.15
2026-08-21-07-11,2,6.8,2,0.21
2026-08-21-07-11,3,6.87,3,0.29
2026-08-21-07-11,4,6.79,4,0.15
2026-08-21-07-11,5,6.8,5,0.07
2026-08-21-07-11,6,6.8,6,-0.02
2026-08-21-19-11,1,6.78,1,0.01
2026-08-21-19-11,2,6.83,2,0.09
2026-08-21-19-11,3,6.88,3,0.26
2026-08-21-19-11,4,6.85,4,0.16
2026-08-21-19-11,5,6.88,5,0.05
2026-08-21-19-11,6,6.9,6,0.15
2026-08-21-07-12,1,6.79,1,0.08
2026-08-21-07-12,2,6.75,2,0.04
2026-08-21-07-12,3,6.88,3,0.12
2026-08-21-07-12,4,6.86,4,0.1
2026-08-21-07-12,5,6.95,5,0.1
2026-08-21-07-12,6,6.75,6,-0.04
2026-08-21-19-12,1,6.94,1,0.19
2026-08-21-19-12,2,6.95,2,-0.03
2026-08-21-19-12,3,6.91,3,-0.02
2026-08-21-19-12,4,6.92,4,0.06
2026-08-21-19-12,5,6.93,5,0.11
2026-08-21-19-12,6,6.91,6,0.01
2026-08-22-23-01,1,6.82,1,0.05
2026-08-22-23-01,2,6.76,2,0.07
2026-08-22-23-01,3,6.75,3,0.07
2026-08-22-23-01,4,6.83,4,0.14
2026-08-22-23-01,5,6.77,6,0.07
2026-08-22-23-01,6,6.76,5,0.04
2026-08-22-23-02,1,6.76,1,0.01
2026-08-22-23-02,2,6.75,2,0.05
2026-08-22-23-02,3,6.76,3,0.2
2026-08-22-23-02,4,6.82,4,0.01
2026-08-22-23-02,5,6.78,5,0.01
2026-08-22-23-02,6,6.72,6,-0.03
2026-08-22-23-03,1,6.67,1,-0.04
2026-08-22-23-03,2,6.79,2,0.15
2026-08-22-23-03,3,6.71,3,-0.01
2026-08-22-23-03,4,6.79,4,0.01
2026-08-22-23-03,5,6.85,5,-0.06
2026-08-22-23-03,6,6.72,6,0.02
2026-08-22-23-06,1,6.83,1,0.15
2026-08-22-23-06,2,6.83,2,0.13
2026-08-22-23-06,3,6.89,3,0.1
2026-08-22-23-06,4,6.82,4,0.11
2026-08-22-23-06,5,6.87,5,-0.04
2026-08-22-23-06,6,6.85,6,0.02
2026-08-22-04-01,1,6.83,1,0.09
2026-08-22-04-01,2,6.84,2,0.04
2026-08-22-04-01,3,6.74,3,0.2
2026-08-22-04-01,4,6.94,4,-0.01
2026-08-22-04-01,5,6.88,5,-0.09
2026-08-22-04-01,6,6.91,6,-0.02
2026-08-22-06-02,1,,,
2026-08-22-06-02,2,,,
2026-08-22-06-02,3,,,
2026-08-22-06-02,4,,,
2026-08-22-06-02,5,,,
2026-08-22-06-02,6,,,
2026-08-22-08-04,1,6.71,1,0.14
2026-08-22-08-04,2,6.76,2,0.13
2026-08-22-08-04,3,6.79,3,0.19
2026-08-22-08-04,4,6.76,4,0.08
2026-08-22-08-04,5,6.66,5,0.09
2026-08-22-08-04,6,6.71,6,-0.02
2026-08-22-16-03,1,6.66,1,0.12
2026-08-22-16-03,2,6.7,2,0.21
2026-08-22-16-03,3,6.83,3,0.07
2026-08-22-16-03,4,6.75,4,0.09
2026-08-22-16-03,5,6.68,5,0.05
2026-08-22-16-03,6,6.72,6,0.15
2026-08-22-21-08,1,6.8,1,0.05
2026-08-22-21-08,2,6.76,2,0.17
2026-08-22-21-08,3,6.76,3,0.08
2026-08-22-21-08,4,6.81,5,0.04
2026-08-22-21-08,5,6.72,6,0.18
2026-08-22-21-08,6,6.77,4,0.02
2026-08-22-03-04,1,6.86,1,0.0
2026-08-22-03-04,2,6.8,2,-0.03
2026-08-22-03-04,3,6.9,3,-0.06
2026-08-22-03-04,4,6.81,4,0.15
2026-08-22-03-04,5,6.76,5,0.11
2026-08-22-03-04,6,6.85,6,-0.01
2026-08-22-06-03,1,6.68,1,0.39
2026-08-22-06-03,2,6.71,3,0.12
2026-08-22-06-03,3,6.69,4,0.09
2026-08-22-06-03,4,6.71,2,0.25
2026-08-22-06-03,5,6.76,5,0.2
2026-08-22-06-03,6,6.71,6,0.23
2026-08-22-08-05,1,6.71,1,0.15
2026-08-22-08-05,2,6.72,2,0.27
2026-08-22-08-05,3,6.74,3,0.09
2026-08-22-08-05,4,6.76,4,0.22
2026-08-22-08-05,5,6.7,5,0.14
2026-08-22-08-05,6,6.78,6,0.2
2026-08-22-23-09,1,6.87,1,-0.02
2026-08-22-23-09,2,6.94,2,-0.01
2026-08-22-23-09,3,6.86,3,0.19
2026-08-22-23-09,4,6.81,4,-0.08
2026-08-22-23-09,5,6.85,5,-0.05
2026-08-22-23-09,6,6.72,6,0.32
2026-08-22-02-06,1,6.85,1,-0.09
2026-08-22-02-06,2,6.76,2,0.01
2026-08-22-02-06,3,6.84,3,-0.01
2026-08-22-02-06,4,6.76,4,-0.04
2026-08-22-02-06,5,6.72,5,0.05
2026-08-22-02-06,6,6.73,6,0.05
2026-08-22-23-10,1,6.83,1,-0.14
2026-08-22-23-10,2,6.9,2,-0.1
2026-08-22-23-10,3,6.94,3,-0.13
2026-08-22-23-10,4,6.98,4,0.06
2026-08-22-23-10,5,6.93,5,-0.01
2026-08-22-23-10,6,6.83,6,0.11
2026-08-22-03-07,1,6.65,1,0.21
2026-08-22-03-07,2,6.64,2,0.15
2026-08-22-03-07,3,6.64,3,0.09
2026-08-22-03-07,4,6.79,4,0.21
2026-08-22-03-07,5,6.64,5,0.13
2026-08-22-03-07,6,6.68,6,0.52
2026-08-22-04-05,1,6.84,1,0.2
2026-08-22-04-05,2,6.87,2,0.06
2026-08-22-04-05,3,6.93,3,0.12
2026-08-22-04-05,4,6.72,4,-0.02
2026-08-22-04-05,5,6.8,5,-0.01
2026-08-22-04-05,6,6.93,6,-0.03
2026-08-22-16-07,1,6.67,1,0.01
2026-08-22-16-07,2,6.65,2,-0.08
2026-08-22-16-07,3,6.71,3,0.11
2026-08-22-16-07,4,6.64,4,0.1
2026-08-22-16-07,5,6.77,5,0.14
2026-08-22-16-07,6,6.68,6,0.05
2026-08-22-22-04,1,6.92,1,0.16
2026-08-22-22-04,2,6.92,2,0.07
2026-08-22-22-04,3,6.96,3,0.06
2026-08-22-22-04,4,6.89,4,0.04
2026-08-22-22-04,5,6.9,5,0.11
2026-08-22-22-04,6,7.01,6,0.17
2026-08-22-02-08,1,6.79,1,0.06
2026-08-22-02-08,2,6.89,2,0.05
2026-08-22-02-08,3,6.82,3,0.11
2026-08-22-02-08,4,6.88,4,0.09
2026-08-22-02-08,5,6.73,6,0.06
2026-08-22-02-08,6,6.8,5,0.08
2026-08-22-21-12,1,6.73,1,0.26
2026-08-22-21-12,2,6.89,2,0.17
2026-08-22-21-12,3,6.78,3,0.18
2026-08-22-21-12,4,6.76,4,0.09
2026-08-22-21-12,5,6.76,5,0.18
2026-08-22-21-12,6,6.84,6,0.07
2026-08-22-22-05,1,6.91,1,0.0
2026-08-22-22-05,2,6.89,2,-0.01
2026-08-22-22-05,3,6.89,3,0.05
2026-08-22-22-05,4,6.87,4,-0.09
2026-08-22-22-05,5,6.91,5,-0.06
2026-08-22-22-05,6,6.94,6,0.07
2026-08-22-02-09,1,6.75,1,-0.01
2026-08-22-02-09,2,6.82,2,0.11
2026-08-22-02-09,3,6.77,3,0.11
2026-08-22-02-09,4,6.93,4,0.11
2026-08-22-02-09,5,6.77,5,0.07
2026-08-22-02-09,6,6.83,6,0.37
2026-08-22-22-06,1,6.97,1,0.25
2026-08-22-22-06,2,6.88,2,0.11
2026-08-22-22-06,3,6.97,3,-0.01
2026-08-22-22-06,4,6.81,4,0.3
2026-08-22-22-06,5,6.94,5,0.11
2026-08-22-22-06,6,6.94,6,0.21
2026-08-22-06-08,1,6.82,1,0.14
2026-08-22-06-08,2,6.77,2,0.02
2026-08-22-06-08,3,6.75,3,0.32
2026-08-22-06-08,4,6.74,4,0.13
2026-08-22-06-08,5,6.83,5,0.07
2026-08-22-06-08,6,6.9,6,-0.02
2026-08-22-16-09,1,6.82,1,0.19
2026-08-22-16-09,2,6.83,2,0.15
2026-08-22-16-09,3,6.67,3,0.05
2026-08-22-16-09,4,6.8,4,0.05
2026-08-22-16-09,5,6.81,5,0.2
2026-08-22-16-09,6,6.82,6,0.22
2026-08-22-04-08,1,6.79,1,0.2
2026-08-22-04-08,2,6.79,2,0.11
2026-08-22-04-08,3,6.69,3,0.18
2026-08-22-04-08,4,6.71,4,0.02
2026-08-22-04-08,5,6.82,5,0.01
2026-08-22-04-08,6,6.82,6,-0.01
2026-08-22-06-09,1,6.78,1,0.39
2026-08-22-06-09,2,6.76,2,0.21
2026-08-22-06-09,3,6.79,3,
2026-08-22-06-09,4,6.81,4,0.06
2026-08-22-06-09,5,6.8,5,0.16
2026-08-22-06-09,6,6.76,6,0.12
2026-08-22-08-11,1,6.79,1,0.06
2026-08-22-08-11,2,6.72,2,0.16
2026-08-22-08-11,3,6.72,3,0.3
2026-08-22-08-11,4,6.81,4,0.1
2026-08-22-08-11,5,6.76,5,0.05
2026-08-22-08-11,6,6.78,6,0.03
2026-08-22-19-01,1,6.8,1,0.18
2026-08-22-19-01,2,6.78,2,0.16
2026-08-22-19-01,3,6.89,3,0.13
2026-08-22-19-01,4,,,
2026-08-22-19-01,5,6.85,5,0.11
2026-08-22-19-01,6,6.86,4,0.14
2026-08-22-16-11,1,6.86,1,0.22
2026-08-22-16-11,2,6.81,2,0.07
2026-08-22-16-11,3,6.85,3,0.04
2026-08-22-16-11,4,6.94,4,0.04
2026-08-22-16-11,5,6.82,5,0.02
2026-08-22-16-11,6,6.81,6,0.3
2026-08-22-19-03,1,6.86,1,0.17
2026-08-22-19-03,2,6.9,2,0.1
2026-08-22-19-03,3,6.86,3,0.02
2026-08-22-19-03,4,6.9,4,0.05
2026-08-22-19-03,5,6.82,5,0.16
2026-08-22-19-03,6,6.83,6,0.11
2026-08-22-20-03,1,6.9,1,0.15
2026-08-22-20-03,2,6.98,4,-0.05
2026-08-22-20-03,3,7.01,2,-0.13
2026-08-22-20-03,4,7.04,5,-0.06
2026-08-22-20-03,5,6.99,6,0.07
2026-08-22-20-03,6,6.91,3,-0.12
2026-08-22-16-12,1,6.77,1,-0.12
2026-08-22-16-12,2,6.72,2,0.07
2026-08-22-16-12,3,6.84,3,0.0
2026-08-22-16-12,4,6.72,4,-0.03
2026-08-22-16-12,5,6.83,5,-0.02
2026-08-22-16-12,6,6.89,6,-0.04
2026-08-22-19-04,1,6.81,1,0.0
2026-08-22-19-04,2,6.79,2,0.21
2026-08-22-19-04,3,6.91,3,-0.02
2026-08-22-19-04,4,6.81,4,0.13
2026-08-22-19-04,5,6.92,5,0.15
2026-08-22-19-04,6,6.84,6,0.07
2026-08-22-20-04,1,6.97,1,0.01
2026-08-22-20-04,2,7.01,2,0.03
2026-08-22-20-04,3,6.96,3,0.01
2026-08-22-20-04,4,6.97,4,0.11
2026-08-22-20-04,5,7.02,5,0.01
2026-08-22-20-04,6,6.94,6,0.04
2026-08-22-04-11,1,6.66,1,0.1
2026-08-22-04-11,2,6.74,2,0.15
2026-08-22-04-11,3,6.72,3,0.18
2026-08-22-04-11,4,6.72,4,0.09
2026-08-22-04-11,5,6.73,5,0.24
2026-08-22-04-11,6,6.73,6,0.25
2026-08-22-06-12,1,6.77,1,0.14
2026-08-22-06-12,2,6.78,2,0.21
2026-08-22-06-12,3,6.82,3,0.14
2026-08-22-06-12,4,6.79,4,0.21
2026-08-22-06-12,5,6.79,5,0.14
2026-08-22-06-12,6,6.78,6,0.18
2026-08-22-20-05,1,7.05,1,-0.04
2026-08-22-20-05,2,7.0,2,0.11
2026-08-22-20-05,3,7.05,3,0.01
2026-08-22-20-05,4,6.99,4,-0.06
2026-08-22-20-05,5,6.98,5,-0.12
2026-08-22-20-05,6,7.0,6,-0.02
2026-08-22-07-06,1,6.7,1,-0.03
2026-08-22-07-06,2,6.76,2,-0.02
2026-08-22-07-06,3,6.72,3,0.12
2026-08-22-07-06,4,6.72,4,0.09
2026-08-22-07-06,5,6.74,5,-0.05
2026-08-22-07-06,6,6.71,6,0.01
2026-08-22-20-06,1,,,
2026-08-22-20-06,2,,,
2026-08-22-20-06,3,,,
2026-08-22-20-06,4,,,
2026-08-22-20-06,5,,,
2026-08-22-20-06,6,,,
2026-08-22-20-07,1,7.01,1,0.16
2026-08-22-20-07,2,6.95,2,0.22
2026-08-22-20-07,3,6.98,3,0.19
2026-08-22-20-07,4,7.04,4,0.17
2026-08-22-20-07,5,7.02,5,0.09
2026-08-22-20-07,6,7.08,6,0.17
2026-08-22-22-12,1,7.0,1,0.09
2026-08-22-22-12,2,6.99,2,-0.04
2026-08-22-22-12,3,7.05,3,-0.01
2026-08-22-22-12,4,6.91,4,0.12
2026-08-22-22-12,5,6.95,5,-0.03
2026-08-22-22-12,6,6.84,6,-0.12
2026-08-22-24-02,1,6.94,1,0.11
2026-08-22-24-02,2,6.97,2,0.14
2026-08-22-24-02,3,7.05,3,0.08
2026-08-22-24-02,4,6.96,4,0.06
2026-08-22-24-02,5,6.96,5,0.01
2026-08-22-24-02,6,6.96,6,0.26
2026-08-22-07-08,1,6.69,1,0.2
2026-08-22-07-08,2,6.77,2,0.26
2026-08-22-07-08,3,6.79,3,0.19
2026-08-22-07-08,4,6.75,4,0.17
2026-08-22-07-08,5,6.66,5,0.17
2026-08-22-07-08,6,6.78,6,0.23
2026-08-22-07-09,1,6.76,1,0.15
2026-08-22-07-09,2,6.86,6,0.13
2026-08-22-07-09,3,6.87,2,-0.11
2026-08-22-07-09,4,6.95,3,0.03
2026-08-22-07-09,5,6.77,5,0.23
2026-08-22-07-09,6,6.83,4,-0.02
2026-08-22-19-08,1,6.83,1,0.11
2026-08-22-19-08,2,6.83,2,0.0
2026-08-22-19-08,3,6.83,3,-0.01
2026-08-22-19-08,4,6.86,4,0.11
2026-08-22-19-08,5,6.82,5,0.01
2026-08-22-19-08,6,6.87,6,-0.07
2026-08-22-20-09,1,6.92,1,0.1
2026-08-22-20-09,2,6.94,2,0.02
2026-08-22-20-09,3,7.0,3,0.07
2026-08-22-20-09,4,6.94,4,0.18
2026-08-22-20-09,5,7.08,5,0.16
2026-08-22-20-09,6,7.04,6,0.27
2026-08-22-24-04,1,6.97,1,0.09
2026-08-22-24-04,2,6.95,2,0.14
2026-08-22-24-04,3,6.97,3,0.09
2026-08-22-24-04,4,6.93,4,0.06
2026-08-22-24-04,5,6.9,5,0.06
2026-08-22-24-04,6,6.97,6,0.13
2026-08-22-24-05,1,6.97,1,0.03
2026-08-22-24-05,2,6.91,3,0.25
2026-08-22-24-05,3,6.97,4,0.13
2026-08-22-24-05,4,7.09,2,-0.01
2026-08-22-24-05,5,7.03,5,0.11
2026-08-22-24-05,6,6.99,6,0.23
2026-08-22-24-06,1,6.99,1,0.05
2026-08-22-24-06,2,6.96,2,0.42
2026-08-22-24-06,3,6.92,3,-0.02
2026-08-22-24-06,4,7.0,4,0.25
2026-08-22-24-06,5,6.98,5,0.12
2026-08-22-24-06,6,6.95,6,0.18
2026-08-22-07-11,1,6.83,1,0.06
2026-08-22-07-11,2,6.81,2,0.01
2026-08-22-07-11,3,6.72,4,0.01
2026-08-22-07-11,4,6.77,3,0.01
2026-08-22-07-11,5,6.87,5,0.06
2026-08-22-07-11,6,6.9,6,0.13
2026-08-22-20-11,1,6.91,1,0.04
2026-08-22-20-11,2,6.89,2,0.04
2026-08-22-20-11,3,6.97,3,0.04
2026-08-22-20-11,4,6.98,4,0.09
2026-08-22-20-11,5,6.89,5,0.16
2026-08-22-20-11,6,6.97,6,0.12
2026-08-22-07-12,1,6.77,1,0.09
2026-08-22-07-12,2,6.81,2,0.09
2026-08-22-07-12,3,6.81,3,0.08
2026-08-22-07-12,4,6.85,4,0.19
2026-08-22-07-12,5,6.82,5,0.25
2026-08-22-07-12,6,6.77,6,0.09
2026-08-22-24-07,1,6.94,1,0.07
2026-08-22-24-07,2,6.95,2,0.11
2026-08-22-24-07,3,6.91,3,0.09
2026-08-22-24-07,4,6.93,4,0.01
2026-08-22-24-07,5,7.0,5,0.11
2026-08-22-24-07,6,6.96,6,0.02
2026-08-22-19-12,1,6.79,1,0.22
2026-08-22-19-12,2,6.9,2,0.15
2026-08-22-19-12,3,6.84,3,0.13
2026-08-22-19-12,4,6.83,4,0.23
2026-08-22-19-12,5,6.88,5,0.22
2026-08-22-19-12,6,6.88,6,-0.05
2026-08-22-24-08,1,6.91,1,0.11
2026-08-22-24-08,2,6.91,2,-0.09
2026-08-22-24-08,3,6.94,3,-0.07
2026-08-22-24-08,4,6.9,4,0.03
2026-08-22-24-08,5,6.9,5,0.17
2026-08-22-24-08,6,6.92,6,-0.03
2026-08-22-24-09,1,6.86,1,-0.01
2026-08-22-24-09,2,6.94,2,0.04
2026-08-22-24-09,3,6.88,3,-0.01
2026-08-22-24-09,4,6.88,4,-0.02
2026-08-22-24-09,5,6.87,5,0.05
2026-08-22-24-09,6,6.87,6,0.0
2026-08-22-24-11,1,,,
2026-08-22-24-11,2,,,
2026-08-22-24-11,3,,,
2026-08-22-24-11,4,,,
2026-08-22-24-11,5,,,
2026-08-22-24-11,6,,,
2026-08-23-23-01,1,6.7,1,0.01
2026-08-23-23-01,2,6.68,2,0.14
2026-08-23-23-01,3,6.78,3,0.13
2026-08-23-23-01,4,6.81,4,0.03
2026-08-23-23-01,5,6.72,5,-0.03
2026-08-23-23-01,6,6.79,6,-0.03
2026-08-23-21-02,1,6.75,1,-0.02
2026-08-23-21-02,2,6.81,2,0.23
2026-08-23-21-02,3,6.79,3,0.09
2026-08-23-21-02,4,6.75,4,0.0
2026-08-23-21-02,5,6.75,5,0.01
2026-08-23-21-02,6,6.8,6,0.01
2026-08-23-23-02,1,,,
2026-08-23-23-02,2,,,
2026-08-23-23-02,3,,,
2026-08-23-23-02,4,,,
2026-08-23-23-02,5,,,
2026-08-23-23-02,6,,,
2026-08-23-18-02,1,,,
2026-08-23-18-02,2,,,
2026-08-23-18-02,3,,,
2026-08-23-18-02,4,,,
2026-08-23-18-02,5,,,
2026-08-23-18-02,6,,,
2026-08-23-08-02,1,6.73,1,0.1
2026-08-23-08-02,2,6.7,2,0.08
2026-08-23-08-02,3,6.74,3,0.13
2026-08-23-08-02,4,6.71,4,-0.06
2026-08-23-08-02,5,6.77,5,-0.09
2026-08-23-08-02,6,6.76,6,-0.2
2026-08-23-18-06,1,6.94,1,0.14
2026-08-23-18-06,2,6.95,2,0.18
2026-08-23-18-06,3,6.99,3,-0.01
2026-08-23-18-06,4,7.02,4,0.42
2026-08-23-18-06,5,6.9,5,-0.05
2026-08-23-18-06,6,6.99,6,0.02
2026-08-23-04-01,1,6.79,1,0.06
2026-08-23-04-01,2,6.79,2,0.19
2026-08-23-04-01,3,6.8,3,0.13
2026-08-23-04-01,4,6.85,4,0.09
2026-08-23-04-01,5,6.78,5,0.08
2026-08-23-04-01,6,6.76,6,0.13
2026-08-23-06-02,1,6.68,1,0.18
2026-08-23-06-02,2,6.72,2,0.22
2026-08-23-06-02,3,6.68,3,0.17
2026-08-23-06-02,4,6.73,4,0.15
2026-08-23-06-02,5,6.74,5,0.06
2026-08-23-06-02,6,6.76,6,0.22
2026-08-23-08-04,1,6.79,1,-0.13
2026-08-23-08-04,2,6.69,2,-0.18
2026-08-23-08-04,3,6.81,3,-0.06
2026-08-23-08-04,4,6.82,4,0.07
2026-08-23-08-04,5,6.76,5,-0.02
2026-08-23-08-04,6,6.73,6,-0.01
2026-08-23-23-08,1,6.84,1,0.05
2026-08-23-23-08,2,6.88,2,0.17
2026-08-23-23-08,3,6.89,3,0.25
2026-08-23-23-08,4,6.87,4,0.09
2026-08-23-23-08,5,6.83,5,0.03
2026-08-23-23-08,6,6.94,6,-0.01
2026-08-23-02-05,1,6.84,1,-0.06
2026-08-23-02-05,2,6.85,2,0.07
2026-08-23-02-05,3,6.85,3,0.02
2026-08-23-02-05,4,6.84,4,0.04
2026-08-23-02-05,5,6.81,5,0.09
2026-08-23-02-05,6,6.85,6,0.13
2026-08-23-04-03,1,6.72,1,0.19
2026-08-23-04-03,2,6.79,2,-0.02
2026-08-23-04-03,3,6.83,3,0.07
2026-08-23-04-03,4,6.79,4,0.05
2026-08-23-04-03,5,6.78,5,0.08
2026-08-23-04-03,6,6.8,6,-0.01
2026-08-23-16-05,1,6.73,1,0.19
2026-08-23-16-05,2,6.77,2,0.16
2026-08-23-16-05,3,6.89,3,0.21
2026-08-23-16-05,4,6.76,4,0.17
2026-08-23-16-05,5,6.65,6,0.14
2026-08-23-16-05,6,6.65,5,0.02
2026-08-23-22-02,1,6.88,1,0.26
2026-08-23-22-02,2,6.89,2,0.07
2026-08-23-22-02,3,6.91,3,0.05
2026-08-23-22-02,4,6.94,4,-0.03
2026-08-23-22-02,5,6.89,5,-0.03
2026-08-23-22-02,6,6.93,6,0.05
2026-08-23-03-06,1,6.69,1,0.33
2026-08-23-03-06,2,6.7,2,0.3
2026-08-23-03-06,3,6.71,3,0.31
2026-08-23-03-06,4,6.81,4,0.18
2026-08-23-03-06,5,6.76,5,0.36
2026-08-23-03-06,6,6.68,6,0.13
2026-08-23-04-04,1,6.81,1,0.1
2026-08-23-04-04,2,6.87,2,0.16
2026-08-23-04-04,3,6.85,3,0.02
2026-08-23-04-04,4,6.78,4,-0.02
2026-08-23-04-04,5,6.74,5,-0.03
2026-08-23-04-04,6,6.93,6,0.32
2026-08-23-08-07,1,6.82,1,0.07
2026-08-23-08-07,2,6.77,2,0.11
2026-08-23-08-07,3,6.72,3,0.1
2026-08-23-08-07,4,6.75,4,0.02
2026-08-23-08-07,5,6.78,5,0.02
2026-08-23-08-07,6,6.75,6,-0.05
2026-08-23-21-11,1,6.79,1,0.09
2026-08-23-21-11,2,6.76,2,0.12
2026-08-23-21-11,3,6.81,3,0.08
2026-08-23-21-11,4,6.77,4,0.04
2026-08-23-21-11,5,6.77,5,-0.03
2026-08-23-21-11,6,6.73,6,-0.03
2026-08-23-06-06,1,6.69,1,0.11
2026-08-23-06-06,2,6.68,2,0.11
2026-08-23-06-06,3,6.7,3,0.07
2026-08-23-06-06,4,6.76,4,0.2
2026-08-23-06-06,5,6.68,5,0.07
2026-08-23-06-06,6,6.66,6,0.12
2026-08-23-08-08,1,6.72,1,0.15
2026-08-23-08-08,2,6.72,2,0.13
2026-08-23-08-08,3,6.74,3,0.02
2026-08-23-08-08,4,6.81,4,-0.01
2026-08-23-08-08,5,6.81,5,-0.03
2026-08-23-08-08,6,6.81,6,0.17
2026-08-23-21-12,1,6.76,1,0.06
2026-08-23-21-12,2,6.67,2,0.31
2026-08-23-21-12,3,6.75,3,0.17
2026-08-23-21-12,4,6.77,4,0.2
2026-08-23-21-12,5,6.79,5,0.21
2026-08-23-21-12,6,6.73,6,0.03
2026-08-23-03-08,1,6.73,1,0.11
2026-08-23-03-08,2,6.68,2,0.18
2026-08-23-03-08,3,6.77,3,0.14
2026-08-23-03-08,4,6.7,4,0.17
2026-08-23-03-08,5,6.83,5,0.16
2026-08-23-03-08,6,6.67,6,0.07
2026-08-23-04-06,1,6.82,1,0.05
2026-08-23-04-06,2,6.8,2,0.2
2026-08-23-04-06,3,6.76,3,-0.06
2026-08-23-04-06,4,6.82,4,-0.02
2026-08-23-04-06,5,6.88,5,-0.06
2026-08-23-04-06,6,6.82,6,-0.03
2026-08-23-08-09,1,6.78,1,-0.03
2026-08-23-08-09,2,6.8,2,0.36
2026-08-23-08-09,3,6.77,3,0.19
2026-08-23-08-09,4,6.75,4,0.18
2026-08-23-08-09,5,6.77,5,0.34
2026-08-23-08-09,6,6.81,6,0.09
2026-08-23-18-12,1,6.94,1,-0.05
2026-08-23-18-12,2,6.98,2,0.1
2026-08-23-18-12,3,7.02,3,0.22
2026-08-23-18-12,4,6.96,4,0.13
2026-08-23-18-12,5,6.93,5,-0.02
2026-08-23-18-12,6,6.92,6,-0.09
2026-08-23-23-12,1,6.78,1,0.01
2026-08-23-23-12,2,6.85,2,0.03
2026-08-23-23-12,3,6.86,3,0.02
2026-08-23-23-12,4,6.9,4,0.01
2026-08-23-23-12,5,6.93,5,0.05
2026-08-23-23-12,6,6.81,6,0.08
2026-08-23-03-09,1,6.6,1,0.19
2026-08-23-03-09,2,6.68,2,0.16
2026-08-23-03-09,3,6.71,3,0.12
2026-08-23-03-09,4,6.75,4,0.03
2026-08-23-03-09,5,6.64,5,0.15
2026-08-23-03-09,6,6.72,6,0.13
2026-08-23-04-07,1,6.72,1,0.13
2026-08-23-04-07,2,6.79,2,0.17
2026-08-23-04-07,3,6.87,3,0.07
2026-08-23-04-07,4,6.86,4,0.09
2026-08-23-04-07,5,6.9,5,0.14
2026-08-23-04-07,6,6.73,6,0.22
2026-08-23-08-10,1,6.84,1,0.21
2026-08-23-08-10,2,6.81,2,0.21
2026-08-23-08-10,3,6.75,3,0.17
2026-08-23-08-10,4,6.73,4,0.0
2026-08-23-08-10,5,6.77,5,0.06
2026-08-23-08-10,6,6.76,6,0.01
2026-08-23-06-08,1,6.7,1,-0.07
2026-08-23-06-08,2,6.7,2,0.01
2026-08-23-06-08,3,6.66,3,0.05
2026-08-23-06-08,4,6.71,4,0.12
2026-08-23-06-08,5,6.68,5,0.26
2026-08-23-06-08,6,6.71,6,0.12
2026-08-23-07-01,1,,,
2026-08-23-07-01,2,,,
2026-08-23-07-01,3,,,
2026-08-23-07-01,4,,,
2026-08-23-07-01,5,,,
2026-08-23-07-01,6,,,
2026-08-23-22-07,1,6.92,1,0.14
2026-08-23-22-07,2,6.9,3,-0.04
2026-08-23-22-07,3,6.91,4,-0.03
2026-08-23-22-07,4,6.94,5,-0.09
2026-08-23-22-07,5,6.95,6,-0.06
2026-08-23-22-07,6,6.97,2,0.35
2026-08-23-04-09,1,6.81,1,0.12
2026-08-23-04-09,2,6.9,2,0.12
2026-08-23-04-09,3,6.88,3,0.14
2026-08-23-04-09,4,6.9,4,0.11
2026-08-23-04-09,5,6.84,5,0.06
2026-08-23-04-09,6,6.88,6,0.12
2026-08-23-06-10,1,6.73,1,0.12
2026-08-23-06-10,2,6.72,2,0.05
2026-08-23-06-10,3,6.68,3,-0.02
2026-08-23-06-10,4,6.69,4,-0.03
2026-08-23-06-10,5,6.73,5,0.01
2026-08-23-06-10,6,6.74,6,-0.03
2026-08-23-07-03,1,6.68,1,0.26
2026-08-23-07-03,2,6.72,2,0.07
2026-08-23-07-03,3,6.8,3,0.12
2026-08-23-07-03,4,6.76,4,0.07
2026-08-23-07-03,5,6.75,5,0.12
2026-08-23-07-03,6,6.76,6,0.14
2026-08-23-08-12,1,6.74,1,0.07
2026-08-23-08-12,2,6.81,2,0.23
2026-08-23-08-12,3,6.87,3,0.26
2026-08-23-08-12,4,6.76,4,0.05
2026-08-23-08-12,5,6.79,5,0.06
2026-08-23-08-12,6,6.78,6,0.07
2026-08-23-16-11,1,6.71,1,0.07
2026-08-23-16-11,2,6.84,2,0.04
2026-08-23-16-11,3,6.74,3,0.16
2026-08-23-16-11,4,6.92,4,0.13
2026-08-23-16-11,5,6.85,5,0.08
2026-08-23-16-11,6,6.88,6,-0.06
2026-08-23-02-12,1,6.84,1,0.09
2026-08-23-02-12,2,6.88,2,-0.02
2026-08-23-02-12,3,6.85,3,0.11
2026-08-23-02-12,4,6.85,5,-0.01
2026-08-23-02-12,5,6.83,6,0.02
2026-08-23-02-12,6,6.9,4,0.13
2026-08-23-04-10,1,6.72,1,0.08
2026-08-23-04-10,2,6.7,2,0.03
2026-08-23-04-10,3,6.74,3,0.06
2026-08-23-04-10,4,6.85,4,0.05
2026-08-23-04-10,5,6.83,5,0.05
2026-08-23-04-10,6,6.77,6,0.13
2026-08-23-06-11,1,6.72,1,-0.01
2026-08-23-06-11,2,6.69,2,0.15
2026-08-23-06-11,3,6.77,3,-0.04
2026-08-23-06-11,4,6.69,4,-0.03
2026-08-23-06-11,5,6.73,5,-0.07
2026-08-23-06-11,6,6.72,6,0.01
2026-08-23-07-04,1,6.71,1,0.07
2026-08-23-07-04,2,6.72,2,0.01
2026-08-23-07-04,3,6.66,3,0.17
2026-08-23-07-04,4,6.74,4,0.09
2026-08-23-07-04,5,6.72,5,0.05
2026-08-23-07-04,6,6.69,6,-0.04
2026-08-23-04-11,1,6.91,1,0.02
2026-08-23-04-11,2,6.83,3,-0.04
2026-08-23-04-11,3,6.85,4,0.05
2026-08-23-04-11,4,6.76,5,0.02
2026-08-23-04-11,5,6.79,2,-0.13
2026-08-23-04-11,6,6.83,6,0.09
2026-08-23-06-12,1,6.67,1,0.13
2026-08-23-06-12,2,6.72,2,0.19
2026-08-23-06-12,3,6.71,3,0.12
2026-08-23-06-12,4,6.76,4,0.13
2026-08-23-06-12,5,6.74,5,0.09
2026-08-23-06-12,6,6.73,6,0.17
2026-08-23-07-05,1,6.71,1,0.09
2026-08-23-07-05,2,6.7,2,0.04
2026-08-23-07-05,3,6.77,3,0.32
2026-08-23-07-05,4,6.74,4,-0.01
2026-08-23-07-05,5,6.77,5,0.17
2026-08-23-07-05,6,6.77,6,0.01
2026-08-23-22-10,1,6.95,1,0.01
2026-08-23-22-10,2,6.95,2,-0.01
2026-08-23-22-10,3,6.95,3,0.03
2026-08-23-22-10,4,6.99,4,0.26
2026-08-23-22-10,5,6.95,5,0.16
2026-08-23-22-10,6,6.97,6,0.08
2026-08-23-07-06,1,6.64,1,0.21
2026-08-23-07-06,2,6.77,2,0.12
2026-08-23-07-06,3,6.81,3,0.15
2026-08-23-07-06,4,6.76,4,0.15
2026-08-23-07-06,5,6.73,5,0.09
2026-08-23-07-06,6,6.85,6,0.19
2026-08-23-22-11,1,6.86,1,0.14
2026-08-23-22-11,2,6.92,2,0.11
2026-08-23-22-11,3,6.94,3,0.14
2026-08-23-22-11,4,6.95,4,0.15
2026-08-23-22-11,5,6.89,5,0.1
2026-08-23-22-11,6,7.0,6,0.31
2026-08-23-07-07,1,6.71,1,0.48
2026-08-23-07-07,2,6.67,2,0.18
2026-08-23-07-07,3,6.74,3,0.09
2026-08-23-07-07,4,6.79,4,0.31
2026-08-23-07-07,5,6.74,5,0.29
2026-08-23-07-07,6,6.6,6,0.11
2026-08-23-20-07,1,6.95,1,-0.1
2026-08-23-20-07,2,6.96,2,0.05
2026-08-23-20-07,3,6.95,3,-0.03
2026-08-23-20-07,4,6.96,4,-0.11
2026-08-23-20-07,5,6.93,6,0.11
2026-08-23-20-07,6,6.96,5,0.01
2026-08-23-22-12,1,6.95,1,0.18
2026-08-23-22-12,2,6.94,2,0.04
2026-08-23-22-12,3,,,
2026-08-23-22-12,4,7.01,3,-0.04
2026-08-23-22-12,5,6.97,4,-0.04
2026-08-23-22-12,6,6.92,5,0.01
2026-08-23-07-08,1,6.66,1,0.11
2026-08-23-07-08,2,6.73,2,0.12
2026-08-23-07-08,3,6.7,3,0.31
2026-08-23-07-08,4,6.74,4,0.14
2026-08-23-07-08,5,6.73,5,0.11
2026-08-23-07-08,6,6.72,6,0.02
2026-08-23-19-07,1,6.84,1,0.1
2026-08-23-19-07,2,6.8,2,0.24
2026-08-23-19-07,3,6.82,3,0.06
2026-08-23-19-07,4,6.79,4,0.02
2026-08-23-19-07,5,6.85,5,0.09
2026-08-23-19-07,6,6.81,6,0.0
2026-08-23-07-09,1,6.72,1,0.03
2026-08-23-07-09,2,6.79,2,0.1
2026-08-23-07-09,3,6.75,3,0.13
2026-08-23-07-09,4,6.77,4,-0.04
2026-08-23-07-09,5,6.77,5,0.03
2026-08-23-07-09,6,6.76,6,-0.06
2026-08-23-19-08,1,6.86,1,0.05
2026-08-23-19-08,2,6.8,2,0.11
2026-08-23-19-08,3,6.88,3,0.12
2026-08-23-19-08,4,6.9,4,0.26
2026-08-23-19-08,5,6.93,5,0.18
2026-08-23-19-08,6,6.8,6,0.2
2026-08-23-19-09,1,6.86,1,-0.02
2026-08-23-19-09,2,6.8,2,-0.03
2026-08-23-19-09,3,6.82,3,0.01
2026-08-23-19-09,4,6.84,4,-0.04
2026-08-23-19-09,5,6.9,5,0.03
2026-08-23-19-09,6,6.84,6,-0.04
2026-08-23-20-09,1,6.97,1,0.17
2026-08-23-20-09,2,6.98,2,0.15
2026-08-23-20-09,3,7.04,3,0.12
2026-08-23-20-09,4,7.0,4,0.11
2026-08-23-20-09,5,6.91,5,0.21
2026-08-23-20-09,6,6.98,6,0.17
2026-08-23-20-10,1,6.91,1,0.22
2026-08-23-20-10,2,6.95,2,0.19
2026-08-23-20-10,3,6.89,3,0.15
2026-08-23-20-10,4,6.95,4,0.07
2026-08-23-20-10,5,6.97,5,0.03
2026-08-23-20-10,6,6.96,6,0.02
2026-08-23-24-05,1,6.94,1,-0.02
2026-08-23-24-05,2,7.03,2,0.19
2026-08-23-24-05,3,7.06,3,0.12
2026-08-23-24-05,4,6.9,4,0.1
2026-08-23-24-05,5,6.9,5,0.06
2026-08-23-24-05,6,6.97,6,0.14
2026-08-23-24-06,1,6.94,1,0.06
2026-08-23-24-06,2,7.0,2,0.05
2026-08-23-24-06,3,7.04,3,0.03
2026-08-23-24-06,4,6.97,4,0.04
2026-08-23-24-06,5,6.96,5,-0.07
2026-08-23-24-06,6,6.97,6,0.06
2026-08-23-07-11,1,6.77,1,0.01
2026-08-23-07-11,2,6.78,2,-0.01
2026-08-23-07-11,3,6.79,3,-0.01
2026-08-23-07-11,4,6.84,4,0.17
2026-08-23-07-11,5,6.75,5,0.21
2026-08-23-07-11,6,6.84,6,0.22
2026-08-23-20-11,1,6.92,1,0.16
2026-08-23-20-11,2,7.01,2,0.31
2026-08-23-20-11,3,6.95,3,0.1
2026-08-23-20-11,4,7.04,4,0.1
2026-08-23-20-11,5,7.07,5,0.16
2026-08-23-20-11,6,6.9,6,0.19
2026-08-23-07-12,1,6.77,1,-0.1
2026-08-23-07-12,2,6.84,2,-0.08
2026-08-23-07-12,3,6.91,3,-0.08
2026-08-23-07-12,4,6.82,4,-0.12
2026-08-23-07-12,5,6.87,5,-0.09
2026-08-23-07-12,6,6.79,6,-0.1
2026-08-23-24-07,1,6.93,1,0.17
2026-08-23-24-07,2,6.97,2,0.1
2026-08-23-24-07,3,7.08,3,0.08
2026-08-23-24-07,4,7.06,4,0.26
2026-08-23-24-07,5,6.93,5,0.12
2026-08-23-24-07,6,6.97,6,0.08
2026-08-23-19-12,1,6.91,1,-0.02
2026-08-23-19-12,2,6.91,2,-0.05
2026-08-23-19-12,3,7.03,3,0.11
2026-08-23-19-12,4,6.92,4,-0.02
2026-08-23-19-12,5,6.85,5,-0.01
2026-08-23-19-12,6,6.9,6,0.17
2026-08-23-24-08,1,6.91,1,0.14
2026-08-23-24-08,2,,,
2026-08-23-24-08,3,6.94,2,0.16
2026-08-23-24-08,4,6.94,3,0.18
2026-08-23-24-08,5,6.93,4,0.01
2026-08-23-24-08,6,6.9,5,0.19
2026-08-23-24-09,1,6.97,1,0.1
2026-08-23-24-09,2,6.94,2,0.15
2026-08-23-24-09,3,6.86,3,0.13
2026-08-23-24-09,4,6.89,4,-0.04
2026-08-23-24-09,5,6.99,5,-0.08
2026-08-23-24-09,6,6.97,6,0.01
2026-08-23-24-12,1,6.93,1,0.04
2026-08-23-24-12,2,6.93,2,0.08
2026-08-23-24-12,3,6.97,3,0.01
2026-08-23-24-12,4,6.98,4,0.14
2026-08-23-24-12,5,6.95,5,0.13
2026-08-23-24-12,6,6.9,6,0.21
2026-08-24-18-01,1,6.96,1,0.15
2026-08-24-18-01,2,6.96,2,0.08
2026-08-24-18-01,3,7.0,3,0.1
2026-08-24-18-01,4,6.98,4,0.04
2026-08-24-18-01,5,6.92,5,0.06
2026-08-24-18-01,6,7.01,6,0.15
2026-08-24-18-02,1,,,
2026-08-24-18-02,2,,,
2026-08-24-18-02,3,,,
2026-08-24-18-02,4,,,
2026-08-24-18-02,5,,,
2026-08-24-18-02,6,,,
2026-08-24-21-02,1,6.79,1,-0.01
2026-08-24-21-02,2,6.72,2,0.22
2026-08-24-21-02,3,6.76,3,0.15
2026-08-24-21-02,4,6.77,4,-0.01
2026-08-24-21-02,5,6.83,5,0.07
2026-08-24-21-02,6,6.82,6,0.1
2026-08-24-10-03,1,6.71,1,0.04
2026-08-24-10-03,2,6.63,2,0.03
2026-08-24-10-03,3,6.78,3,0.05
2026-08-24-10-03,4,6.72,4,0.14
2026-08-24-10-03,5,6.76,6,0.25
2026-08-24-10-03,6,6.76,5,0.21
2026-08-24-18-03,1,7.0,1,0.15
2026-08-24-18-03,2,7.0,2,0.04
2026-08-24-18-03,3,6.96,3,0.02
2026-08-24-18-03,4,7.1,4,0.43
2026-08-24-18-03,5,6.98,5,0.2
2026-08-24-18-03,6,7.0,6,0.12
2026-08-24-03-01,1,6.86,1,-0.08
2026-08-24-03-01,2,6.93,2,0.04
2026-08-24-03-01,3,7.04,3,-0.05
2026-08-24-03-01,4,6.86,4,-0.01
2026-08-24-03-01,5,6.84,5,0.05
2026-08-24-03-01,6,6.84,6,-0.02
2026-08-24-06-03,1,6.73,1,0.12
2026-08-24-06-03,2,6.65,2,0.06
2026-08-24-06-03,3,6.61,3,0.19
2026-08-24-06-03,4,6.74,4,0.12
2026-08-24-06-03,5,6.68,5,0.01
2026-08-24-06-03,6,6.68,6,-0.07
2026-08-24-13-05,1,6.74,1,0.19
2026-08-24-13-05,2,6.81,2,0.24
2026-08-24-13-05,3,6.79,3,0.03
2026-08-24-13-05,4,6.76,4,0.22
2026-08-24-13-05,5,6.85,5,0.18
2026-08-24-13-05,6,6.82,6,0.12
2026-08-24-21-09,1,6.89,1,0.14
2026-08-24-21-09,2,6.91,2,0.15
2026-08-24-21-09,3,6.89,3,0.01
2026-08-24-21-09,4,6.96,4,0.04
2026-08-24-21-09,5,6.81,5,0.14
2026-08-24-21-09,6,6.87,6,-0.01
2026-08-24-06-05,1,6.72,1,0.19
2026-08-24-06-05,2,6.73,2,0.01
2026-08-24-06-05,3,6.67,3,0.15
2026-08-24-06-05,4,6.78,4,0.02
2026-08-24-06-05,5,6.73,5,0.03
2026-08-24-06-05,6,6.59,6,0.09
2026-08-24-08-06,1,6.71,1,0.2
2026-08-24-08-06,2,6.79,2,0.08
2026-08-24-08-06,3,6.74,3,0.07
2026-08-24-08-06,4,6.74,4,0.13
2026-08-24-08-06,5,6.75,5,0.1
2026-08-24-08-06,6,6.78,6,0.08
2026-08-24-10-10,1,6.87,1,-0.16
2026-08-24-10-10,2,6.73,2,0.09
2026-08-24-10-10,3,6.82,3,0.08
2026-08-24-10-10,4,6.87,4,0.13
2026-08-24-10-10,5,6.8,5,0.22
2026-08-24-10-10,6,6.73,6,0.02
2026-08-24-22-03,1,6.92,1,0.25
2026-08-24-22-03,2,6.91,2,0.09
2026-08-24-22-03,3,6.91,3,0.2
2026-08-24-22-03,4,6.89,4,0.11
2026-08-24-22-03,5,6.89,5,0.25
2026-08-24-22-03,6,6.93,6,-0.08
2026-08-24-08-08,1,6.77,1,0.07
2026-08-24-08-08,2,6.76,2,0.03
2026-08-24-08-08,3,6.77,3,0.15
2026-08-24-08-08,4,6.78,4,0.19
2026-08-24-08-08,5,6.85,5,0.11
2026-08-24-08-08,6,6.73,6,0.06
2026-08-24-13-08,1,6.8,1,0.01
2026-08-24-13-08,2,6.79,2,0.08
2026-08-24-13-08,3,6.77,3,-0.08
2026-08-24-13-08,4,6.79,4,0.07
2026-08-24-13-08,5,6.78,5,0.07
2026-08-24-13-08,6,6.84,6,0.04
2026-08-24-21-12,1,6.84,1,0.03
2026-08-24-21-12,2,6.85,2,0.15
2026-08-24-21-12,3,6.83,3,0.05
2026-08-24-21-12,4,6.82,4,0.0
2026-08-24-21-12,5,6.88,5,0.03
2026-08-24-21-12,6,6.85,6,0.09
2026-08-24-06-07,1,6.67,1,0.15
2026-08-24-06-07,2,6.71,2,0.1
2026-08-24-06-07,3,6.74,3,0.17
2026-08-24-06-07,4,6.78,4,-0.01
2026-08-24-06-07,5,6.71,5,0.01
2026-08-24-06-07,6,6.73,6,-0.08
2026-08-24-08-09,1,6.72,1,0.09
2026-08-24-08-09,2,6.74,2,0.15
2026-08-24-08-09,3,6.78,3,0.25
2026-08-24-08-09,4,6.76,4,0.03
2026-08-24-08-09,5,6.8,5,0.21
2026-08-24-08-09,6,6.79,6,0.22
2026-08-24-13-09,1,6.81,1,0.04
2026-08-24-13-09,2,6.8,2,0.23
2026-08-24-13-09,3,6.79,3,0.08
2026-08-24-13-09,4,6.92,4,0.21
2026-08-24-13-09,5,6.84,5,0.21
2026-08-24-13-09,6,6.86,6,0.22
2026-08-24-08-10,1,6.79,1,0.0
2026-08-24-08-10,2,6.8,2,0.15
2026-08-24-08-10,3,6.82,3,0.02
2026-08-24-08-10,4,6.82,4,-0.08
2026-08-24-08-10,5,6.83,5,-0.07
2026-08-24-08-10,6,6.75,6,0.08
2026-08-24-13-10,1,6.8,1,0.33
2026-08-24-13-10,2,6.74,2,0.31
2026-08-24-13-10,3,6.76,3,0.38
2026-08-24-13-10,4,6.76,4,0.44
2026-08-24-13-10,5,6.81,5,0.24
2026-08-24-13-10,6,6.81,6,0.4
2026-08-24-22-07,1,6.91,1,0.02
2026-08-24-22-07,2,6.93,2,0.12
2026-08-24-22-07,3,6.94,3,0.14
2026-08-24-22-07,4,6.99,4,0.18
2026-08-24-22-07,5,6.94,5,0.34
2026-08-24-22-07,6,6.96,6,0.17
2026-08-24-06-10,1,6.64,1,0.08
2026-08-24-06-10,2,6.73,2,0.14
2026-08-24-06-10,3,6.75,3,0.14
2026-08-24-06-10,4,6.78,4,0.1
2026-08-24-06-10,5,6.74,5,0.21
2026-08-24-06-10,6,6.76,6,0.08
2026-08-24-07-03,1,6.64,1,0.11
2026-08-24-07-03,2,6.67,2,0.15
2026-08-24-07-03,3,6.66,3,0.1
2026-08-24-07-03,4,6.73,4,0.05
2026-08-24-07-03,5,6.71,5,0.04
2026-08-24-07-03,6,6.68,6,0.05
2026-08-24-08-12,1,6.75,1,-0.01
2026-08-24-08-12,2,6.82,2,0.08
2026-08-24-08-12,3,6.78,3,-0.01
2026-08-24-08-12,4,6.78,4,-0.04
2026-08-24-08-12,5,6.8,5,-0.11
2026-08-24-08-12,6,6.76,6,-0.08
2026-08-24-15-03,1,6.77,1,-0.07
2026-08-24-15-03,2,6.68,2,0.02
2026-08-24-15-03,3,6.75,3,0.14
2026-08-24-15-03,4,6.79,4,0.08
2026-08-24-15-03,5,6.76,5,0.09
2026-08-24-15-03,6,6.79,6,0.07
2026-08-24-06-12,1,6.7,1,0.27
2026-08-24-06-12,2,6.72,2,0.09
2026-08-24-06-12,3,6.73,3,0.01
2026-08-24-06-12,4,6.78,4,0.05
2026-08-24-06-12,5,6.76,5,-0.06
2026-08-24-06-12,6,6.77,6,-0.01
2026-08-24-15-05,1,6.86,1,0.11
2026-08-24-15-05,2,6.78,2,-0.07
2026-08-24-15-05,3,6.81,3,0.01
2026-08-24-15-05,4,6.77,4,0.0
2026-08-24-15-05,5,6.76,5,0.06
2026-08-24-15-05,6,6.89,6,0.09
2026-08-24-07-06,1,6.65,1,0.19
2026-08-24-07-06,2,6.71,2,0.09
2026-08-24-07-06,3,6.72,3,0.09
2026-08-24-07-06,4,6.65,4,-0.02
2026-08-24-07-06,5,6.65,5,0.05
2026-08-24-07-06,6,6.69,6,0.09
2026-08-24-20-06,1,7.04,1,-0.03
2026-08-24-20-06,2,7.08,2,-0.03
2026-08-24-20-06,3,6.94,3,0.03
2026-08-24-20-06,4,6.94,4,0.01
2026-08-24-20-06,5,7.03,5,0.07
2026-08-24-20-06,6,6.92,6,0.04
2026-08-24-07-08,1,6.71,1,0.19
2026-08-24-07-08,2,6.74,2,0.05
2026-08-24-07-08,3,6.69,3,0.05
2026-08-24-07-08,4,6.74,4,-0.01
2026-08-24-07-08,5,6.76,5,-0.04
2026-08-24-07-08,6,6.72,6,-0.12
2026-08-24-20-08,1,6.93,1,-0.13
2026-08-24-20-08,2,7.06,2,0.06
2026-08-24-20-08,3,6.95,3,0.51
2026-08-24-20-08,4,7.0,4,0.01
2026-08-24-20-08,5,6.94,5,0.04
2026-08-24-20-08,6,7.04,6,0.07
2026-08-24-15-10,1,6.88,1,-0.01
2026-08-24-15-10,2,6.8,2,0.03
2026-08-24-15-10,3,6.85,3,0.09
2026-08-24-15-10,4,6.73,4,0.18
2026-08-24-15-10,5,6.92,5,0.17
2026-08-24-15-10,6,6.86,6,0.17
2026-08-24-19-09,1,6.89,1,0.19
2026-08-24-19-09,2,6.97,2,0.09
2026-08-24-19-09,3,6.96,3,0.22
2026-08-24-19-09,4,6.94,4,0.11
2026-08-24-19-09,5,6.89,5,0.16
2026-08-24-19-09,6,6.86,6,0.07
2026-08-24-07-11,1,6.75,1,-0.06
2026-08-24-07-11,2,6.78,2,0.04
2026-08-24-07-11,3,6.88,3,0.06
2026-08-24-07-11,4,6.85,4,0.13
2026-08-24-07-11,5,6.8,5,0.01
2026-08-24-07-11,6,6.7,6,0.08
2026-08-24-15-11,1,6.81,1,0.05
2026-08-24-15-11,2,6.78,2,0.07
2026-08-24-15-11,3,6.83,3,0.01
2026-08-24-15-11,4,6.75,4,0.01
2026-08-24-15-11,5,6.82,5,0.13
2026-08-24-15-11,6,6.77,6,0.11
2026-08-25-10-01,1,6.65,1,0.09
2026-08-25-10-01,2,6.75,2,0.18
2026-08-25-10-01,3,6.73,3,0.49
2026-08-25-10-01,4,6.74,4,0.06
2026-08-25-10-01,5,6.74,5,0.06
2026-08-25-10-01,6,6.76,6,0.08
2026-08-25-18-01,1,6.97,1,0.13
2026-08-25-18-01,2,6.99,2,0.06
2026-08-25-18-01,3,6.99,3,0.06
2026-08-25-18-01,4,6.97,4,0.05
2026-08-25-18-01,5,7.03,5,0.1
2026-08-25-18-01,6,7.04,6,0.15
2026-08-25-18-02,1,,,
2026-08-25-18-02,2,,,
2026-08-25-18-02,3,,,
2026-08-25-18-02,4,,,
2026-08-25-18-02,5,,,
2026-08-25-18-02,6,,,
2026-08-25-21-02,1,6.75,1,0.14
2026-08-25-21-02,2,6.87,2,0.4
2026-08-25-21-02,3,6.78,3,0.2
2026-08-25-21-02,4,6.73,4,0.07
2026-08-25-21-02,5,6.81,5,0.16
2026-08-25-21-02,6,6.83,6,0.13
2026-08-25-10-03,1,6.6,1,0.15
2026-08-25-10-03,2,6.61,2,0.12
2026-08-25-10-03,3,6.7,3,0.43
2026-08-25-10-03,4,6.79,4,0.2
2026-08-25-10-03,5,6.69,5,0.14
2026-08-25-10-03,6,6.75,6,0.09
2026-08-25-18-03,1,6.92,1,0.12
2026-08-25-18-03,2,6.94,2,0.15
2026-08-25-18-03,3,7.01,3,0.11
2026-08-25-18-03,4,6.99,4,0.08
2026-08-25-18-03,5,7.04,5,0.25
2026-08-25-18-03,6,6.92,6,0.23
2026-08-25-08-02,1,6.77,1,0.07
2026-08-25-08-02,2,6.78,2,0.06
2026-08-25-08-02,3,6.71,3,0.23
2026-08-25-08-02,4,6.73,4,-0.04
2026-08-25-08-02,5,6.81,5,-0.08
2026-08-25-08-02,6,6.72,6,-0.02
2026-08-25-10-06,1,6.88,1,0.04
2026-08-25-10-06,2,6.83,2,0.08
2026-08-25-10-06,3,6.88,3,-0.06
2026-08-25-10-06,4,6.86,4,0.25
2026-08-25-10-06,5,6.85,6,0.05
2026-08-25-10-06,6,6.85,5,0.18
2026-08-25-13-02,1,6.73,1,0.03
2026-08-25-13-02,2,6.71,2,0.1
2026-08-25-13-02,3,6.82,3,0.18
2026-08-25-13-02,4,6.78,4,0.18
2026-08-25-13-02,5,6.79,5,0.26
2026-08-25-13-02,6,6.81,6,0.12
2026-08-25-17-02,1,6.83,1,0.15
2026-08-25-17-02,2,6.68,2,0.0
2026-08-25-17-02,3,6.78,3,-0.03
2026-08-25-17-02,4,6.78,4,-0.01
2026-08-25-17-02,5,6.79,5,-0.02
2026-08-25-17-02,6,6.75,6,-0.01
2026-08-25-03-03,1,,,
2026-08-25-03-03,2,,,
2026-08-25-03-03,3,,,
2026-08-25-03-03,4,,,
2026-08-25-03-03,5,,,
2026-08-25-03-03,6,,,
2026-08-25-06-02,1,6.76,1,-0.01
2026-08-25-06-02,2,6.75,2,0.33
2026-08-25-06-02,3,6.72,3,-0.03
2026-08-25-06-02,4,6.76,4,0.02
2026-08-25-06-02,5,6.73,5,-0.04
2026-08-25-06-02,6,6.73,6,-0.02
2026-08-25-10-08,1,6.7,1,0.26
2026-08-25-10-08,2,6.84,2,0.07
2026-08-25-10-08,3,6.77,3,0.19
2026-08-25-10-08,4,6.84,4,0.04
2026-08-25-10-08,5,6.76,5,0.05
2026-08-25-10-08,6,6.83,6,0.05
2026-08-25-18-08,1,6.99,1,0.04
2026-08-25-18-08,2,7.0,2,0.05
2026-08-25-18-08,3,7.01,3,0.05
2026-08-25-18-08,4,6.99,4,0.09
2026-08-25-18-08,5,6.94,5,0.03
2026-08-25-18-08,6,7.04,6,0.11
2026-08-25-10-09,1,6.87,1,0.19
2026-08-25-10-09,2,6.83,2,0.21
2026-08-25-10-09,3,6.87,3,0.11
2026-08-25-10-09,4,6.85,4,0.13
2026-08-25-10-09,5,6.94,5,0.05
2026-08-25-10-09,6,6.87,6,0.17
2026-08-25-17-05,1,6.68,1,0.2
2026-08-25-17-05,2,6.71,2,0.33
2026-08-25-17-05,3,6.72,3,0.01
2026-08-25-17-05,4,6.74,4,0.22
2026-08-25-17-05,5,6.71,5,0.19
2026-08-25-17-05,6,6.7,6,0.28
2026-08-25-22-02,1,6.86,1,0.14
2026-08-25-22-02,2,6.91,2,0.12
2026-08-25-22-02,3,6.9,3,0.1
2026-08-25-22-02,4,6.86,4,0.01
2026-08-25-22-02,5,6.87,5,0.01
2026-08-25-22-02,6,6.9,6,0.0
2026-08-25-03-06,1,6.91,1,0.06
2026-08-25-03-06,2,7.14,2,-0.06
2026-08-25-03-06,3,7.04,3,0.05
2026-08-25-03-06,4,7.06,4,0.06
2026-08-25-03-06,5,6.84,5,0.15
2026-08-25-03-06,6,6.97,6,0.11
2026-08-25-06-05,1,6.7,1,0.09
2026-08-25-06-05,2,6.66,3,0.06
2026-08-25-06-05,3,6.76,4,0.25
2026-08-25-06-05,4,6.65,5,0.08
2026-08-25-06-05,5,6.73,2,0.03
2026-08-25-06-05,6,6.75,6,0.23
2026-08-25-09-07,1,6.84,1,0.12
2026-08-25-09-07,2,6.92,2,0.11
2026-08-25-09-07,3,6.92,3,0.05
2026-08-25-09-07,4,6.92,4,0.01
2026-08-25-09-07,5,6.92,5,0.06
2026-08-25-09-07,6,6.9,6,0.04
2026-08-25-13-07,1,6.82,1,0.03
2026-08-25-13-07,2,6.79,2,0.08
2026-08-25-13-07,3,6.82,3,0.18
2026-08-25-13-07,4,6.74,4,-0.07
2026-08-25-13-07,5,6.77,5,-0.09
2026-08-25-13-07,6,6.74,6,-0.09
2026-08-25-21-11,1,6.76,1,0.03
2026-08-25-21-11,2,6.78,2,0.08
2026-08-25-21-11,3,6.75,3,0.19
2026-08-25-21-11,4,6.76,4,0.23
2026-08-25-21-11,5,6.7,5,0.24
2026-08-25-21-11,6,6.77,6,0.31
2026-08-25-06-06,1,6.69,1,0.18
2026-08-25-06-06,2,6.74,2,-0.01
2026-08-25-06-06,3,6.71,3,0.43
2026-08-25-06-06,4,6.73,4,-0.02
2026-08-25-06-06,5,6.69,5,0.03
2026-08-25-06-06,6,6.8,6,0.06
2026-08-25-08-08,1,6.73,1,0.15
2026-08-25-08-08,2,6.76,2,0.09
2026-08-25-08-08,3,6.82,3,0.24
2026-08-25-08-08,4,6.84,4,0.16
2026-08-25-08-08,5,6.78,5,0.32
2026-08-25-08-08,6,6.74,6,0.15
2026-08-25-13-08,1,6.77,1,0.18
2026-08-25-13-08,2,6.81,2,-0.02
2026-08-25-13-08,3,6.79,3,0.14
2026-08-25-13-08,4,6.8,4,0.09
2026-08-25-13-08,5,6.82,5,0.06
2026-08-25-13-08,6,6.77,6,-0.02
2026-08-25-17-07,1,6.71,1,0.16
2026-08-25-17-07,2,6.74,2,0.09
2026-08-25-17-07,3,6.69,3,0.16
2026-08-25-17-07,4,6.75,4,0.39
2026-08-25-17-07,5,6.67,5,0.13
2026-08-25-17-07,6,6.76,6,0.05
2026-08-25-21-12,1,6.71,1,-0.01
2026-08-25-21-12,2,6.74,2,0.04
2026-08-25-21-12,3,6.75,3,0.05
2026-08-25-21-12,4,6.72,4,0.2
2026-08-25-21-12,5,6.74,5,0.02
2026-08-25-21-12,6,6.76,6,0.07
2026-08-25-06-07,1,6.84,1,0.04
2026-08-25-06-07,2,6.71,2,0.2
2026-08-25-06-07,3,6.76,3,0.07
2026-08-25-06-07,4,6.83,4,0.12
2026-08-25-06-07,5,6.76,5,0.17
2026-08-25-06-07,6,6.81,6,0.04
2026-08-25-08-09,1,6.74,1,0.03
2026-08-25-08-09,2,6.78,2,0.19
2026-08-25-08-09,3,6.76,3,0.14
2026-08-25-08-09,4,6.76,4,0.12
2026-08-25-08-09,5,6.74,5,0.16
2026-08-25-08-09,6,6.83,6,0.2
2026-08-25-09-09,1,6.83,1,0.05
2026-08-25-09-09,2,6.87,2,0.16
2026-08-25-09-09,3,6.87,3,0.11
2026-08-25-09-09,4,6.84,4,0.18
2026-08-25-09-09,5,6.9,5,0.07
2026-08-25-09-09,6,6.86,6,0.19
2026-08-25-17-08,1,6.75,1,0.07
2026-08-25-17-08,2,6.79,2,0.08
2026-08-25-17-08,3,6.79,3,0.03
2026-08-25-17-08,4,6.79,4,0.07
2026-08-25-17-08,5,6.74,5,0.08
2026-08-25-17-08,6,6.8,6,0.03
2026-08-25-01-01,1,6.87,1,0.09
2026-08-25-01-01,2,6.92,2,0.06
2026-08-25-01-01,3,6.79,5,0.09
2026-08-25-01-01,4,6.84,3,0.02
2026-08-25-01-01,5,6.99,4,0.05
2026-08-25-01-01,6,6.92,6,0.19
2026-08-25-06-08,1,6.75,1,0.18
2026-08-25-06-08,2,6.74,2,0.11
2026-08-25-06-08,3,6.78,3,0.01
2026-08-25-06-08,4,6.76,4,0.12
2026-08-25-06-08,5,6.75,5,0.11
2026-08-25-06-08,6,6.83,6,0.08
2026-08-25-09-10,1,6.9,1,0.29
2026-08-25-09-10,2,6.9,2,0.24
2026-08-25-09-10,3,6.85,3,0.31
2026-08-25-09-10,4,6.84,4,0.06
2026-08-25-09-10,5,6.93,5,0.25
2026-08-25-09-10,6,6.91,6,0.18
2026-08-25-17-09,1,6.75,1,-0.02
2026-08-25-17-09,2,6.71,2,0.32
2026-08-25-17-09,3,6.7,3,0.35
2026-08-25-17-09,4,6.79,4,0.13
2026-08-25-17-09,5,6.76,5,0.06
2026-08-25-17-09,6,6.76,6,0.21
2026-08-25-01-02,1,6.82,1,-0.01
2026-08-25-01-02,2,6.87,2,0.05
2026-08-25-01-02,3,6.89,3,0.08
2026-08-25-01-02,4,6.86,4,0.05
2026-08-25-01-02,5,6.88,5,0.13
2026-08-25-01-02,6,6.7,6,0.07
2026-08-25-06-09,1,6.75,1,0.05
2026-08-25-06-09,2,6.8,2,0.01
2026-08-25-06-09,3,6.86,3,0.1
2026-08-25-06-09,4,6.89,4,0.12
2026-08-25-06-09,5,6.67,5,0.11
2026-08-25-06-09,6,6.73,6,-0.03
2026-08-25-08-11,1,,,
2026-08-25-08-11,2,,,
2026-08-25-08-11,3,,,
2026-08-25-08-11,4,,,
2026-08-25-08-11,5,,,
2026-08-25-08-11,6,,,
2026-08-25-17-10,1,6.7,1,0.03
2026-08-25-17-10,2,6.86,2,0.03
2026-08-25-17-10,3,6.76,3,0.08
2026-08-25-17-10,4,6.82,4,0.09
2026-08-25-17-10,5,6.78,5,0.06
2026-08-25-17-10,6,6.79,6,0.13
2026-08-25-01-04,1,6.89,1,0.14
2026-08-25-01-04,2,6.79,2,0.19
2026-08-25-01-04,3,6.85,3,0.15
2026-08-25-01-04,4,6.88,4,-0.06
2026-08-25-01-04,5,6.96,5,-0.03
2026-08-25-01-04,6,6.88,6,-0.01
2026-08-25-03-12,1,7.13,1,0.14
2026-08-25-03-12,2,7.1,2,0.1
2026-08-25-03-12,3,7.07,3,-0.01
2026-08-25-03-12,4,7.08,4,-0.12
2026-08-25-03-12,5,7.16,5,0.22
2026-08-25-03-12,6,7.09,6,-0.03
2026-08-25-13-12,1,6.74,1,-0.03
2026-08-25-13-12,2,6.76,2,0.02
2026-08-25-13-12,3,6.81,3,0.09
2026-08-25-13-12,4,6.79,4,-0.01
2026-08-25-13-12,5,6.8,5,-0.01
2026-08-25-13-12,6,6.68,6,0.1
2026-08-25-06-12,1,6.74,1,0.16
2026-08-25-06-12,2,6.74,2,0.12
2026-08-25-06-12,3,6.87,3,0.09
2026-08-25-06-12,4,6.87,4,0.09
2026-08-25-06-12,5,6.87,5,0.02
2026-08-25-06-12,6,6.82,6,0.07
2026-08-25-20-05,1,6.99,1,-0.03
2026-08-25-20-05,2,7.0,2,0.0
2026-08-25-20-05,3,7.0,3,0.06
2026-08-25-20-05,4,7.03,4,0.05
2026-08-25-20-05,5,7.03,5,0.21
2026-08-25-20-05,6,7.18,6,0.11
2026-08-25-15-07,1,,1,0.13
2026-08-25-15-07,2,,2,0.19
2026-08-25-15-07,3,,3,0.17
2026-08-25-15-07,4,,4,0.06
2026-08-25-15-07,5,,5,0.12
2026-08-25-15-07,6,,6,0.03
2026-08-25-01-08,1,6.94,1,0.21
2026-08-25-01-08,2,6.86,2,0.26
2026-08-25-01-08,3,7.03,3,0.03
2026-08-25-01-08,4,6.94,4,0.05
2026-08-25-01-08,5,6.93,5,-0.06
2026-08-25-01-08,6,7.02,6,-0.1
2026-08-25-15-08,1,6.73,1,-0.04
2026-08-25-15-08,2,6.76,2,0.11
2026-08-25-15-08,3,6.78,3,-0.01
2026-08-25-15-08,4,6.86,4,0.28
2026-08-25-15-08,5,6.8,5,0.15
2026-08-25-15-08,6,6.77,6,0.08
2026-08-25-01-09,1,6.92,1,0.04
2026-08-25-01-09,2,6.83,2,0.01
2026-08-25-01-09,3,6.87,3,0.02
2026-08-25-01-09,4,6.95,4,-0.06
2026-08-25-01-09,5,7.03,5,-0.05
2026-08-25-01-09,6,6.83,6,0.03
2026-08-25-20-09,1,6.96,1,0.02
2026-08-25-20-09,2,6.94,2,0.18
2026-08-25-20-09,3,6.94,3,0.19
2026-08-25-20-09,4,7.04,4,0.09
2026-08-25-20-09,5,7.04,5,0.03
2026-08-25-20-09,6,7.05,6,0.18
2026-08-25-01-10,1,6.75,1,0.08
2026-08-25-01-10,2,6.88,2,0.05
2026-08-25-01-10,3,6.78,3,0.03
2026-08-25-01-10,4,6.71,4,0.22
2026-08-25-01-10,5,6.73,5,0.36
2026-08-25-01-10,6,6.88,6,0.17
2026-08-25-01-11,1,6.82,1,0.17
2026-08-25-01-11,2,6.89,2,0.19
2026-08-25-01-11,3,6.81,3,0.11
2026-08-25-01-11,4,6.99,4,0.31
2026-08-25-01-11,5,7.01,5,0.33
2026-08-25-01-11,6,6.9,6,0.34
2026-08-25-15-12,1,6.78,1,-0.08
2026-08-25-15-12,2,6.87,2,0.03
2026-08-25-15-12,3,6.84,3,-0.09
2026-08-25-15-12,4,6.8,4,-0.14
2026-08-25-15-12,5,6.88,5,-0.05
2026-08-25-15-12,6,6.88,6,-0.01
2026-08-26-10-01,1,6.75,1,0.07
2026-08-26-10-01,2,6.77,2,0.08
2026-08-26-10-01,3,6.78,3,0.07
2026-08-26-10-01,4,6.67,4,0.15
2026-08-26-10-01,5,6.71,5,0.16
2026-08-26-10-01,6,6.69,6,0.18
2026-08-26-18-01,1,7.02,1,-0.42
2026-08-26-18-01,2,7.07,3,0.04
2026-08-26-18-01,3,7.05,4,0.25
2026-08-26-18-01,4,7.0,5,0.16
2026-08-26-18-01,5,7.1,2,0.07
2026-08-26-18-01,6,6.98,6,0.17
2026-08-26-14-02,1,6.83,1,0.01
2026-08-26-14-02,2,6.78,2,0.05
2026-08-26-14-02,3,6.9,3,0.05
2026-08-26-14-02,4,6.9,4,0.08
2026-08-26-14-02,5,6.82,5,0.02
2026-08-26-14-02,6,6.86,6,0.09
2026-08-26-18-02,1,7.01,1,0.26
2026-08-26-18-02,2,6.96,2,0.16
2026-08-26-18-02,3,7.07,3,0.22
2026-08-26-18-02,4,7.05,4,0.08
2026-08-26-18-02,5,7.0,5,0.19
2026-08-26-18-02,6,6.92,6,0.01
2026-08-26-10-03,1,6.72,1,0.19
2026-08-26-10-03,2,6.71,2,0.15
2026-08-26-10-03,3,6.58,3,0.08
2026-08-26-10-03,4,6.69,4,0.09
2026-08-26-10-03,5,6.75,5,0.18
2026-08-26-10-03,6,6.57,6,0.16
2026-08-26-18-03,1,6.99,1,0.02
2026-08-26-18-03,2,7.06,2,0.2
2026-08-26-18-03,3,6.97,3,0.09
2026-08-26-18-03,4,6.97,4,0.14
2026-08-26-18-03,5,6.99,5,0.06
2026-08-26-18-03,6,7.07,6,0.09
2026-08-26-03-01,1,6.77,1,0.26
2026-08-26-03-01,2,7.06,2,0.19
2026-08-26-03-01,3,6.73,3,0.28
2026-08-26-03-01,4,6.73,4,0.12
2026-08-26-03-01,5,6.89,5,0.12
2026-08-26-03-01,6,6.92,6,-0.12
2026-08-26-13-03,1,,,
2026-08-26-13-03,2,,,
2026-08-26-13-03,3,,,
2026-08-26-13-03,4,,,
2026-08-26-13-03,5,,,
2026-08-26-13-03,6,,,
2026-08-26-14-07,1,6.8,1,0.22
2026-08-26-14-07,2,6.8,2,0.19
2026-08-26-14-07,3,6.81,3,0.15
2026-08-26-14-07,4,6.81,4,0.12
2026-08-26-14-07,5,6.78,5,0.11
2026-08-26-14-07,6,6.8,6,0.08
2026-08-26-17-02,1,6.71,1,0.05
2026-08-26-17-02,2,6.67,3,0.14
2026-08-26-17-02,3,6.66,4,0.3
2026-08-26-17-02,4,6.68,5,0.12
2026-08-26-17-02,5,6.73,6,0.36
2026-08-26-17-02,6,6.72,2,0.09
2026-08-26-06-03,1,6.76,1,0.26
2026-08-26-06-03,2,6.76,2,0.44
2026-08-26-06-03,3,6.8,3,0.19
2026-08-26-06-03,4,6.79,4,0.09
2026-08-26-06-03,5,6.92,5,0.17
2026-08-26-06-03,6,6.78,6,0.23
2026-08-26-09-05,1,6.91,1,0.2
2026-08-26-09-05,2,6.93,2,0.18
2026-08-26-09-05,3,6.95,3,0.02
2026-08-26-09-05,4,6.87,4,0.03
2026-08-26-09-05,5,6.93,5,0.14
2026-08-26-09-05,6,6.81,6,0.14
2026-08-26-11-05,1,6.57,1,0.2
2026-08-26-11-05,2,6.69,2,0.14
2026-08-26-11-05,3,6.73,3,0.22
2026-08-26-11-05,4,6.77,4,0.08
2026-08-26-11-05,5,6.67,5,0.08
2026-08-26-11-05,6,6.79,6,0.28
2026-08-26-13-05,1,6.8,1,0.15
2026-08-26-13-05,2,6.83,2,0.17
2026-08-26-13-05,3,6.86,3,0.2
2026-08-26-13-05,4,6.82,4,0.27
2026-08-26-13-05,5,6.74,5,0.34
2026-08-26-13-05,6,6.86,6,0.24
2026-08-26-14-09,1,6.81,1,0.18
2026-08-26-14-09,2,6.8,2,0.02
2026-08-26-14-09,3,6.8,3,0.05
2026-08-26-14-09,4,6.7,4,-0.03
2026-08-26-14-09,5,6.78,5,0.14
2026-08-26-14-09,6,6.75,6,0.03
2026-08-26-22-01,1,6.89,1,0.36
2026-08-26-22-01,2,6.83,2,0.13
2026-08-26-22-01,3,6.96,3,0.14
2026-08-26-22-01,4,6.94,4,0.39
2026-08-26-22-01,5,6.91,5,0.31
2026-08-26-22-01,6,6.89,6,0.15
2026-08-26-08-06,1,6.75,1,0.19
2026-08-26-08-06,2,6.88,2,0.29
2026-08-26-08-06,3,6.8,4,0.05
2026-08-26-08-06,4,6.8,3,0.04
2026-08-26-08-06,5,6.81,5,-0.01
2026-08-26-08-06,6,6.81,6,0.14
2026-08-26-10-10,1,6.81,1,0.11
2026-08-26-10-10,2,6.89,2,0.07
2026-08-26-10-10,3,6.91,3,0.15
2026-08-26-10-10,4,6.87,4,0.14
2026-08-26-10-10,5,6.87,5,0.14
2026-08-26-10-10,6,6.82,6,0.09
2026-08-26-22-03,1,6.94,1,0.08
2026-08-26-22-03,2,6.93,2,0.12
2026-08-26-22-03,3,7.02,3,0.19
2026-08-26-22-03,4,7.03,4,-0.01
2026-08-26-22-03,5,6.97,5,0.05
2026-08-26-22-03,6,6.92,6,-0.03
2026-08-26-03-07,1,7.02,1,-0.23
2026-08-26-03-07,2,6.92,2,-0.07
2026-08-26-03-07,3,6.97,3,0.27
2026-08-26-03-07,4,6.85,4,-0.06
2026-08-26-03-07,5,6.91,5,0.11
2026-08-26-03-07,6,7.02,6,0.0
2026-08-26-06-06,1,6.78,1,0.09
2026-08-26-06-06,2,6.83,2,0.19
2026-08-26-06-06,3,6.76,3,0.04
2026-08-26-06-06,4,6.78,4,0.13
2026-08-26-06-06,5,6.86,5,0.07
2026-08-26-06-06,6,6.76,6,0.01
2026-08-26-11-08,1,6.61,1,0.2
2026-08-26-11-08,2,6.65,2,0.29
2026-08-26-11-08,3,6.66,3,0.3
2026-08-26-11-08,4,6.69,4,0.33
2026-08-26-11-08,5,6.75,5,0.32
2026-08-26-11-08,6,6.72,6,0.36
2026-08-26-17-07,1,6.72,1,0.15
2026-08-26-17-07,2,6.73,2,0.2
2026-08-26-17-07,3,6.75,3,0.24
2026-08-26-17-07,4,6.8,4,0.2
2026-08-26-17-07,5,6.75,5,0.05
2026-08-26-17-07,6,6.76,6,0.14
2026-08-26-03-08,1,7.13,1,-0.1
2026-08-26-03-08,2,6.88,2,-0.03
2026-08-26-03-08,3,7.06,3,0.01
2026-08-26-03-08,4,6.94,4,-0.07
2026-08-26-03-08,5,7.06,5,0.05
2026-08-26-03-08,6,7.09,6,0.32
2026-08-26-06-07,1,6.81,1,0.03
2026-08-26-06-07,2,6.86,2,-0.02
2026-08-26-06-07,3,6.71,3,-0.05
2026-08-26-06-07,4,6.78,4,-0.05
2026-08-26-06-07,5,6.94,5,0.17
2026-08-26-06-07,6,6.89,6,0.07
2026-08-26-09-09,1,6.86,1,-0.05
2026-08-26-09-09,2,6.88,2,0.18
2026-08-26-09-09,3,6.93,3,0.17
2026-08-26-09-09,4,6.9,4,0.15
2026-08-26-09-09,5,6.92,5,0.08
2026-08-26-09-09,6,6.98,6,0.04
2026-08-26-10-12,1,6.67,1,0.1
2026-08-26-10-12,2,6.79,2,0.11
2026-08-26-10-12,3,6.81,3,0.16
2026-08-26-10-12,4,6.79,4,0.11
2026-08-26-10-12,5,6.84,5,0.15
2026-08-26-10-12,6,6.79,6,0.13
2026-08-26-17-08,1,6.76,1,0.13
2026-08-26-17-08,2,6.8,2,0.33
2026-08-26-17-08,3,6.83,3,0.56
2026-08-26-17-08,4,6.8,4,0.35
2026-08-26-17-08,5,6.74,6,0.15
2026-08-26-17-08,6,6.8,5,0.2
2026-08-26-01-01,1,6.72,1,-0.1
2026-08-26-01-01,2,6.8,2,-0.11
2026-08-26-01-01,3,6.84,3,0.12
2026-08-26-01-01,4,6.67,4,0.05
2026-08-26-01-01,5,6.72,5,-0.09
2026-08-26-01-01,6,6.84,6,-0.09
2026-08-26-06-08,1,6.8,1,-0.03
2026-08-26-06-08,2,6.8,2,0.05
2026-08-26-06-08,3,6.86,3,0.05
2026-08-26-06-08,4,6.82,4,-0.05
2026-08-26-06-08,5,6.8,5,0.23
2026-08-26-06-08,6,6.85,6,0.07
2026-08-26-09-10,1,6.9,1,0.09
2026-08-26-09-10,2,6.89,2,0.13
2026-08-26-09-10,3,6.85,3,-0.01
2026-08-26-09-10,4,6.94,4,0.15
2026-08-26-09-10,5,6.89,5,0.01
2026-08-26-09-10,6,6.85,6,0.02
2026-08-26-11-10,1,6.77,1,-0.03
2026-08-26-11-10,2,6.71,2,0.04
2026-08-26-11-10,3,6.79,3,0.01
2026-08-26-11-10,4,6.72,4,0.01
2026-08-26-11-10,5,6.72,5,0.05
2026-08-26-11-10,6,6.76,6,0.01
2026-08-26-17-09,1,6.79,1,0.07
2026-08-26-17-09,2,6.74,2,0.28
2026-08-26-17-09,3,6.76,3,0.18
2026-08-26-17-09,4,6.84,4,0.01
2026-08-26-17-09,5,6.8,5,-0.01
2026-08-26-17-09,6,6.83,6,0.06
2026-08-26-06-09,1,6.75,1,-0.03
2026-08-26-06-09,2,6.71,2,0.01
2026-08-26-06-09,3,6.77,3,-0.02
2026-08-26-06-09,4,6.71,4,-0.09
2026-08-26-06-09,5,6.74,5,0.18
2026-08-26-06-09,6,6.8,6,0.22
2026-08-26-09-11,1,6.92,1,0.04
2026-08-26-09-11,2,6.9,2,0.21
2026-08-26-09-11,3,6.98,3,0.2
2026-08-26-09-11,4,6.9,4,0.07
2026-08-26-09-11,5,6.88,5,0.11
2026-08-26-09-11,6,6.91,6,0.09
2026-08-26-11-11,1,6.75,1,0.17
2026-08-26-11-11,2,6.74,2,0.18
2026-08-26-11-11,3,6.72,3,0.29
2026-08-26-11-11,4,6.66,4,-0.03
2026-08-26-11-11,5,6.66,5,-0.01
2026-08-26-11-11,6,6.75,6,0.11
2026-08-26-17-10,1,6.76,1,0.15
2026-08-26-17-10,2,6.78,2,0.14
2026-08-26-17-10,3,6.85,3,0.24
2026-08-26-17-10,4,6.78,4,0.28
2026-08-26-17-10,5,6.76,5,0.25
2026-08-26-17-10,6,6.75,6,0.08
2026-08-26-01-04,1,6.98,1,-0.04
2026-08-26-01-04,2,7.0,2,0.08
2026-08-26-01-04,3,6.95,3,0.08
2026-08-26-01-04,4,6.81,4,0.12
2026-08-26-01-04,5,6.96,5,0.08
2026-08-26-01-04,6,6.9,6,0.14
2026-08-26-03-12,1,6.96,1,0.07
2026-08-26-03-12,2,6.96,2,-0.02
2026-08-26-03-12,3,6.98,3,0.05
2026-08-26-03-12,4,7.18,4,0.15
2026-08-26-03-12,5,7.1,5,-0.05
2026-08-26-03-12,6,7.09,6,-0.03
2026-08-26-08-12,1,6.76,1,0.12
2026-08-26-08-12,2,6.82,3,0.2
2026-08-26-08-12,3,6.82,2,0.01
2026-08-26-08-12,4,6.81,4,0.08
2026-08-26-08-12,5,6.78,5,0.08
2026-08-26-08-12,6,6.79,6,0.02
2026-08-26-22-09,1,6.97,1,0.24
2026-08-26-22-09,2,7.06,3,0.09
2026-08-26-22-09,3,6.98,4,0.12
2026-08-26-22-09,4,6.89,5,0.28
2026-08-26-22-09,5,6.92,6,-0.03
2026-08-26-22-09,6,7.08,2,-0.08
2026-08-26-06-12,1,6.75,1,0.26
2026-08-26-06-12,2,6.79,2,0.22
2026-08-26-06-12,3,6.82,3,0.2
2026-08-26-06-12,4,6.7,4,0.25
2026-08-26-06-12,5,6.75,5,0.23
2026-08-26-06-12,6,6.74,6,0.21
2026-08-26-20-05,1,7.17,1,-0.03
2026-08-26-20-05,2,7.13,2,-0.01
2026-08-26-20-05,3,7.26,3,0.08
2026-08-26-20-05,4,7.21,4,-0.02
2026-08-26-20-05,5,7.2,5,-0.06
2026-08-26-20-05,6,7.23,6,0.05
2026-08-26-01-07,1,6.66,1,0.09
2026-08-26-01-07,2,6.74,2,0.11
2026-08-26-01-07,3,6.82,4,0.15
2026-08-26-01-07,4,6.62,3,0.29
2026-08-26-01-07,5,6.78,5,0.25
2026-08-26-01-07,6,6.8,6,0.12
2026-08-26-15-07,1,6.78,1,0.06
2026-08-26-15-07,2,6.84,2,0.12
2026-08-26-15-07,3,6.87,3,0.18
2026-08-26-15-07,4,6.81,4,0.24
2026-08-26-15-07,5,6.75,5,0.1
2026-08-26-15-07,6,6.85,6,0.22
2026-08-26-20-08,1,7.09,1,0.13
2026-08-26-20-08,2,7.15,2,0.17
2026-08-26-20-08,3,7.1,3,0.18
2026-08-26-20-08,4,7.16,4,0.46
2026-08-26-20-08,5,7.04,5,0.21
2026-08-26-20-08,6,7.13,6,0.19
2026-08-26-20-09,1,7.05,1,0.03
2026-08-26-20-09,2,7.07,2,0.15
2026-08-26-20-09,3,6.99,3,0.31
2026-08-26-20-09,4,7.04,4,0.25
2026-08-26-20-09,5,7.05,5,0.01
2026-08-26-20-09,6,6.97,6,-0.02
2026-08-26-15-11,1,6.79,1,-0.08
2026-08-26-15-11,2,6.91,2,0.01
2026-08-26-15-11,3,6.8,3,-0.03
2026-08-26-15-11,4,6.98,4,0.02
2026-08-26-15-11,5,6.81,5,-0.16
2026-08-26-15-11,6,6.89,6,-0.05
2026-08-27-04-04,1,6.76,1,0.11
2026-08-27-04-04,2,6.77,2,0.05
2026-08-27-04-04,3,6.68,3,0.14
2026-08-27-04-04,4,6.79,4,0.18
2026-08-27-04-04,5,6.82,5,0.06
2026-08-27-04-04,6,6.76,6,0.07
2026-08-27-09-07,1,6.92,1,0.09
2026-08-27-09-07,2,6.83,2,0.19
2026-08-27-09-07,3,6.83,3,0.04
2026-08-27-09-07,4,6.92,4,-0.05
2026-08-27-09-07,5,6.95,5,0.17
2026-08-27-09-07,6,6.94,6,0.1
2026-08-27-10-10,1,6.79,1,0.04
2026-08-27-10-10,2,6.79,2,0.09
2026-08-27-10-10,3,6.72,3,0.16
2026-08-27-10-10,4,6.72,4,0.06
2026-08-27-10-10,5,6.83,5,0.12
2026-08-27-10-10,6,6.73,6,0.06
2026-08-27-17-06,1,6.71,1,0.08
2026-08-27-17-06,2,6.7,2,0.2
2026-08-27-17-06,3,6.66,3,0.23
2026-08-27-17-06,4,6.71,4,0.15
2026-08-27-17-06,5,6.64,5,0.17
2026-08-27-17-06,6,6.76,6,0.1
2026-08-27-22-03,1,6.91,2,-0.02
2026-08-27-22-03,2,6.97,3,0.22
2026-08-27-22-03,3,7.02,1,-0.02
2026-08-27-22-03,4,6.95,4,-0.08
2026-08-27-22-03,5,6.94,5,-0.06
2026-08-27-22-03,6,6.92,6,-0.04
2026-08-28-05-10,1,6.82,1,0.04
2026-08-28-05-10,2,6.8,2,0.07
2026-08-28-05-10,3,6.72,3,-0.01
2026-08-28-05-10,4,6.7,4,0.13
2026-08-28-05-10,5,6.72,5,0.02
2026-08-28-05-10,6,6.82,6,0.05
2026-08-28-07-03,1,,,
2026-08-28-07-03,2,,,
2026-08-28-07-03,3,,,
2026-08-28-07-03,4,,,
2026-08-28-07-03,5,,,
2026-08-28-07-03,6,,,
2026-08-28-15-03,1,6.84,1,0.12
2026-08-28-15-03,2,6.76,2,0.15
2026-08-28-15-03,3,6.76,3,0.12
2026-08-28-15-03,4,6.8,4,-0.01
2026-08-28-15-03,5,6.89,5,-0.03
2026-08-28-15-03,6,6.92,6,-0.01
2026-08-28-17-11,1,6.76,1,-0.01
2026-08-28-17-11,2,6.8,2,0.19
2026-08-28-17-11,3,6.83,3,-0.04
2026-08-28-17-11,4,6.77,4,-0.02
2026-08-28-17-11,5,6.81,5,-0.05
2026-08-28-17-11,6,6.75,6,-0.05
2026-08-29-13-07,1,6.84,1,0.05
2026-08-29-13-07,2,6.84,2,0.09
2026-08-29-13-07,3,6.85,3,0.12
2026-08-29-13-07,4,6.86,4,-0.02
2026-08-29-13-07,5,6.74,5,0.01
2026-08-29-13-07,6,6.8,6,0.07
2026-08-29-16-06,1,6.83,1,0.22
2026-08-29-16-06,2,6.85,2,0.22
2026-08-29-16-06,3,6.91,3,0.34
2026-08-29-16-06,4,6.93,4,0.14
2026-08-29-16-06,5,6.92,5,0.12
2026-08-29-16-06,6,6.96,6,0.07
2026-08-29-23-11,1,6.71,1,0.01
2026-08-29-23-11,2,6.76,2,0.05
2026-08-29-23-11,3,6.75,3,0.07
2026-08-29-23-11,4,6.74,4,0.0
2026-08-29-23-11,5,6.81,5,0.02
2026-08-29-23-11,6,6.76,6,0.0
2026-08-29-19-10,1,6.84,1,0.23
2026-08-29-19-10,2,6.79,2,0.13
2026-08-29-19-10,3,6.82,3,0.0
2026-08-29-19-10,4,6.82,4,-0.04
2026-08-29-19-10,5,6.82,5,-0.03
2026-08-29-19-10,6,6.82,6,0.02
2026-08-30-11-01,1,,,
2026-08-30-11-01,2,,,
2026-08-30-11-01,3,,,
2026-08-30-11-01,4,,,
2026-08-30-11-01,5,,,
2026-08-30-11-01,6,,,
2026-08-30-14-05,1,6.73,1,0.18
2026-08-30-14-05,2,6.93,2,0.11
2026-08-30-14-05,3,6.91,3,0.02
2026-08-30-14-05,4,6.9,4,0.01
2026-08-30-14-05,5,6.88,5,0.03
2026-08-30-14-05,6,6.74,6,0.06
2026-08-30-21-05,1,6.78,1,-0.1
2026-08-30-21-05,2,6.83,6,0.13
2026-08-30-21-05,3,6.87,2,0.2
2026-08-30-21-05,4,6.85,3,0.19
2026-08-30-21-05,5,6.85,5,0.29
2026-08-30-21-05,6,6.88,4,0.0
2026-08-30-01-01,1,6.86,1,0.07
2026-08-30-01-01,2,6.77,2,0.06
2026-08-30-01-01,3,6.74,3,0.05
2026-08-30-01-01,4,6.85,4,-0.02
2026-08-30-01-01,5,6.67,5,0.06
2026-08-30-01-01,6,6.89,6,-0.01
2026-08-30-05-08,1,,,
2026-08-30-05-08,2,6.65,1,-0.02
2026-08-30-05-08,3,6.74,2,-0.01
2026-08-30-05-08,4,6.75,3,0.01
2026-08-30-05-08,5,6.73,5,-0.09
2026-08-30-05-08,6,6.67,4,0.07
2026-08-30-06-08,1,6.66,1,0.22
2026-08-30-06-08,2,6.7,2,0.11
2026-08-30-06-08,3,6.69,3,0.85
2026-08-30-06-08,4,6.71,4,0.17
2026-08-30-06-08,5,6.67,5,0.16
2026-08-30-06-08,6,6.81,6,0.16
2026-08-30-09-10,1,6.79,1,0.25
2026-08-30-09-10,2,6.96,2,0.15
2026-08-30-09-10,3,6.92,3,0.17
2026-08-30-09-10,4,6.89,4,0.11
2026-08-30-09-10,5,6.87,5,0.17
2026-08-30-09-10,6,7.02,6,0.19
2026-08-30-01-11,1,6.75,1,-0.03
2026-08-30-01-11,2,6.7,2,0.03
2026-08-30-01-11,3,6.88,3,-0.05
2026-08-30-01-11,4,6.72,4,0.17
2026-08-30-01-11,5,6.88,5,0.05
2026-08-30-01-11,6,6.92,6,0.02
2026-08-30-07-11,1,6.77,1,0.12
2026-08-30-07-11,2,6.72,2,0.06
2026-08-30-07-11,3,6.76,3,0.1
2026-08-30-07-11,4,6.79,4,0.15
2026-08-30-07-11,5,6.8,5,0.12
2026-08-30-07-11,6,6.83,6,0.23
2026-08-31-08-01,1,6.76,1,0.2
2026-08-31-08-01,2,6.88,2,0.24
2026-08-31-08-01,3,6.82,3,0.2
2026-08-31-08-01,4,6.84,4,0.17
2026-08-31-08-01,5,6.84,5,0.11
2026-08-31-08-01,6,6.84,6,0.13
2026-08-31-11-01,1,6.76,1,0.13
2026-08-31-11-01,2,6.87,2,0.07
2026-08-31-11-01,3,6.74,3,0.19
2026-08-31-11-01,4,6.69,4,-0.11
2026-08-31-11-01,5,6.71,5,-0.01
2026-08-31-11-01,6,6.83,6,0.01
2026-08-31-18-05,1,7.02,1,0.07
2026-08-31-18-05,2,7.01,2,0.22
2026-08-31-18-05,3,7.04,3,0.09
2026-08-31-18-05,4,7.05,4,0.03
2026-08-31-18-05,5,6.94,5,0.04
2026-08-31-18-05,6,7.0,6,0.18
2026-08-31-05-09,1,6.69,1,0.01
2026-08-31-05-09,2,6.8,2,-0.03
2026-08-31-05-09,3,6.77,3,-0.09
2026-08-31-05-09,4,6.71,4,-0.12
2026-08-31-05-09,5,6.79,5,-0.02
2026-08-31-05-09,6,6.85,6,-0.06
2026-08-31-06-09,1,6.72,1,0.02
2026-08-31-06-09,2,6.74,2,-0.05
2026-08-31-06-09,3,6.68,3,0.0
2026-08-31-06-09,4,6.7,4,0.14
2026-08-31-06-09,5,6.69,5,0.14
2026-08-31-06-09,6,6.64,6,-0.1
2026-08-31-07-02,1,,,
2026-08-31-07-02,2,,,
2026-08-31-07-02,3,,,
2026-08-31-07-02,4,,,
2026-08-31-07-02,5,,,
2026-08-31-07-02,6,,,
2026-08-31-08-11,1,6.82,1,-0.07
2026-08-31-08-11,2,6.79,2,-0.03
2026-08-31-08-11,3,6.83,3,0.0
2026-08-31-08-11,4,6.79,4,0.16
2026-08-31-08-11,5,6.79,5,0.02
2026-08-31-08-11,6,6.76,6,0.1
2026-09-01-13-02,1,6.97,1,0.19
2026-09-01-13-02,2,6.93,2,0.18
2026-09-01-13-02,3,6.99,3,-0.04
2026-09-01-13-02,4,6.94,4,0.04
2026-09-01-13-02,5,6.97,5,0.18
2026-09-01-13-02,6,6.96,6,0.15
2026-09-01-16-01,1,6.8,1,0.06
2026-09-01-16-01,2,6.8,2,0.26
2026-09-01-16-01,3,6.8,3,0.17
2026-09-01-16-01,4,6.88,4,0.18
2026-09-01-16-01,5,6.91,5,0.15
2026-09-01-16-01,6,6.85,6,0.11
2026-09-01-21-07,1,6.74,1,0.05
2026-09-01-21-07,2,6.79,2,0.08
2026-09-01-21-07,3,6.74,3,0.07
2026-09-01-21-07,4,6.76,4,0.04
2026-09-01-21-07,5,6.78,5,0.14
2026-09-01-21-07,6,6.8,6,0.21
2026-09-01-05-09,1,6.74,1,0.14
2026-09-01-05-09,2,6.72,2,0.07
2026-09-01-05-09,3,6.76,3,0.07
2026-09-01-05-09,4,6.78,4,0.07
2026-09-01-05-09,5,6.75,5,0.12
2026-09-01-05-09,6,6.77,6,0.08
2026-09-01-08-11,1,6.75,1,0.22
2026-09-01-08-11,2,6.73,2,0.02
2026-09-01-08-11,3,6.8,3,0.09
2026-09-01-08-11,4,6.74,4,0.14
2026-09-01-08-11,5,6.7,5,0.15
2026-09-01-08-11,6,6.74,6,0.19
2026-09-01-12-02,1,,,
2026-09-01-12-02,2,,,
2026-09-01-12-02,3,,,
2026-09-01-12-02,4,,,
2026-09-01-12-02,5,,,
2026-09-01-12-02,6,,,
2026-09-01-16-09,1,6.79,1,-0.05
2026-09-01-16-09,2,6.83,2,0.15
2026-09-01-16-09,3,6.84,3,0.02
2026-09-01-16-09,4,6.85,4,0.15
2026-09-01-16-09,5,6.93,5,-0.01
2026-09-01-16-09,6,6.92,6,0.16
2026-09-01-24-08,1,6.96,1,0.11
2026-09-01-24-08,2,6.89,2,0.06
2026-09-01-24-08,3,6.93,3,0.25
2026-09-01-24-08,4,6.92,4,0.16
2026-09-01-24-08,5,7.03,5,0.22
2026-09-01-24-08,6,6.95,6,0.02
2026-09-02-21-05,1,6.81,1,0.12
2026-09-02-21-05,2,6.77,2,-0.01
2026-09-02-21-05,3,6.83,3,-0.04
2026-09-02-21-05,4,6.83,4,0.05
2026-09-02-21-05,5,6.77,5,0.03
2026-09-02-21-05,6,6.84,6,0.12
2026-09-02-06-07,1,6.63,1,0.21
2026-09-02-06-07,2,6.62,3,0.09
2026-09-02-06-07,3,6.66,2,0.06
2026-09-02-06-07,4,6.74,6,0.08
2026-09-02-06-07,5,6.68,4,-0.02
2026-09-02-06-07,6,6.69,5,0.11
2026-09-02-13-08,1,6.82,1,0.23
2026-09-02-13-08,2,6.81,2,0.03
2026-09-02-13-08,3,6.85,3,0.12
2026-09-02-13-08,4,6.81,4,0.04
2026-09-02-13-08,5,6.85,5,0.04
2026-09-02-13-08,6,6.82,6,0.03
2026-09-02-17-07,1,6.75,1,0.23
2026-09-02-17-07,2,6.78,3,0.05
2026-09-02-17-07,3,6.75,4,0.24
2026-09-02-17-07,4,6.69,5,0.06
2026-09-02-17-07,5,6.75,2,0.18
2026-09-02-17-07,6,6.69,6,0.07
2026-09-02-21-12,1,6.74,1,0.01
2026-09-02-21-12,2,6.72,2,0.01
2026-09-02-21-12,3,6.73,3,0.1
2026-09-02-21-12,4,6.68,4,-0.01
2026-09-02-21-12,5,6.72,5,0.04
2026-09-02-21-12,6,6.78,6,0.07
2026-09-02-22-06,1,6.96,1,0.09
2026-09-02-22-06,2,6.93,2,0.12
2026-09-02-22-06,3,6.93,3,0.02
2026-09-02-22-06,4,6.95,4,0.15
2026-09-02-22-06,5,7.02,6,0.21
2026-09-02-22-06,6,6.98,5,0.12
2026-09-02-12-08,1,6.91,1,0.14
2026-09-02-12-08,2,6.96,2,0.0
2026-09-02-12-08,3,6.95,3,0.0
2026-09-02-12-08,4,6.99,4,0.22
2026-09-02-12-08,5,6.91,5,-0.08
2026-09-02-12-08,6,6.96,6,-0.01
2026-09-03-10-05,1,6.7,1,0.09
2026-09-03-10-05,2,6.81,2,0.37
2026-09-03-10-05,3,6.71,3,0.24
2026-09-03-10-05,4,6.83,4,0.08
2026-09-03-10-05,5,6.86,5,0.16
2026-09-03-10-05,6,6.86,6,0.16
2026-09-03-02-08,1,6.93,1,-0.15
2026-09-03-02-08,2,6.84,2,0.01
2026-09-03-02-08,3,6.91,3,0.01
2026-09-03-02-08,4,7.01,4,0.08
2026-09-03-02-08,5,6.87,5,0.04
2026-09-03-02-08,6,7.02,6,0.11
2026-09-03-09-08,1,6.73,1,0.11
2026-09-03-09-08,2,6.78,2,0.05
2026-09-03-09-08,3,6.77,3,0.07
2026-09-03-09-08,4,6.75,4,0.08
2026-09-03-09-08,5,6.82,5,-0.01
2026-09-03-09-08,6,6.85,6,-0.03
2026-09-03-10-12,1,6.79,1,0.13
2026-09-03-10-12,2,6.75,2,0.14
2026-09-03-10-12,3,6.73,3,0.08
2026-09-03-10-12,4,6.69,4,-0.02
2026-09-03-10-12,5,6.79,5,0.26
2026-09-03-10-12,6,6.77,6,0.06
2026-09-03-12-09,1,6.85,1,-0.01
2026-09-03-12-09,2,6.86,2,0.03
2026-09-03-12-09,3,6.92,3,0.08
2026-09-03-12-09,4,6.89,4,0.24
2026-09-03-12-09,5,6.88,5,0.23
2026-09-03-12-09,6,6.88,6,0.04
2026-09-03-19-08,1,6.84,1,0.15
2026-09-03-19-08,2,6.84,2,0.1
2026-09-03-19-08,3,6.91,3,0.25
2026-09-03-19-08,4,6.88,4,0.06
2026-09-03-19-08,5,6.89,5,0.07
2026-09-03-19-08,6,6.87,6,0.12
2026-09-04-18-04,1,6.88,1,0.13
2026-09-04-18-04,2,6.9,2,0.16
2026-09-04-18-04,3,6.86,3,-0.01
2026-09-04-18-04,4,6.88,4,0.14
2026-09-04-18-04,5,6.88,5,0.17
2026-09-04-18-04,6,6.97,6,0.08
2026-09-04-11-08,1,6.71,1,0.13
2026-09-04-11-08,2,6.63,2,0.11
2026-09-04-11-08,3,6.73,3,0.27
2026-09-04-11-08,4,6.8,4,0.09
2026-09-04-11-08,5,6.71,5,-0.03
2026-09-04-11-08,6,6.81,6,0.07
2026-09-04-13-08,1,6.92,1,0.01
2026-09-04-13-08,2,6.83,2,0.16
2026-09-04-13-08,3,6.88,3,0.13
2026-09-04-13-08,4,6.93,4,0.05
2026-09-04-13-08,5,7.01,5,0.09
2026-09-04-13-08,6,6.9,6,0.16
2026-09-04-22-05,1,6.81,1,0.05
2026-09-04-22-05,2,6.81,2,0.02
2026-09-04-22-05,3,6.82,3,0.22
2026-09-04-22-05,4,6.89,4,0.04
2026-09-04-22-05,5,6.83,5,-0.03
2026-09-04-22-05,6,6.8,6,0.04
2026-09-04-20-07,1,7.0,1,0.05
2026-09-04-20-07,2,7.01,2,0.21
2026-09-04-20-07,3,7.06,3,0.08
2026-09-04-20-07,4,7.01,4,0.02
2026-09-04-20-07,5,7.02,5,0.1
2026-09-04-20-07,6,7.13,6,0.11
2026-09-05-18-04,1,6.89,1,-0.02
2026-09-05-18-04,2,6.99,2,-0.01
2026-09-05-18-04,3,6.95,3,0.07
2026-09-05-18-04,4,7.01,4,0.18
2026-09-05-18-04,5,6.95,5,-0.01
2026-09-05-18-04,6,7.06,6,0.11
2026-09-05-03-07,1,6.5,1,0.08
2026-09-05-03-07,2,6.63,2,0.01
2026-09-05-03-07,3,6.62,3,0.06
2026-09-05-03-07,4,6.53,4,0.17
2026-09-05-03-07,5,6.6,5,0.07
2026-09-05-03-07,6,6.48,6,-0.07
2026-09-05-04-07,1,6.79,1,-0.05
2026-09-05-04-07,2,6.76,2,0.46
2026-09-05-04-07,3,6.84,3,0.01
2026-09-05-04-07,4,6.87,4,0.28
2026-09-05-04-07,5,6.77,5,0.09
2026-09-05-04-07,6,6.72,6,0.03
2026-09-05-09-07,1,6.71,1,0.03
2026-09-05-09-07,2,6.78,2,0.19
2026-09-05-09-07,3,6.78,3,0.12
2026-09-05-09-07,4,6.82,4,0.19
2026-09-05-09-07,5,6.84,5,0.13
2026-09-05-09-07,6,6.88,6,0.12
2026-09-05-18-11,1,6.92,1,-0.04
2026-09-05-18-11,2,6.95,2,0.02
2026-09-05-18-11,3,7.05,3,0.06
2026-09-05-18-11,4,7.02,4,0.11
2026-09-05-18-11,5,6.95,5,0.16
2026-09-05-18-11,6,7.03,6,0.14
2026-09-05-22-05,1,6.83,1,0.09
2026-09-05-22-05,2,6.82,2,0.0
2026-09-05-22-05,3,6.85,3,-0.03
2026-09-05-22-05,4,6.89,4,0.03
2026-09-05-22-05,5,6.9,6,0.38
2026-09-05-22-05,6,6.9,5,0.13
