phase,race_id,fetched_at,t1,t2,t3,t4,t5,t6,s123,s124,s125,s126,s132,s134,s135,s136,s142,s143,s145,s146,s152,s153,s154,s156,s162,s163,s164,s165,s213,s214,s215,s216,s231,s234,s235,s236,s241,s243,s245,s246,s251,s253,s254,s256,s261,s263,s264,s265,s312,s314,s315,s316,s321,s324,s325,s326,s341,s342,s345,s346,s351,s352,s354,s356,s361,s362,s364,s365,s412,s413,s415,s416,s421,s423,s425,s426,s431,s432,s435,s436,s451,s452,s453,s456,s461,s462,s463,s465,s512,s513,s514,s516,s521,s523,s524,s526,s531,s532,s534,s536,s541,s542,s543,s546,s561,s562,s563,s564,s612,s613,s614,s615,s621,s623,s624,s625,s631,s632,s634,s635,s641,s642,s643,s645,s651,s652,s653,s654
live,2026-09-01-13-02,2026-09-01T11:06:17+09:00,1.5,6.0,12.0,4.0,12.0,12.0,17.1,8.8,34.7,59.6,39.9,38.2,83.2,128.0,11.6,35.1,35.1,52.4,85.6,172.6,85.8,201.7,137.1,211.5,130.9,264.8,36.1,16.8,50.3,77.8,77.1,55.3,174.3,193.8,25.0,45.8,64.9,75.7,139.3,228.2,141.0,273.2,273.2,433.7,247.8,608.7,91.3,79.2,148.9,199.4,133.9,69.6,148.2,183.5,93.0,82.2,147.6,155.6,333.6,244.3,282.1,357.7,444.8,444.8,394.3,517.9,20.8,55.3,35.8,57.2,27.4,54.9,44.4,60.6,89.6,91.0,158.4,176.1,62.2,57.6,139.9,80.1,108.4,93.0,196.0,111.9,216.8,439.2,174.3,428.3,268.9,439.2,225.3,423.1,619.6,588.1,533.8,788.6,181.6,200.5,502.9,268.9,525.7,542.1,680.3,475.3,361.4,771.1,588.1,1084.0,468.9,654.7,462.6,963.8,937.8,788.6,559.6,1084.0,588.1,456.5,630.9,826.1,1051.0,1196.0,1084.0,1051.0
live,2026-09-01-16-01,2026-09-01T11:06:36+09:00,1.0,32.6,32.6,0.0,0.0,0.0,22.3,25.8,41.1,41.0,22.3,8.0,17.0,16.8,14.4,7.9,11.0,10.0,65.6,38.2,21.9,30.6,57.4,36.4,26.5,41.0,295.2,254.3,375.7,446.8,403.2,367.4,590.5,501.0,486.3,446.8,516.7,472.4,459.2,918.5,826.7,826.7,551.1,826.7,751.5,972.6,201.6,114.0,99.6,142.5,367.4,344.4,359.4,317.9,172.2,367.4,501.0,300.6,250.5,393.6,472.4,635.9,236.2,551.1,413.3,661.3,128.1,111.7,76.5,77.6,300.6,472.4,446.8,384.5,172.2,516.7,330.6,271.0,141.3,472.4,459.2,196.8,168.7,570.1,486.3,250.5,214.7,254.3,170.4,214.7,501.0,787.3,787.3,718.8,330.6,972.6,533.3,718.8,232.8,870.2,870.2,351.7,359.4,1102.0,870.2,570.1,306.1,266.6,206.6,403.2,516.7,570.1,972.6,1181.0,472.4,661.3,635.9,972.6,254.3,1102.0,718.8,570.1,570.1,1033.0,918.5,590.5
live,2026-09-01-21-07,2026-09-01T11:06:57+09:00,1.0,0.0,0.0,0.0,0.0,0.0,6.4,9.7,16.2,12.2,14.9,24.3,28.8,42.0,21.8,38.4,52.7,41.2,35.0,42.3,69.2,59.1,33.5,73.9,78.9,79.1,30.2,52.0,44.1,39.2,84.1,152.1,192.9,209.5,97.3,213.8,298.5,236.1,195.3,316.4,336.6,261.5,152.1,367.9,227.6,268.1,68.6,81.9,104.4,165.6,109.1,136.3,181.8,270.4,221.2,162.2,381.2,433.4,298.5,292.9,472.2,518.7,405.6,333.0,555.1,597.0,90.1,155.1,112.6,140.6,116.3,222.8,221.2,261.5,247.2,301.3,333.0,458.5,232.6,395.5,479.4,237.9,255.1,347.7,673.2,322.8,116.7,143.8,224.4,215.2,257.2,410.9,427.6,322.8,372.2,527.3,703.1,575.3,292.9,597.0,988.8,458.5,333.0,359.5,855.2,585.9,126.0,282.5,185.0,243.4,215.2,333.0,290.2,322.8,465.3,433.4,486.8,632.8,372.2,486.8,753.3,445.6,416.3,445.6,597.0,527.3
live,2026-09-01-05-09,2026-09-01T15:28:24+09:00,1.0,0.0,25.8,51.7,8.6,17.2,5.8,29.3,7.1,14.4,13.3,37.4,16.0,26.4,71.2,92.3,117.4,123.1,17.4,29.4,82.9,51.4,54.4,90.4,163.6,122.3,20.2,80.3,27.6,56.2,59.9,193.2,118.6,137.5,181.3,346.6,431.1,330.4,93.0,183.1,380.1,192.1,155.7,343.2,579.6,431.1,48.0,131.9,52.6,85.4,77.1,209.2,138.1,128.1,205.5,299.6,512.4,339.9,146.7,189.0,397.2,198.6,285.1,471.4,415.9,441.9,250.7,327.3,292.1,415.9,318.5,527.6,436.4,282.8,441.9,599.2,471.4,459.1,447.5,561.2,693.2,579.6,631.3,768.6,785.6,862.3,68.5,89.9,231.0,147.9,102.4,149.1,415.9,182.2,198.6,258.0,654.7,411.1,431.1,527.6,883.8,631.3,333.5,388.5,620.2,955.5,146.0,411.1,620.2,447.5,256.2,465.2,447.5,599.2,768.6,654.7,752.2,736.5,693.2,1039.0,982.1,1767.0,642.8,785.6,599.2,1219.0
live,2026-09-01-08-11,2026-09-01T15:28:45+09:00,1.0,0.0,17.2,0.0,17.2,0.0,7.3,49.7,26.1,109.0,7.2,25.2,13.9,65.1,94.2,85.2,117.8,200.3,53.7,38.8,113.6,232.2,180.0,184.2,262.7,267.1,24.8,115.2,52.8,232.2,25.5,82.6,35.6,176.1,186.3,235.6,348.3,471.3,123.2,81.7,320.5,421.7,445.1,433.1,696.7,1232.0,15.1,36.1,14.4,84.7,30.2,92.1,36.5,151.1,109.7,128.2,128.2,271.6,38.3,48.4,133.5,178.0,205.4,348.3,364.2,356.1,149.7,166.9,160.2,327.0,225.7,296.7,327.0,364.2,225.7,327.0,281.1,445.1,246.5,457.8,327.0,400.6,356.1,485.6,593.5,667.7,100.7,68.1,216.5,225.7,152.6,139.3,364.2,400.6,78.1,116.1,286.1,410.9,314.2,534.2,485.6,457.8,471.3,641.0,843.4,593.5,314.2,516.9,801.3,500.8,433.1,572.3,641.0,1232.0,552.6,516.9,616.3,1456.0,728.4,801.3,1335.0,728.4,552.6,1001.0,1456.0,641.0
live,2026-09-01-12-02,2026-09-01T15:29:05+09:00,2.0,0.0,3.0,3.0,6.0,0.0,19.6,67.9,32.4,32.8,26.1,87.2,25.9,45.6,77.9,119.3,112.4,124.4,20.4,22.3,61.5,18.8,83.5,119.3,106.3,50.8,59.0,116.9,79.0,80.0,112.4,182.7,104.4,153.8,81.2,233.8,307.7,343.9,124.4,182.7,233.8,114.6,146.1,307.7,194.9,153.8,81.2,72.1,40.0,102.5,83.5,104.4,88.5,129.9,167.0,110.3,162.4,278.4,69.6,95.8,135.9,99.1,182.7,324.8,233.8,188.6,89.9,216.5,47.9,153.8,224.8,307.7,182.7,127.1,243.6,182.7,243.6,233.8,91.3,142.6,162.4,167.0,254.2,243.6,292.3,243.6,31.9,33.0,53.6,24.1,84.7,121.8,194.9,73.0,60.9,153.8,153.8,79.0,112.4,224.8,224.8,243.6,34.8,72.1,91.3,216.5,108.2,265.7,254.2,99.1,177.1,201.6,224.8,158.0,254.2,278.4,343.9,487.2,389.8,324.8,449.7,417.6,79.0,162.4,265.7,307.7
live,2026-09-01-16-09,2026-09-01T15:29:24+09:00,1.0,26.2,39.3,78.7,39.3,78.7,10.8,13.1,15.5,76.4,16.6,16.9,11.3,66.3,19.4,24.3,18.9,58.3,23.3,18.6,25.2,53.2,198.2,178.7,179.4,171.6,56.4,69.6,82.9,238.0,125.6,152.8,169.2,338.4,107.1,205.9,174.1,297.9,172.9,245.4,235.7,498.7,599.7,667.2,676.8,861.4,94.0,95.5,49.7,217.3,142.2,185.0,181.5,361.6,136.1,215.3,209.6,315.8,64.6,164.5,229.9,257.4,301.7,717.8,538.3,607.4,64.7,104.1,48.3,139.3,118.4,219.3,161.7,256.0,206.8,264.6,280.3,391.5,65.0,121.1,215.3,181.5,430.7,538.3,544.5,459.9,88.8,51.7,71.3,114.7,169.8,232.2,252.0,509.4,64.1,213.4,245.4,277.0,103.8,252.0,296.1,253.3,329.0,846.0,498.7,564.0,717.8,686.6,658.0,469.0,1214.0,740.2,631.7,1353.0,803.0,831.1,803.0,707.1,776.6,803.0,752.0,831.1,493.5,1280.0,928.9,816.8
live,2026-09-01-24-08,2026-09-01T20:52:02+09:00,1.0,5.9,32.8,38.7,85.3,23.7,5.6,6.3,36.1,8.6,18.8,36.3,75.4,53.9,21.4,53.0,111.4,51.3,115.6,171.3,232.7,196.3,35.4,106.7,101.5,188.8,12.7,15.6,52.8,13.5,52.0,94.0,202.9,85.5,52.7,114.1,242.3,72.7,257.0,580.2,541.3,403.3,48.1,153.3,110.8,300.9,96.6,156.8,216.1,191.2,152.9,230.5,436.6,233.6,275.0,379.8,788.0,580.2,426.7,855.6,1014.0,1052.0,394.9,474.5,851.3,1313.0,120.5,265.9,334.1,190.3,164.1,424.6,531.1,221.4,405.3,605.0,868.8,814.5,508.7,777.1,1100.0,661.8,316.0,264.3,806.7,784.3,450.6,508.7,720.9,925.8,618.3,1388.0,1366.0,1122.0,688.7,1677.0,1303.0,2041.0,1039.0,1512.0,1783.0,985.0,1554.0,1568.0,2200.0,1694.0,80.7,310.3,284.7,548.3,92.7,352.2,239.3,644.2,651.6,672.3,962.6,1334.0,498.3,358.9,996.6,1227.0,1122.0,1377.0,1746.0,1486.0
live,2026-09-02-21-05,2026-09-02T10:07:22+09:00,1.0,56.2,56.2,14.0,56.2,56.2,14.6,8.8,18.4,26.5,24.5,14.4,21.6,40.4,12.1,16.4,11.0,22.4,29.3,32.8,19.4,34.3,62.6,79.9,64.2,93.7,102.1,67.9,101.2,133.3,233.5,336.9,370.9,544.9,140.5,370.9,275.8,246.5,270.7,531.7,428.5,604.6,412.5,882.7,485.0,959.5,150.1,98.5,124.6,245.2,267.5,361.7,302.3,380.4,161.6,374.0,408.6,700.5,222.9,437.0,490.4,630.5,525.4,882.7,832.7,1103.0,62.9,107.1,46.9,69.7,130.5,313.0,193.5,170.4,237.2,531.7,383.8,525.4,79.8,142.8,326.9,107.6,141.0,206.2,450.3,187.8,160.5,177.2,115.2,163.4,324.5,513.2,507.3,374.0,355.9,788.1,848.7,711.8,139.6,387.1,679.0,233.5,404.9,700.5,1103.0,558.7,239.8,401.2,331.8,558.7,441.3,441.3,469.5,538.2,788.1,1423.0,1003.0,1379.0,394.0,469.5,802.5,588.5,848.7,1298.0,1576.0,760.9
live,2026-09-02-06-07,2026-09-02T14:01:00+09:00,5.1,36.0,1.3,12.0,4.0,18.0,63.4,218.1,126.4,163.8,49.0,111.2,14.2,34.6,426.2,211.1,295.1,505.9,97.9,23.4,241.0,54.6,250.2,102.0,474.6,155.5,192.6,201.0,251.5,365.3,213.1,362.5,155.0,267.6,158.2,517.2,767.3,251.5,341.0,208.3,730.7,434.3,529.1,455.8,902.7,489.7,48.1,108.8,11.4,24.3,112.8,169.2,61.3,98.5,282.4,368.3,194.2,220.2,9.5,26.2,70.8,7.1,52.7,107.5,200.1,20.6,479.5,465.0,297.0,479.5,597.9,523.1,630.6,390.1,465.0,639.4,511.5,590.2,561.4,687.1,541.6,590.2,1070.0,597.9,807.6,979.5,94.9,28.4,180.5,54.3,261.5,143.4,434.3,198.4,20.4,49.3,118.0,14.5,529.1,667.2,451.3,511.5,66.2,124.7,29.2,269.2,426.2,277.3,959.1,319.7,793.7,667.2,754.7,754.7,254.3,484.6,719.3,74.2,1438.0,868.6,1315.0,1150.0,215.1,479.5,70.5,719.3
live,2026-09-02-13-08,2026-09-02T14:01:19+09:00,1.6,3.3,2.2,0.0,0.0,0.0,85.6,111.1,217.6,154.5,94.8,49.6,88.8,110.5,89.2,67.5,130.0,166.6,215.5,179.2,203.1,355.5,237.0,242.4,304.7,395.0,161.6,166.6,173.4,203.1,172.0,70.4,124.7,162.8,187.1,80.2,145.1,139.4,284.4,231.8,270.0,292.2,313.7,288.3,207.1,242.4,107.2,36.2,77.8,113.4,152.3,42.5,90.7,92.7,29.1,21.6,11.4,16.5,97.8,82.3,25.9,70.1,143.1,128.5,46.1,91.5,130.0,45.5,108.2,137.6,152.3,73.3,90.7,79.6,35.4,27.5,15.5,20.8,98.3,37.3,25.0,28.4,135.0,82.0,51.0,62.7,338.6,201.2,263.3,323.2,435.3,231.8,318.4,266.6,193.9,201.2,85.3,152.3,195.7,245.2,78.1,130.8,410.2,426.6,248.0,207.1,280.7,292.2,355.5,507.9,484.8,453.9,367.8,666.7,280.7,474.1,151.3,260.1,496.1,387.9,145.1,248.0,520.3,547.0,257.0,213.3
live,2026-09-02-17-07,2026-09-02T14:01:39+09:00,1.5,4.1,12.3,24.7,24.7,3.5,24.0,40.4,43.9,25.5,44.6,112.4,132.8,77.7,43.5,236.0,227.8,95.4,72.4,203.3,105.3,172.7,61.7,130.8,132.8,181.0,21.5,28.0,51.3,19.3,36.1,30.4,92.7,21.4,31.0,32.0,74.8,18.2,100.5,153.6,108.7,95.0,30.1,32.4,29.9,72.2,71.6,102.0,177.4,91.1,69.2,67.9,154.5,59.5,105.3,84.9,400.5,80.5,231.8,290.4,463.7,372.3,177.4,115.4,156.4,322.3,93.4,168.3,182.3,93.0,76.8,123.5,134.8,45.3,244.7,184.8,440.5,170.5,284.2,303.8,472.0,307.3,99.0,56.3,179.8,197.2,183.5,362.1,242.5,269.7,197.2,343.3,206.5,140.6,413.0,489.5,433.3,400.5,326.3,394.5,734.2,455.7,480.6,322.3,881.1,714.4,67.6,117.4,134.8,222.1,84.1,121.2,93.7,214.9,269.7,240.3,318.4,734.2,170.5,111.5,314.6,347.8,498.7,472.0,826.0,562.4
live,2026-09-02-21-12,2026-09-02T14:02:01+09:00,1.4,4.8,8.7,5.4,13.0,26.1,8.2,6.8,15.1,26.8,19.9,17.8,30.3,39.9,11.6,20.2,20.5,23.9,37.4,56.4,47.3,60.8,83.9,118.6,78.0,115.9,48.6,33.9,64.5,72.0,142.0,242.5,346.1,384.6,89.4,238.1,209.2,187.9,234.1,435.7,347.3,363.7,409.6,835.2,417.0,617.8,91.1,82.0,122.7,141.4,179.0,275.6,387.0,411.9,179.3,273.6,313.1,298.8,324.9,439.5,491.0,428.3,540.3,804.0,751.9,662.7,45.0,95.8,58.5,76.0,94.2,277.9,193.9,198.6,237.9,421.7,480.1,421.1,105.2,172.9,338.4,136.6,208.6,297.6,528.0,226.8,139.1,227.9,165.2,164.5,298.5,558.3,442.1,429.5,474.8,690.0,785.2,586.6,216.3,374.5,633.4,277.1,319.4,475.6,563.6,401.5,420.5,769.2,465.3,644.2,716.2,1191.0,693.1,1142.0,1146.0,1554.0,1225.0,1177.0,586.6,697.9,1150.0,702.8,728.3,1025.0,1251.0,730.0
live,2026-09-02-22-06,2026-09-02T14:02:22+09:00,0.0,10.5,1.0,10.5,0.0,10.5,37.2,58.8,226.6,61.0,28.1,18.0,153.2,29.6,54.6,30.5,254.5,28.7,183.8,112.5,220.6,337.6,78.7,42.8,38.4,359.7,72.5,106.0,295.4,31.5,73.2,80.7,472.7,94.0,167.1,133.4,551.5,118.1,459.6,1034.0,636.4,1034.0,35.9,33.9,33.4,636.4,39.3,29.7,149.0,32.9,63.1,54.9,134.5,21.3,44.8,56.4,447.2,19.3,367.7,403.5,424.2,403.5,48.2,20.8,27.2,312.1,84.4,82.7,254.5,49.8,168.8,156.0,551.5,109.5,75.9,103.4,447.2,37.0,590.9,612.8,636.4,367.7,46.2,79.5,44.0,280.4,590.9,359.7,689.4,827.3,435.4,661.8,435.4,435.4,413.6,719.4,787.9,1103.0,787.9,870.8,636.4,1838.0,973.3,973.3,1504.0,1378.0,124.4,110.3,85.2,517.0,204.2,174.1,147.7,636.4,108.1,145.1,62.4,533.7,83.1,131.3,62.6,447.2,517.0,533.7,752.1,612.8
live,2026-09-02-12-08,2026-09-02T18:17:59+09:00,1.0,8.3,27.1,27.1,5.4,21.7,27.6,70.2,10.2,23.9,51.3,122.5,67.9,120.3,111.8,217.7,178.1,172.8,18.1,62.3,136.9,31.6,57.4,129.5,322.3,61.9,30.4,62.6,12.0,22.9,58.8,157.4,47.4,92.5,180.1,332.9,151.2,223.1,14.7,37.3,70.1,15.5,70.6,129.9,205.1,43.3,140.5,319.7,151.5,436.7,185.8,230.1,133.3,251.4,731.7,489.3,665.8,990.5,219.5,163.4,510.8,313.6,990.5,541.5,1194.0,501.4,365.8,464.1,339.8,501.4,386.8,552.5,328.8,337.0,820.4,828.8,828.8,1041.0,305.3,259.5,738.4,288.0,718.8,432.0,1144.0,446.3,28.6,104.9,128.5,41.8,25.3,81.3,149.8,24.2,267.1,192.0,520.6,226.2,265.4,318.5,639.5,285.0,53.0,36.8,146.3,244.6,155.6,524.0,855.0,211.5,182.5,301.9,410.2,74.4,1269.0,700.2,1376.0,660.3,1532.0,766.3,1846.0,1028.0,176.9,89.5,347.1,520.6
live,2026-09-03-10-05,2026-09-03T10:08:57+09:00,1.5,13.1,26.2,26.2,13.1,2.1,18.1,19.1,57.8,28.0,21.7,11.4,35.9,16.1,27.1,18.9,54.4,14.3,83.2,94.2,81.4,79.9,32.5,24.8,22.3,64.4,74.8,86.5,133.1,103.8,138.0,169.7,281.4,224.5,154.3,271.1,741.0,317.5,326.9,411.6,926.3,600.8,222.3,313.1,336.8,570.0,89.2,40.8,70.5,65.3,135.5,77.4,180.7,104.3,80.5,200.2,217.9,158.7,158.7,322.1,241.6,352.8,145.3,285.0,244.3,390.0,112.8,56.2,73.3,42.9,193.3,220.1,376.8,217.9,90.7,347.3,267.8,188.4,183.7,529.3,244.3,185.2,62.4,167.1,163.4,164.6,264.6,163.4,183.7,190.0,358.5,347.3,404.2,352.8,220.1,483.2,376.8,529.3,277.8,673.6,396.9,296.4,255.5,370.5,673.6,444.6,89.2,86.8,67.7,167.1,169.7,261.5,195.0,570.0,133.1,288.7,226.8,358.5,79.1,209.7,202.1,317.5,267.8,390.0,411.6,483.2
live,2026-09-03-02-08,2026-09-03T14:08:41+09:00,4.5,1.0,33.2,19.9,33.2,0.0,54.3,44.4,33.6,84.9,93.1,126.2,104.3,272.3,83.5,172.1,113.9,280.0,56.3,123.4,94.0,174.4,298.9,414.2,503.3,484.9,32.8,23.7,19.6,98.4,52.1,26.6,24.0,82.8,23.5,25.0,13.2,67.1,24.5,26.5,16.5,56.7,245.4,231.1,217.2,162.9,123.4,135.7,117.2,382.3,88.5,44.7,41.5,128.6,162.9,75.3,107.4,199.8,143.5,79.5,114.9,240.9,473.3,308.2,467.8,611.7,109.2,232.5,132.1,216.1,86.2,83.7,30.4,137.1,248.5,123.4,144.5,184.9,123.1,48.0,131.6,120.1,256.5,184.9,222.1,222.1,63.9,168.4,168.4,282.0,47.0,67.6,38.0,88.7,245.4,122.7,209.2,389.8,165.6,67.7,190.2,228.5,251.6,242.4,479.0,348.8,503.3,1282.0,903.7,903.7,568.0,584.7,414.2,371.6,1204.0,530.1,473.3,441.8,946.7,473.3,846.0,602.4,750.2,473.3,1046.0,602.4
live,2026-09-03-09-08,2026-09-03T14:09:00+09:00,1.1,0.0,13.2,4.4,9.9,13.2,9.7,8.7,33.6,28.0,14.7,14.4,37.2,37.5,11.1,15.9,29.7,26.5,71.0,75.0,67.0,100.3,104.0,115.1,93.9,193.7,41.3,32.0,101.9,106.0,103.4,135.6,296.2,396.3,65.0,132.8,225.6,222.4,294.9,421.7,393.0,581.2,433.6,634.5,555.5,786.0,78.4,55.4,112.2,156.3,156.1,168.9,310.8,375.9,97.9,156.3,278.3,318.7,236.0,386.4,382.1,560.0,596.2,790.4,668.2,1162.0,27.4,42.0,44.3,54.0,56.6,112.5,133.7,132.1,86.1,164.4,253.3,225.6,76.4,109.3,190.8,97.0,122.2,172.9,285.2,164.1,267.5,249.7,192.6,342.4,482.0,586.1,420.4,447.6,465.7,786.0,799.6,1040.0,237.2,367.9,501.2,308.0,637.4,728.0,947.5,702.2,437.7,808.9,591.1,1317.0,934.7,1024.0,620.3,1224.0,1064.0,1246.0,988.1,1456.0,564.6,705.7,1009.0,747.7,1064.0,1056.0,1627.0,1089.0
live,2026-09-03-10-12,2026-09-03T14:09:22+09:00,1.2,12.9,9.6,3.1,0.0,29.0,10.0,12.8,32.1,65.2,11.8,10.3,22.4,57.7,15.5,14.4,28.1,49.1,62.2,53.7,72.3,130.8,160.6,213.1,221.7,241.0,49.7,55.2,105.4,195.9,89.7,138.9,341.6,569.4,104.5,176.8,452.0,523.2,326.3,553.2,572.2,914.7,663.8,1235.0,1117.0,1210.0,41.4,29.5,58.7,149.5,91.9,99.1,208.1,290.4,48.9,71.7,94.9,135.2,202.7,297.8,230.9,411.9,496.4,683.3,457.3,592.7,38.1,34.8,45.1,77.1,77.9,93.6,128.6,165.4,49.7,69.0,77.6,110.5,79.6,116.6,118.5,114.6,151.2,192.3,196.5,193.2,227.7,218.7,222.5,344.7,417.8,423.9,448.5,627.9,403.3,566.6,425.5,829.8,268.2,441.7,371.1,411.9,860.5,1173.0,1569.0,984.5,621.2,860.5,739.9,1235.0,1028.0,1106.0,1528.0,1548.0,1185.0,1335.0,1117.0,1591.0,818.1,1138.0,1117.0,1383.0,1262.0,1528.0,1969.0,1508.0
live,2026-09-03-12-09,2026-09-03T18:41:01+09:00,1.0,2.7,0.0,0.0,0.0,0.0,12.9,16.1,28.5,12.8,38.5,71.7,78.5,72.5,53.0,98.5,120.4,91.4,63.5,88.1,149.5,156.5,39.2,128.5,121.5,166.3,13.9,14.6,25.8,12.1,48.1,69.8,81.1,62.6,32.9,68.2,44.5,38.2,89.3,113.7,105.2,103.9,26.0,78.9,59.6,78.7,79.9,137.9,147.8,181.0,143.8,162.3,175.1,90.2,274.4,178.6,345.6,391.4,295.7,219.9,397.2,566.3,345.6,324.6,364.6,858.6,109.0,216.4,137.2,187.4,98.2,119.3,135.1,119.9,221.8,197.1,350.2,354.9,235.5,175.1,374.9,200.1,227.5,187.4,320.7,332.7,159.3,251.1,237.6,299.0,251.1,229.4,266.1,271.6,458.9,305.9,604.9,831.8,328.6,316.8,591.5,374.9,409.5,255.9,633.7,475.3,74.7,241.9,313.1,409.5,97.1,235.5,211.2,225.5,350.2,374.9,554.5,1109.0,511.8,309.5,760.5,619.0,554.5,320.7,858.6,665.4
live,2026-09-03-19-08,2026-09-03T18:41:22+09:00,1.2,3.5,11.7,11.7,17.6,0.0,6.4,5.8,10.3,105.8,17.1,33.0,45.9,163.1,23.0,64.8,53.1,270.8,43.8,85.9,84.0,393.7,278.5,595.7,561.5,519.0,10.2,9.4,12.2,119.7,51.7,100.0,86.5,453.7,34.2,143.6,52.2,374.3,40.2,107.2,74.7,335.8,382.7,1181.0,1022.0,606.3,156.0,271.8,245.5,713.6,188.7,330.9,277.3,523.0,507.5,420.3,744.7,2076.0,519.0,456.7,671.6,1398.0,1457.0,1631.0,1957.0,1802.0,61.1,276.2,87.1,500.0,67.2,274.0,83.0,462.9,535.2,580.6,761.2,1522.0,95.8,91.7,496.4,566.2,1161.0,1105.0,2362.0,1593.0,157.1,378.5,275.1,728.8,166.6,372.3,301.8,901.4,796.6,925.8,1317.0,2978.0,412.7,387.0,1343.0,1489.0,2362.0,2283.0,2978.0,1802.0,606.3,938.5,1123.0,1671.0,787.5,1593.0,1370.0,1631.0,1712.0,2141.0,2141.0,3605.0,2537.0,1522.0,3425.0,2537.0,3114.0,2635.0,3605.0,2362.0
live,2026-09-04-18-04,2026-09-04T09:57:30+09:00,1.0,0.0,2.9,49.5,0.0,0.0,3.6,8.3,13.7,43.3,8.1,13.0,17.8,48.6,23.6,27.9,52.2,89.4,46.0,53.1,87.3,206.2,148.1,174.3,235.8,352.1,44.1,88.4,104.2,203.1,109.3,216.9,293.1,786.0,207.0,414.0,506.8,559.1,338.9,526.5,732.9,986.0,677.9,1205.0,1261.0,2259.0,32.4,39.8,51.0,88.1,87.4,165.3,197.2,200.8,106.3,165.8,179.5,244.3,166.8,302.9,263.2,404.7,263.2,414.0,484.2,623.3,108.2,167.3,141.6,232.7,197.9,315.3,278.1,414.0,252.2,345.4,420.4,595.9,210.2,267.1,444.5,356.8,444.5,484.2,919.2,847.4,223.1,239.9,311.6,609.3,407.7,742.9,797.5,1232.0,366.4,809.4,903.9,1023.0,459.6,847.4,935.0,889.0,1261.0,2008.0,1427.0,2085.0,455.7,471.6,616.3,1465.0,889.0,889.0,797.5,2085.0,576.9,1063.0,589.5,968.4,1153.0,1106.0,1291.0,2169.0,2465.0,2582.0,1355.0,3013.0
live,2026-09-04-11-08,2026-09-04T13:54:49+09:00,2.3,14.2,4.7,2.3,7.1,14.2,35.9,70.1,79.7,46.5,34.5,25.1,19.0,90.4,80.2,47.3,57.0,124.6,66.1,26.5,50.9,138.0,50.9,152.8,191.6,225.3,81.2,97.2,82.8,138.0,127.1,173.5,154.7,279.1,154.7,194.5,180.8,267.5,97.2,123.4,154.7,225.3,242.3,267.5,493.9,493.9,41.5,21.3,16.4,30.6,113.6,112.6,97.2,74.6,55.3,90.4,33.4,186.1,26.7,83.9,28.1,92.3,151.0,285.3,305.7,267.5,135.1,60.5,61.7,99.5,221.4,104.4,156.6,225.3,106.1,214.0,79.2,246.9,80.7,171.2,85.0,142.6,168.9,237.8,329.2,305.7,72.5,45.7,68.3,43.6,115.6,136.6,166.7,251.8,48.6,107.9,72.5,144.2,117.8,262.0,91.7,251.8,210.5,321.0,273.2,251.8,171.2,52.2,171.2,175.9,285.3,262.0,442.8,273.2,267.5,458.6,356.7,251.8,251.8,493.9,366.9,273.2,237.8,389.1,291.8,298.6
live,2026-09-04-13-08,2026-09-04T13:55:09+09:00,1.0,0.0,24.0,12.0,0.0,0.0,8.3,11.2,7.8,33.9,12.2,15.6,10.7,51.8,19.6,23.2,14.4,56.1,14.8,17.9,19.5,58.8,176.5,228.9,204.1,264.7,68.3,88.2,79.5,282.4,169.4,282.4,292.1,627.5,166.1,313.7,445.8,546.5,192.5,222.9,353.0,584.2,770.1,806.8,941.3,1129.0,105.2,167.7,93.6,484.1,182.1,332.2,297.2,115.2,385.0,368.3,403.4,376.5,169.4,214.4,268.9,584.2,770.1,770.1,1059.0,1210.0,152.6,209.1,79.9,252.8,264.7,434.4,302.5,736.6,403.4,677.7,325.8,564.8,130.3,353.0,308.0,260.6,770.1,1303.0,1303.0,891.7,81.0,228.9,99.0,256.7,217.2,470.6,313.7,847.2,470.6,627.5,498.3,627.5,144.8,529.5,445.8,423.6,651.6,1059.0,1694.0,1129.0,564.8,1129.0,1059.0,1059.0,1303.0,1210.0,1412.0,1303.0,2118.0,1303.0,584.2,2118.0,1694.0,770.1,2118.0,1694.0,1129.0,1694.0,1882.0,1694.0
live,2026-09-04-22-05,2026-09-04T13:55:29+09:00,1.0,12.3,4.9,0.0,8.2,0.0,17.1,97.4,19.6,132.4,21.6,54.5,16.6,128.5,231.1,108.6,344.8,434.4,23.3,23.5,199.3,100.1,334.2,334.2,678.8,297.5,26.8,154.0,25.7,168.4,29.9,111.9,15.9,103.9,305.9,244.0,289.6,603.4,32.0,26.7,134.9,121.3,505.2,362.0,587.1,409.8,27.7,77.3,19.7,152.9,30.9,136.6,17.6,83.2,122.0,210.9,110.8,571.6,22.4,19.1,121.3,53.1,368.2,301.7,700.7,204.9,462.2,142.9,517.2,775.8,543.1,417.7,402.3,775.8,150.8,529.8,402.3,905.1,394.9,381.1,493.7,775.8,1143.0,835.5,868.9,1357.0,50.2,48.8,268.2,109.7,60.6,41.6,208.8,172.4,56.2,34.4,305.9,90.5,443.3,417.7,775.8,658.3,113.7,282.1,268.2,678.8,557.0,905.1,1034.0,493.7,724.1,987.4,620.7,603.4,944.5,905.1,987.4,557.0,1448.0,1034.0,1448.0,1551.0,434.4,638.9,571.6,1277.0
live,2026-09-04-20-07,2026-09-04T18:09:13+09:00,1.0,0.0,34.5,6.9,11.5,34.5,45.2,55.8,68.9,133.8,31.4,9.7,10.0,72.6,36.2,11.4,9.8,49.4,62.8,16.7,20.0,74.7,167.7,119.1,137.9,159.3,141.1,192.7,189.3,359.8,244.7,572.0,445.4,590.6,225.4,494.0,396.6,388.1,512.6,532.7,503.1,679.2,1045.0,1325.0,1263.0,811.0,102.1,36.2,36.2,103.5,187.3,220.0,210.6,218.2,70.1,220.0,95.5,255.1,74.3,235.2,117.8,263.8,485.2,679.2,468.4,445.4,61.1,25.6,17.9,64.2,122.1,220.9,175.3,327.3,63.6,220.9,90.4,255.1,29.6,119.9,68.7,67.3,146.0,301.9,418.0,216.5,205.8,64.2,50.5,178.7,438.2,522.5,411.6,554.5,117.6,597.1,160.3,359.8,66.5,323.4,177.5,202.0,532.7,970.4,679.2,452.8,560.2,538.0,460.5,744.4,1156.0,1325.0,1207.0,1468.0,1025.0,1509.0,988.0,1086.0,823.3,1235.0,988.0,734.3,953.3,1509.0,1132.0,715.0
live,2026-09-05-18-04,2026-09-05T09:58:47+09:00,1.0,10.8,18.9,37.8,25.2,75.7,4.3,9.1,6.4,38.4,11.3,40.1,21.7,97.5,34.0,75.5,76.1,202.7,20.5,37.4,79.6,130.8,169.4,308.2,386.8,361.2,13.1,27.5,16.7,67.3,44.2,149.8,86.3,275.5,127.1,276.9,271.4,634.3,66.6,122.8,261.0,332.6,356.5,768.3,1160.0,690.5,50.8,149.8,80.8,288.6,85.9,257.3,155.4,458.4,466.2,470.2,665.2,1435.0,169.4,218.2,482.7,699.3,940.5,1049.0,2727.0,1704.0,259.7,514.6,328.6,606.1,340.9,717.7,491.4,879.8,894.2,865.9,974.1,1818.0,500.4,708.4,1069.0,1160.0,1558.0,1330.0,2479.0,1136.0,86.4,154.1,363.6,395.3,109.3,243.5,524.5,699.3,279.7,326.6,1010.0,879.8,580.3,957.0,1759.0,1759.0,802.2,1330.0,1298.0,1881.0,551.0,768.3,1268.0,1515.0,681.9,1268.0,2273.0,1759.0,1474.0,1604.0,1759.0,2727.0,1948.0,1759.0,3208.0,3409.0,1558.0,2727.0,2020.0,3030.0
live,2026-09-05-03-07,2026-09-05T13:43:42+09:00,1.5,0.0,1.5,0.0,0.0,16.5,8.9,15.1,13.6,54.1,23.7,58.5,37.5,108.7,27.5,65.6,38.0,86.8,31.8,55.5,57.9,118.3,125.2,203.2,256.4,250.4,17.8,28.7,19.0,73.7,37.2,103.5,51.5,160.7,49.1,87.5,72.2,269.2,44.1,57.9,115.8,136.3,234.1,129.7,414.2,158.3,57.2,112.1,84.8,207.1,71.8,93.6,66.0,156.0,199.4,139.8,179.5,326.3,105.5,86.8,163.1,250.4,283.4,203.2,414.2,414.2,75.8,145.5,69.9,123.8,87.5,215.4,134.6,203.2,165.7,336.5,359.0,299.1,92.8,97.0,239.3,136.3,250.4,262.7,538.5,224.3,76.3,112.1,97.0,215.4,82.2,122.3,158.3,219.8,195.8,185.7,489.5,430.8,170.9,134.6,384.6,234.1,371.4,299.1,718.0,430.8,347.4,291.1,359.0,673.1,384.6,566.8,673.1,566.8,468.2,566.8,718.0,897.5,398.9,598.3,1077.0,489.5,538.5,633.5,468.2,538.5
live,2026-09-05-04-07,2026-09-05T13:44:01+09:00,3.1,6.0,3.7,2.0,72.0,14.4,75.7,37.3,259.4,95.3,84.1,36.8,183.0,85.9,18.4,20.6,67.4,14.8,390.4,327.9,297.0,422.6,135.3,139.9,55.0,488.0,201.9,70.8,341.6,204.9,246.9,278.9,427.0,445.6,78.5,224.0,390.4,120.2,386.7,561.6,499.9,694.9,336.0,594.1,249.9,836.7,193.3,80.3,284.7,165.9,299.2,196.1,254.6,225.2,66.7,143.3,353.4,103.7,414.1,471.2,493.9,672.1,256.2,488.0,213.5,976.1,10.5,15.9,48.0,7.7,19.7,60.8,134.8,23.7,34.5,74.6,165.9,46.4,100.7,143.8,218.0,80.0,10.6,18.5,33.9,61.9,506.1,585.7,539.4,953.4,745.4,621.2,569.4,819.9,1024.0,819.9,1138.0,1518.0,532.4,611.9,1051.0,506.1,1051.0,854.1,1413.0,745.4,278.9,275.1,96.0,788.4,525.6,854.1,325.3,854.1,401.9,953.4,284.7,1518.0,81.9,183.0,242.6,499.9,1518.0,1242.0,1576.0,773.5
live,2026-09-05-09-07,2026-09-05T13:44:19+09:00,1.4,7.4,8.1,5.7,6.8,22.4,16.1,9.0,33.5,26.5,20.9,12.4,30.5,31.1,9.6,12.2,20.7,12.7,68.3,66.6,53.5,74.2,80.6,94.1,50.6,121.6,83.5,42.9,142.1,102.7,221.3,302.8,541.6,497.9,83.3,224.8,310.0,147.4,504.8,730.8,659.3,750.4,406.2,750.4,347.6,892.1,113.7,68.4,150.7,136.6,226.6,315.4,570.5,538.4,93.9,194.0,203.9,116.8,334.5,519.2,484.6,517.7,365.4,624.3,300.8,691.9,36.6,55.0,58.4,36.5,84.6,236.6,210.8,118.0,119.8,262.2,268.4,138.6,102.9,162.2,283.6,89.4,76.4,115.2,177.6,117.6,324.4,337.6,261.8,315.9,691.9,962.9,704.0,709.5,575.9,1039.0,923.8,1011.0,319.2,510.4,682.8,310.5,558.2,852.4,991.7,453.2,483.3,613.7,286.3,842.5,769.5,1467.0,554.0,1610.0,1058.0,1548.0,685.4,1999.0,326.4,447.1,585.1,583.3,1013.0,1562.0,1741.0,708.1
live,2026-09-05-18-11,2026-09-05T13:44:38+09:00,1.5,6.7,6.7,6.7,6.7,13.5,4.3,4.1,14.6,24.7,17.0,22.0,31.3,54.9,11.2,27.5,20.5,36.7,39.9,67.0,56.0,105.6,106.9,163.0,160.0,205.5,51.1,40.0,70.4,112.1,179.2,353.9,454.7,448.7,115.7,330.1,319.3,379.3,290.9,635.7,470.2,762.9,387.9,738.2,597.0,1204.0,148.6,218.6,264.0,345.0,263.0,457.7,707.8,497.5,486.9,480.1,1040.0,1226.0,746.3,927.8,967.0,1346.0,771.4,647.7,1806.0,1525.0,60.7,160.4,82.7,148.9,136.5,371.1,253.3,280.2,567.4,572.1,673.1,927.8,124.3,176.0,470.2,234.3,457.7,403.8,915.4,467.0,218.6,293.4,211.9,431.8,322.3,858.2,624.1,817.4,1072.0,915.4,1806.0,1492.0,239.2,454.7,1089.0,413.6,847.6,1024.0,1373.0,858.2,413.6,586.8,880.2,1040.0,607.6,807.7,817.4,1560.0,1089.0,807.7,2019.0,2019.0,980.8,707.8,1373.0,1248.0,1040.0,1144.0,1806.0,903.4
live,2026-09-05-22-05,2026-09-05T13:44:59+09:00,1.0,7.8,15.7,0.0,0.0,0.0,5.9,26.3,159.4,66.0,4.5,6.5,85.8,20.9,38.7,18.5,177.2,87.2,180.0,155.0,192.4,232.5,117.5,87.2,174.4,338.2,39.0,98.7,242.6,186.0,52.4,80.8,301.7,159.4,174.4,227.8,413.4,507.4,223.2,465.1,301.7,2232.0,507.4,587.5,587.5,797.4,16.2,17.0,80.3,44.1,37.0,107.3,159.4,152.9,43.1,113.9,360.1,286.2,189.2,372.1,372.1,372.1,97.9,446.5,384.9,797.4,177.2,61.3,338.2,265.8,186.0,237.5,558.1,656.6,63.4,259.6,413.4,797.4,429.3,558.1,620.2,1240.0,328.3,587.5,1014.0,1116.0,587.5,286.2,485.3,744.2,360.1,398.7,620.2,1240.0,384.9,348.8,697.7,1395.0,531.6,744.2,797.4,2232.0,930.3,1395.0,2232.0,2232.0,398.7,348.8,301.7,1014.0,656.6,930.3,1116.0,1395.0,558.1,697.7,1116.0,1594.0,446.5,384.9,858.7,1860.0,531.6,1240.0,2790.0,1594.0
live,2026-09-05-07-06,2026-09-05T17:37:54+09:00,2.5,1.6,0.0,10.1,6.7,10.1,22.8,17.0,10.8,14.9,70.1,138.3,130.3,205.8,65.9,200.9,103.0,129.0,45.1,167.7,131.0,98.1,68.6,264.2,245.8,151.8,22.6,13.4,8.8,10.1,86.0,134.7,89.4,109.1,50.3,143.7,33.1,40.4,24.7,85.5,34.1,21.2,29.8,170.7,60.6,34.2,243.1,387.9,427.4,615.6,309.2,438.6,290.5,399.4,645.2,633.1,1016.0,986.9,541.2,390.1,677.8,1157.0,972.6,1065.0,1032.0,1315.0,206.4,532.6,229.0,293.0,203.3,568.7,116.1,128.5,849.4,789.5,729.4,762.6,239.6,143.7,520.2,165.2,462.8,241.4,828.5,309.2,92.1,422.0,212.3,162.8,70.9,277.3,115.1,73.3,932.0,508.4,972.6,894.8,290.5,171.1,958.7,246.7,261.1,134.4,919.3,330.5,127.8,699.0,664.4,411.7,132.3,604.5,303.6,152.1,1427.0,1016.0,1290.0,2097.0,1157.0,430.1,1677.0,508.4,559.2,200.9,1597.0,493.4
live,2026-09-05-20-06,2026-09-05T17:38:15+09:00,1.5,12.7,25.5,25.5,1.9,0.0,14.4,18.4,6.7,40.0,26.5,66.8,21.2,105.9,34.1,77.1,28.5,78.3,6.1,14.9,17.2,25.9,84.0,133.4,182.8,86.8,86.4,89.0,38.4,194.8,222.9,514.3,185.4,632.3,151.2,514.3,301.3,448.5,64.7,166.9,245.6,252.1,551.0,940.7,714.3,528.3,151.2,213.1,113.7,172.9,216.6,316.1,150.0,448.5,419.2,470.3,756.3,612.2,179.4,239.5,593.4,385.7,482.1,787.1,714.3,741.7,124.4,257.1,105.3,210.7,172.1,401.7,242.5,267.8,500.9,676.7,876.6,714.3,144.4,242.5,433.3,370.8,335.4,318.7,593.4,584.4,25.6,48.5,63.6,84.2,52.1,142.8,178.5,203.0,153.0,235.1,551.0,374.4,135.8,203.0,476.2,301.3,156.7,287.8,381.9,543.2,228.2,277.5,567.2,238.1,433.3,642.8,584.4,543.2,575.7,876.6,820.6,857.1,741.7,500.9,989.0,918.3,201.9,370.8,632.3,897.0
live,2026-09-06-10-04,2026-09-06T09:47:46+09:00,1.0,9.1,15.9,9.1,31.8,31.8,19.8,4.3,17.3,19.0,66.9,65.7,135.8,123.4,7.4,43.9,21.7,19.5,56.9,136.2,62.8,84.4,69.2,216.3,64.4,125.7,93.7,20.7,72.7,88.9,298.3,351.6,673.1,769.3,44.9,248.3,152.7,143.1,271.4,450.7,289.8,478.1,348.0,1346.0,435.4,757.9,318.7,311.9,402.8,343.3,439.1,446.8,793.2,746.9,559.1,578.1,1077.0,965.3,905.5,1461.0,1328.0,1461.0,1598.0,1527.0,1461.0,1598.0,18.9,129.5,30.0,40.3,36.9,207.9,79.2,82.8,373.4,414.2,660.1,574.8,40.4,60.5,244.2,48.1,81.7,114.2,376.1,88.7,201.0,499.1,149.8,242.4,324.8,930.2,354.0,467.2,956.3,1149.0,1482.0,2088.0,154.8,227.3,897.5,177.0,441.0,616.4,1100.0,321.7,338.8,921.8,399.7,627.7,547.1,1650.0,660.1,1149.0,2131.0,2436.0,2692.0,2842.0,431.7,559.1,1263.0,446.8,757.9,1065.0,1764.0,535.7
live,2026-09-06-14-04,2026-09-06T09:48:07+09:00,3.0,3.0,6.6,33.0,11.0,2.5,45.7,93.1,93.9,56.5,31.1,30.0,19.2,7.5,115.0,83.8,148.3,66.3,102.5,42.0,140.9,34.6,32.2,9.1,46.3,21.4,145.5,164.6,172.1,230.1,208.8,206.9,214.7,253.3,331.6,341.7,451.0,536.9,322.1,296.7,442.2,451.0,278.4,402.7,704.7,663.3,102.5,71.8,41.9,19.3,180.4,105.8,118.0,122.5,170.8,203.1,208.8,131.8,86.0,123.2,230.1,64.4,26.7,115.6,102.5,64.0,230.1,212.7,138.3,192.7,369.7,363.7,268.4,357.9,237.3,369.7,550.0,331.6,247.8,395.6,479.8,512.5,278.4,469.8,363.7,704.7,158.8,90.5,192.7,76.4,308.9,237.3,259.2,322.1,126.6,281.9,442.2,191.1,289.1,460.2,524.4,346.9,87.0,304.7,156.6,410.0,77.7,18.8,108.9,52.8,239.9,296.7,524.4,375.8,30.1,170.8,145.5,87.4,292.8,451.0,289.1,442.2,86.7,341.7,151.3,375.8
live,2026-09-06-03-07,2026-09-06T13:44:08+09:00,1.5,6.0,3.0,0.0,6.0,0.0,28.0,75.8,54.6,107.2,19.2,54.9,16.3,119.7,114.8,94.7,86.1,169.7,56.5,36.6,66.5,135.3,174.9,206.7,324.9,258.4,47.9,104.3,83.6,111.4,28.9,101.5,29.6,196.0,118.4,199.5,149.6,227.4,120.9,72.8,157.9,247.2,196.0,258.4,307.3,334.4,17.6,55.2,13.1,142.1,27.7,73.8,19.0,60.1,93.9,116.0,67.2,153.6,16.3,22.6,52.8,77.3,214.5,252.7,218.6,192.7,189.5,116.0,109.3,169.7,189.5,186.4,186.4,203.0,112.5,153.6,86.8,177.6,100.6,172.2,89.5,210.5,277.3,264.4,291.5,315.8,100.6,65.3,114.8,186.4,135.3,97.1,232.0,210.5,61.4,84.2,92.4,162.4,192.7,315.8,103.3,270.7,284.2,494.4,196.0,437.3,236.9,277.3,598.5,379.0,299.2,541.5,668.9,758.1,541.5,758.1,812.2,307.3,598.5,812.2,812.2,516.8,454.8,758.1,307.3,568.5
live,2026-09-06-04-07,2026-09-06T13:44:30+09:00,1.0,11.4,9.1,22.8,0.0,0.0,13.4,12.0,70.3,22.9,22.9,23.5,81.4,38.5,21.0,31.5,87.0,33.6,185.9,120.1,209.1,259.8,66.9,108.0,74.8,257.9,22.6,16.8,103.9,35.6,47.5,49.4,151.6,84.1,26.7,46.9,109.4,37.9,223.6,343.0,287.3,287.3,80.8,138.0,82.5,284.9,52.0,54.7,140.7,78.8,72.1,64.3,138.5,67.9,75.3,79.0,166.6,89.0,206.6,237.1,273.9,343.0,124.4,170.7,159.1,343.0,45.0,71.9,134.8,74.8,44.5,79.4,167.4,70.1,113.2,136.4,294.4,151.6,223.6,257.9,384.1,294.4,116.6,105.1,223.6,339.7,183.1,471.1,336.5,543.6,453.0,679.5,519.6,464.9,631.0,785.3,803.1,1218.0,535.4,631.0,929.9,841.3,768.2,906.1,1308.0,1177.0,168.2,248.8,189.9,484.0,174.9,273.9,184.0,471.1,330.2,397.0,315.5,785.3,219.4,245.4,441.7,579.3,751.8,906.1,1039.0,706.7
live,2026-09-06-09-07,2026-09-06T13:44:50+09:00,1.5,4.4,11.3,12.4,3.7,41.5,10.1,31.4,7.9,39.9,14.4,40.9,11.6,48.5,80.7,96.5,86.1,159.8,11.0,13.2,67.4,27.6,111.6,128.3,216.9,86.5,35.4,92.4,25.8,104.6,90.5,350.2,92.3,336.8,345.6,710.7,475.9,940.6,51.4,82.5,279.5,173.9,454.8,782.7,1140.0,443.9,60.6,153.0,45.4,178.6,115.2,384.7,120.9,363.1,428.9,582.7,526.5,861.4,74.0,106.3,358.1,195.5,611.9,852.1,1278.0,548.4,481.7,551.3,407.9,681.7,778.8,1228.0,996.8,1081.0,861.4,1402.0,1474.0,1821.0,531.8,821.2,1128.0,735.4,908.3,1584.0,2313.0,1205.0,24.5,33.8,157.7,42.0,43.6,71.1,315.7,85.8,80.0,101.7,509.6,188.5,425.5,692.1,728.7,583.7,66.7,82.8,129.9,305.6,470.3,625.2,1209.0,347.9,695.1,1070.0,1686.0,637.8,1182.0,1343.0,1761.0,1169.0,2232.0,2365.0,2556.0,2496.0,276.6,375.1,604.9,1049.0
live,2026-09-06-14-11,2026-09-06T13:45:10+09:00,3.4,5.0,3.0,4.1,4.6,18.7,40.6,46.5,48.4,135.1,37.0,13.7,11.4,63.7,43.0,19.0,13.6,55.8,49.9,19.7,18.7,63.9,341.2,239.3,190.0,193.6,106.3,125.3,123.8,331.5,133.6,127.0,110.5,291.5,193.1,175.7,142.8,347.6,191.4,177.5,185.8,382.9,737.9,669.0,735.5,804.8,82.3,31.0,27.9,119.8,154.2,123.5,118.3,241.7,50.1,113.5,31.9,116.3,44.4,113.3,39.3,113.6,399.5,530.1,397.3,321.9,108.2,58.3,33.9,120.7,229.7,273.8,183.4,413.6,86.7,217.9,60.2,212.5,39.7,111.6,55.3,71.2,367.1,586.0,520.2,223.0,132.8,50.8,48.0,139.4,239.6,254.4,234.3,544.4,83.0,253.5,81.4,265.0,65.4,186.5,83.8,121.1,272.2,631.0,322.3,207.5,864.3,752.9,799.0,828.8,1247.0,1194.0,1354.0,1240.0,961.5,1240.0,1062.0,941.2,1088.0,1405.0,1133.0,463.7,929.4,1511.0,1083.0,472.6
live,2026-09-06-12-07,2026-09-06T17:57:36+09:00,1.2,11.7,4.0,11.7,52.6,8.1,41.9,68.5,177.0,122.0,18.8,3.7,14.1,16.5,35.8,6.3,25.9,25.6,166.1,61.4,78.0,161.8,151.0,47.3,60.3,154.8,236.0,319.0,484.7,487.1,441.8,506.9,693.5,1147.0,428.6,501.8,979.0,703.2,960.2,899.6,1134.0,1349.0,1062.0,1387.0,818.5,1468.0,82.7,13.4,39.2,48.0,247.8,239.4,404.3,363.1,32.8,162.9,107.3,117.4,188.7,417.8,236.0,410.9,120.7,458.0,199.7,698.3,139.6,29.5,65.4,92.7,359.2,439.9,496.8,480.1,53.3,280.5,192.7,212.9,168.6,545.7,251.5,368.5,194.6,567.4,329.5,573.9,620.2,282.9,359.2,657.0,876.0,1217.0,1217.0,1447.0,372.6,1097.0,648.4,1029.0,394.7,868.3,587.4,907.8,1085.0,1536.0,1560.0,1349.0,439.9,107.3,203.3,661.3,1008.0,1073.0,1008.0,1280.0,154.3,907.8,388.5,1051.0,337.3,670.2,421.3,1122.0,1051.0,1468.0,1468.0,1248.0
live,2026-09-07-14-04,2026-09-07T09:51:10+09:00,1.0,5.7,7.1,0.0,0.0,0.0,9.3,27.5,23.4,19.9,6.9,14.3,9.1,8.7,62.6,43.8,89.7,64.1,41.6,25.1,75.8,40.0,40.2,25.9,78.5,49.3,67.6,190.3,167.8,183.4,121.4,302.0,260.4,323.6,435.6,457.6,580.8,656.6,514.8,359.6,638.1,666.3,431.5,566.3,719.2,839.0,35.1,58.4,41.4,43.2,95.9,165.3,148.0,181.2,183.4,281.4,393.9,325.9,122.1,160.1,274.6,184.1,127.6,195.3,254.5,238.4,227.6,246.2,298.0,274.6,497.9,514.8,620.6,476.9,343.2,419.5,823.8,457.6,629.3,906.1,854.9,707.9,588.4,526.8,888.4,1161.0,189.5,98.9,284.9,216.7,374.4,377.5,552.5,620.6,181.2,365.4,888.4,387.2,647.2,943.9,1161.0,854.9,343.2,638.1,365.4,964.0,271.3,132.0,387.2,356.7,533.0,697.0,1006.0,888.4,199.6,419.5,492.4,476.9,964.0,1294.0,1192.0,1294.0,476.9,620.6,462.3,888.4
live,2026-09-07-10-12,2026-09-07T13:58:33+09:00,1.0,0.0,39.7,0.0,0.0,39.7,12.1,6.8,7.7,41.9,23.0,23.8,21.4,55.5,7.9,14.4,7.8,38.4,14.9,28.9,19.3,42.3,113.5,144.7,123.9,97.6,154.1,112.1,128.3,325.6,360.0,577.5,437.2,1133.0,275.7,703.6,353.8,1177.0,291.5,514.4,422.1,1302.0,1700.0,1249.0,1569.0,1330.0,195.5,169.5,156.1,431.1,341.9,387.4,353.8,446.8,463.7,446.8,380.2,900.2,312.3,489.7,501.7,1093.0,941.7,1302.0,1093.0,1610.0,97.9,198.1,67.5,270.8,228.4,588.6,273.2,514.4,460.2,594.3,434.1,1093.0,121.4,250.8,518.7,551.5,600.1,887.1,1530.0,987.3,125.9,163.6,142.6,300.0,274.5,577.5,394.9,720.1,338.2,658.2,1073.0,1457.0,218.6,425.1,900.2,651.2,784.8,1224.0,1913.0,755.7,784.8,755.7,1020.0,1055.0,1530.0,1493.0,1610.0,1654.0,1423.0,1913.0,2267.0,1457.0,1177.0,1654.0,3221.0,1249.0,1275.0,1610.0,3060.0,1913.0
live,2026-09-07-11-08,2026-09-07T13:58:55+09:00,2.4,2.0,21.0,14.0,3.8,21.0,29.7,145.9,19.0,94.5,22.3,161.9,74.8,100.1,231.7,328.3,218.8,422.1,27.1,61.5,120.6,128.4,214.8,358.1,347.6,196.9,22.3,85.0,9.2,36.5,39.9,58.2,25.8,155.5,295.4,117.0,164.1,311.0,9.8,20.4,103.6,19.3,142.4,281.4,422.1,75.2,105.5,236.3,80.9,218.8,147.7,103.6,62.8,144.1,437.7,207.3,295.4,656.6,137.4,104.5,184.6,393.9,695.2,562.8,492.4,844.2,288.2,347.6,311.0,422.1,223.0,144.1,236.3,181.8,492.4,274.8,288.2,695.2,256.9,246.2,281.4,288.2,622.0,454.5,1074.0,562.8,17.8,101.8,123.1,87.5,15.0,32.7,121.8,21.4,218.8,117.0,319.4,251.4,303.0,319.4,358.1,328.3,106.4,79.8,190.6,223.0,218.8,251.4,738.7,622.0,393.9,622.0,787.9,295.4,738.7,1074.0,984.9,1181.0,656.6,844.2,1477.0,590.9,454.5,251.4,844.2,656.6
live,2026-09-07-13-08,2026-09-07T13:59:16+09:00,1.0,0.0,3.0,0.0,0.0,0.0,32.0,49.6,146.3,133.4,13.0,8.1,20.3,29.1,43.8,20.0,67.6,78.6,133.4,86.1,103.0,261.6,223.0,93.8,167.9,266.8,98.6,144.7,212.6,331.8,125.9,163.9,209.3,367.7,247.4,191.6,566.9,523.3,400.2,234.6,331.8,412.3,438.9,223.0,485.9,800.4,21.4,9.6,20.0,29.7,81.4,46.9,99.3,85.0,21.3,28.7,32.6,38.4,61.8,94.4,61.8,132.1,110.6,165.9,110.6,165.9,120.4,59.6,117.3,152.8,242.9,183.8,251.9,289.5,59.4,146.3,103.0,133.4,174.4,215.9,136.0,256.7,302.3,283.4,377.9,438.9,309.2,165.9,226.7,348.9,591.6,266.8,388.7,680.3,172.2,289.5,242.9,566.9,400.2,453.5,226.7,485.9,647.9,591.6,800.4,755.9,367.7,136.0,302.3,469.2,680.3,716.1,566.9,1133.0,223.0,453.5,261.6,503.9,388.7,340.1,272.1,647.9,755.9,971.9,1046.0,1360.0
live,2026-09-07-16-07,2026-09-07T13:59:37+09:00,1.0,0.0,39.0,6.5,9.7,0.0,22.1,17.2,11.4,201.1,33.4,33.1,28.0,331.8,20.3,47.9,23.3,473.3,12.2,25.1,18.8,170.3,309.5,440.9,418.0,466.5,71.5,52.0,26.3,536.4,169.4,151.1,107.2,1149.0,74.8,172.1,43.9,785.0,31.8,58.3,47.4,234.9,1149.0,1694.0,1238.0,361.6,184.9,162.5,72.9,585.2,251.4,245.7,165.9,349.8,234.9,328.4,180.8,1072.0,81.6,98.4,242.0,1072.0,1399.0,1694.0,1238.0,2145.0,72.9,139.9,42.2,412.6,79.8,249.5,61.9,527.6,218.9,298.0,174.9,1072.0,43.0,39.5,84.2,292.6,607.3,554.9,1893.0,825.3,22.8,52.3,32.5,138.7,33.0,95.2,43.3,255.4,128.7,164.2,186.0,715.3,51.2,53.2,154.0,282.3,342.4,402.3,519.1,480.4,748.5,440.9,1109.0,804.7,1072.0,1788.0,1532.0,1532.0,1287.0,1694.0,1109.0,2145.0,1399.0,1399.0,1341.0,1609.0,1149.0,1532.0,1893.0,1149.0
live,2026-09-07-07-09,2026-09-07T18:52:11+09:00,1.0,8.5,77.2,25.7,38.6,0.0,11.8,7.2,3.2,19.8,37.4,72.5,57.2,131.7,36.3,109.2,50.3,99.6,16.7,64.4,47.6,54.1,107.1,260.9,186.3,174.1,43.7,28.3,12.5,51.2,199.8,307.3,227.4,384.1,113.9,303.2,127.3,245.1,45.9,175.4,106.8,152.2,236.7,606.5,454.8,324.6,222.3,198.6,214.7,367.7,276.5,318.6,279.9,232.8,548.7,446.0,531.8,548.7,334.0,337.2,454.8,519.8,698.4,803.9,611.8,823.1,141.6,392.8,158.9,294.2,189.4,379.9,222.3,323.0,677.8,460.9,501.0,658.5,192.0,185.3,440.4,257.0,646.1,388.4,947.1,606.5,60.5,225.9,161.5,182.9,78.9,321.5,243.4,276.5,365.8,432.1,646.1,727.8,259.9,259.9,531.8,367.7,416.5,596.0,947.1,759.8,308.6,448.9,557.6,429.4,454.8,843.2,646.1,628.5,735.5,1133.0,960.3,1047.0,909.7,776.8,1152.0,875.2,557.6,751.5,1152.0,843.2
live,2026-09-08-13-01,2026-09-08T10:18:33+09:00,1.5,4.5,0.0,4.5,0.0,4.5,13.6,50.2,167.7,135.9,7.0,20.4,67.4,37.3,78.8,48.3,375.5,171.4,262.8,101.1,225.3,315.4,207.5,89.6,154.6,375.5,41.5,96.1,202.2,262.8,37.3,62.5,143.3,101.1,187.7,129.2,358.4,183.4,254.3,231.9,606.6,788.6,271.9,281.6,213.1,415.0,7.5,15.5,51.2,28.3,15.4,24.6,61.1,36.6,33.9,36.1,112.6,55.9,105.1,99.8,157.7,202.2,65.1,78.0,109.5,246.4,109.5,125.1,238.9,219.0,231.9,171.4,657.1,219.0,109.5,154.6,328.5,197.1,342.8,606.6,525.7,238.9,207.5,225.3,231.9,303.3,415.0,219.0,438.1,271.9,463.8,183.4,328.5,563.3,254.3,231.9,563.3,788.6,716.9,985.7,716.9,315.4,876.2,716.9,876.2,394.3,281.6,135.9,328.5,876.2,525.7,358.4,303.3,788.6,207.5,254.3,303.3,606.6,328.5,375.5,303.3,463.8,716.9,788.6,563.3,415.0
live,2026-09-08-14-05,2026-09-08T10:18:54+09:00,1.4,13.5,5.7,40.5,3.3,13.5,24.3,53.1,39.6,238.2,21.3,29.0,13.4,117.9,87.3,61.6,85.5,336.1,49.3,28.3,94.3,295.6,446.1,490.8,545.3,613.5,48.7,75.9,62.1,302.9,60.5,48.8,30.0,288.7,213.3,97.3,123.3,395.8,108.5,44.6,108.5,423.1,613.5,584.3,500.8,876.4,26.9,32.2,15.3,107.6,36.9,29.0,16.6,111.0,67.9,40.1,29.9,194.7,22.5,16.4,25.4,160.3,490.8,423.1,355.6,584.3,196.3,171.6,172.8,629.2,350.5,161.4,194.7,278.8,175.2,163.6,115.2,302.9,269.6,221.0,128.4,629.2,645.8,500.8,557.7,1022.0,90.5,58.7,169.2,269.6,137.0,56.8,170.4,322.9,66.8,49.9,93.6,299.2,310.6,242.9,151.4,721.7,584.3,629.2,701.1,1168.0,981.6,598.5,1066.0,876.4,1363.0,701.1,791.6,645.8,1066.0,766.8,721.7,981.6,1443.0,701.1,908.9,1443.0,818.0,876.4,1291.0,1363.0
live,2026-09-08-03-08,2026-09-08T14:18:10+09:00,3.0,3.0,3.0,3.0,0.0,0.0,40.3,30.7,140.3,146.5,41.0,24.6,115.1,118.2,28.5,22.4,83.2,46.2,198.9,242.2,256.7,462.1,268.2,316.2,186.5,476.8,62.4,44.4,154.0,132.9,64.3,35.5,191.3,136.5,40.8,30.4,130.6,97.8,306.5,405.9,417.2,653.0,303.4,366.3,234.6,492.4,43.7,27.7,113.7,122.1,53.5,28.8,122.1,93.0,18.5,18.2,49.8,38.1,236.5,216.1,168.7,366.3,240.3,200.2,121.6,366.3,27.0,19.4,87.0,52.4,34.8,25.6,115.5,70.0,16.8,19.1,51.9,37.9,128.3,169.7,119.2,137.1,78.0,123.6,99.1,171.6,527.0,455.1,441.7,1155.0,517.9,639.1,639.1,1001.0,462.1,698.6,429.1,1306.0,556.3,910.3,556.3,476.8,1306.0,1035.0,1581.0,517.9,517.9,682.7,423.1,1072.0,834.4,910.3,556.3,1112.0,938.7,1112.0,448.3,1767.0,462.1,715.2,536.4,625.8,1502.0,1502.0,2002.0,715.2
live,2026-09-08-04-08,2026-09-08T14:18:29+09:00,1.0,7.5,7.5,16.8,67.5,33.7,5.1,18.5,70.9,10.0,8.3,25.4,116.4,14.0,45.4,61.0,275.5,63.2,237.9,256.3,327.4,472.4,18.5,23.8,54.2,282.6,17.7,40.7,111.7,27.4,35.5,134.4,285.0,98.7,142.5,210.6,612.4,292.6,355.5,501.0,661.4,703.6,74.3,132.2,264.5,612.4,32.6,82.0,196.8,51.9,48.9,140.1,224.9,83.0,206.6,204.1,847.9,292.6,327.4,459.3,718.9,601.2,123.3,156.7,297.9,787.3,177.7,207.9,408.2,232.8,214.7,403.2,751.6,268.8,271.0,508.7,661.4,570.1,590.5,918.6,1002.0,601.2,306.2,403.2,551.1,826.7,363.4,429.4,847.9,1066.0,413.3,893.7,870.2,787.3,486.3,944.8,1574.0,1066.0,1002.0,1740.0,1503.0,847.9,1181.0,1322.0,1503.0,1503.0,52.4,71.5,158.2,533.3,86.7,175.9,351.8,734.9,148.9,237.9,472.4,1224.0,479.2,601.2,918.6,1224.0,751.6,972.6,870.2,870.2
live,2026-09-08-14-12,2026-09-08T14:18:48+09:00,2.9,2.4,2.1,25.4,21.1,28.2,12.6,26.5,32.2,50.0,10.2,7.9,10.5,28.8,38.4,20.6,31.1,59.7,56.3,32.3,50.3,70.5,131.8,109.8,164.7,134.3,47.5,103.8,124.1,212.0,61.4,121.2,174.5,349.1,250.4,262.2,377.3,493.7,336.2,347.0,628.4,714.0,595.9,815.1,881.6,1004.0,26.1,19.9,27.7,73.1,50.3,85.9,119.5,223.2,42.0,81.2,52.4,132.3,64.8,148.5,97.9,169.5,277.3,509.7,345.6,384.8,159.4,86.6,128.8,248.2,336.8,306.9,509.7,566.5,112.1,244.0,160.6,312.4,190.5,400.9,202.8,295.9,568.4,726.0,688.4,581.8,163.9,92.8,177.4,215.4,314.7,367.6,595.9,649.6,116.8,296.4,210.4,422.5,285.1,694.0,288.0,514.3,372.4,929.0,649.6,677.6,514.3,503.8,720.0,597.9,877.2,1183.0,1289.0,1745.0,720.0,1191.0,1107.0,1243.0,1208.0,1477.0,1404.0,1428.0,757.9,1489.0,1159.0,1208.0
live,2026-09-08-01-09,2026-09-08T18:44:20+09:00,1.3,6.7,2.2,0.0,0.0,0.0,55.7,78.9,116.8,87.9,40.2,13.8,36.7,20.7,86.7,33.5,102.2,55.5,136.7,102.8,137.7,157.2,161.2,72.0,115.7,256.7,118.3,129.6,224.6,133.3,85.1,66.2,205.1,89.4,248.2,112.3,205.1,137.2,325.3,322.5,292.5,328.1,237.3,216.9,210.8,304.3,35.9,14.6,56.8,25.3,59.1,42.1,137.7,55.7,18.6,31.9,63.2,15.3,134.7,216.9,167.7,173.9,46.3,85.0,32.2,146.2,140.8,54.4,98.2,62.5,225.9,100.9,246.6,117.9,50.3,67.7,124.1,36.0,142.4,253.2,223.3,187.7,65.8,90.9,50.9,235.8,196.5,182.3,178.0,297.1,283.7,331.0,340.0,401.4,178.8,454.7,356.0,393.1,216.9,496.5,389.0,401.4,531.5,503.2,490.1,460.2,265.7,133.3,207.3,471.7,349.4,288.0,373.6,539.1,108.4,273.4,65.4,385.1,202.9,414.7,79.4,546.9,490.1,629.0,608.7,510.0
live,2026-09-09-21-05,2026-09-09T10:08:42+09:00,1.0,5.2,10.5,10.5,0.0,0.0,26.4,30.7,61.9,59.5,14.6,4.6,11.5,9.1,25.2,11.8,41.1,23.1,82.9,65.1,80.9,97.6,56.0,32.0,53.1,114.2,186.7,284.0,511.2,511.2,282.0,531.1,951.1,834.7,444.5,538.1,1022.0,997.5,757.4,1076.0,1168.0,1778.0,705.1,951.1,1704.0,1319.0,56.5,18.8,54.4,28.9,178.6,231.0,288.0,269.0,42.6,174.0,159.7,85.5,208.6,481.1,284.0,327.2,107.0,346.6,174.0,361.9,121.3,50.8,127.8,91.2,262.1,538.1,421.6,459.5,66.0,332.5,252.4,150.3,211.9,454.4,305.2,239.1,166.2,332.5,211.9,371.8,413.1,257.2,382.2,464.7,786.5,730.3,757.4,1022.0,393.2,929.5,610.4,771.7,454.4,1136.0,670.5,771.7,801.9,951.1,801.9,889.1,464.7,222.2,481.1,786.5,659.6,1022.0,1202.0,1105.0,338.0,1239.0,592.7,1022.0,717.5,1202.0,681.6,1022.0,951.1,1410.0,1202.0,1278.0
live,2026-09-09-03-08,2026-09-09T14:20:13+09:00,,,,,,,,,,,,,,,,,,,,,,,,,,,,,,,,,,,,,,,,,,,,,,,,,,,,,,,,,,,,,,,,,,,,,,,,,,,,,,,,,,,,,,,,,,,,,,,,,,,,,,,,,,,,,,,,,,,,,,,,,,,,,,
live,2026-09-09-04-08,2026-09-09T14:20:33+09:00,3.0,3.8,3.9,7.2,4.6,6.9,22.0,27.7,40.4,55.5,19.8,16.3,30.8,36.5,32.6,24.2,47.4,44.7,58.2,65.5,97.5,103.2,124.8,117.5,141.7,164.7,37.9,49.8,64.7,74.5,64.0,80.7,81.0,103.6,103.9,99.7,140.4,119.0,97.4,138.6,193.7,141.7,216.6,239.4,251.6,206.2,39.2,28.9,50.4,64.5,68.8,75.9,77.8,101.4,38.2,62.5,68.6,60.7,88.1,113.3,107.6,104.9,157.8,208.9,135.4,177.0,78.0,53.5,87.9,95.6,127.5,145.6,173.7,179.0,59.9,112.7,118.5,96.5,136.5,170.4,152.5,146.9,189.1,183.1,185.8,225.0,89.2,101.3,133.7,122.2,119.9,136.8,193.1,140.1,145.9,169.1,181.0,183.1,181.6,213.7,186.3,211.6,168.2,166.9,199.7,211.6,268.5,293.2,376.0,429.0,347.4,537.1,546.3,340.0,402.0,560.7,404.5,463.2,453.3,551.0,412.4,456.6,355.1,314.9,402.0,519.7
live,2026-09-09-05-08,2026-09-09T14:20:53+09:00,1.1,0.0,0.0,0.0,4.5,4.5,26.7,29.5,64.0,115.5,16.5,9.2,15.5,80.1,29.2,12.4,19.5,113.7,59.6,26.8,29.1,198.2,163.0,183.3,193.0,299.4,75.6,93.4,132.1,252.9,112.8,148.1,176.7,386.0,185.7,195.6,232.8,299.4,154.4,240.5,282.1,244.5,108.6,489.0,386.0,386.0,38.0,21.8,35.7,78.0,95.8,104.7,107.8,244.5,43.7,73.3,65.4,170.5,68.8,107.0,71.9,203.7,276.8,357.8,248.6,349.3,73.3,33.8,52.9,236.6,163.0,124.3,206.6,252.9,54.3,122.2,93.4,174.6,70.1,183.3,101.1,229.2,305.6,183.3,293.4,209.5,113.7,82.8,83.3,276.8,203.7,188.0,333.4,318.9,111.1,326.0,148.1,349.3,95.2,293.4,198.2,333.4,523.9,341.1,523.9,396.5,282.1,257.3,458.4,407.5,473.2,916.9,586.8,698.6,564.2,326.0,444.5,444.5,523.9,473.2,564.2,505.9,586.8,505.9,473.2,489.0
live,2026-09-09-14-12,2026-09-09T14:21:15+09:00,1.2,11.6,6.1,9.6,23.2,6.4,14.5,25.2,49.3,20.5,13.7,8.3,23.8,8.8,28.9,15.8,45.3,17.9,105.5,78.6,106.7,68.2,42.6,25.6,38.8,81.7,73.9,107.6,180.6,113.7,138.5,371.8,544.9,347.4,249.2,437.7,573.0,415.6,505.3,851.9,922.6,811.5,285.4,570.1,638.9,958.4,54.1,29.3,76.1,34.4,125.6,214.2,384.6,251.5,46.0,161.0,120.1,54.9,219.5,425.9,279.6,255.2,78.7,226.6,100.9,268.5,121.9,60.6,112.7,61.9,286.5,451.0,617.6,349.0,78.2,313.1,228.5,108.5,186.3,434.2,365.7,169.0,107.6,276.2,164.4,217.9,505.3,477.1,518.3,483.3,826.5,1221.0,1443.0,1106.0,646.3,1182.0,938.2,1074.0,604.2,1182.0,992.6,609.1,791.2,1182.0,1111.0,753.7,232.1,150.0,239.8,582.0,382.0,729.0,975.2,1492.0,216.7,724.2,349.6,1221.0,349.0,938.2,402.0,896.5,1015.0,1737.0,1434.0,1024.0
live,2026-09-09-16-08,2026-09-09T14:21:37+09:00,1.2,42.0,0.0,2.1,0.0,0.0,35.7,17.2,57.6,114.4,50.4,32.0,96.4,160.1,13.2,25.0,23.2,53.0,122.0,207.7,89.8,297.2,237.0,358.6,181.7,387.0,79.8,43.3,145.0,208.5,65.5,30.0,75.6,90.7,35.9,32.5,46.1,66.0,144.6,155.9,94.7,196.3,459.8,381.5,277.3,437.4,144.6,80.6,148.6,389.8,119.5,41.2,78.8,123.1,61.4,51.9,80.3,125.4,188.1,218.7,153.7,257.4,597.8,493.5,361.0,572.3,18.3,43.4,22.9,56.2,29.4,37.7,32.8,50.4,71.9,54.9,87.1,79.4,39.2,51.3,91.3,40.2,93.8,106.5,164.5,77.8,286.1,413.8,152.4,417.0,305.6,392.7,205.3,455.9,604.5,681.0,549.0,927.6,128.4,173.5,316.4,186.8,737.0,943.8,927.6,366.0,717.3,1076.0,444.6,1098.0,996.3,996.3,640.5,1034.0,1537.0,1312.0,1054.0,1681.0,452.1,591.2,1034.0,407.5,1144.0,1281.0,1630.0,498.1
live,2026-09-09-01-09,2026-09-09T18:51:04+09:00,1.0,8.7,9.5,21.0,105.0,13.1,4.8,11.2,34.0,25.5,7.6,13.8,36.2,29.0,28.2,31.9,96.7,71.5,95.0,108.6,168.9,163.7,40.4,43.9,69.1,113.2,27.5,37.5,100.4,108.6,50.2,88.3,196.0,198.6,96.5,147.8,331.8,447.5,344.9,501.7,512.0,925.5,245.0,286.5,553.9,919.8,31.8,36.7,77.5,81.6,63.9,79.6,149.1,174.0,57.8,85.5,80.2,169.9,152.0,276.9,175.9,447.5,230.6,253.4,308.5,536.0,119.7,121.8,159.2,237.6,233.9,278.0,470.0,512.0,127.6,189.1,186.7,317.7,236.9,505.1,342.5,428.2,471.5,564.4,577.5,702.9,283.8,448.8,482.2,553.9,512.0,903.1,841.9,1252.0,636.8,876.5,636.8,1490.0,702.9,931.3,642.3,1020.0,1137.0,1674.0,1585.0,1318.0,197.6,243.0,363.4,513.8,326.0,328.2,784.3,1034.0,407.1,349.8,665.2,1273.0,818.7,961.4,961.4,1307.0,1295.0,1342.0,1986.0,1585.0
live,2026-09-09-20-09,2026-09-09T18:51:24+09:00,1.0,0.0,18.7,0.0,0.0,18.7,6.4,16.9,75.8,8.8,11.4,21.2,95.0,12.5,28.7,37.2,110.6,20.6,99.4,126.0,204.5,205.8,12.9,19.0,24.6,168.5,37.5,59.7,195.9,35.8,100.3,252.1,445.5,271.0,176.7,303.9,485.4,275.6,345.9,551.2,625.4,833.9,73.0,357.4,301.1,833.9,65.8,108.4,163.4,76.3,122.7,114.1,154.1,186.9,301.1,280.3,691.9,406.5,464.6,331.8,677.5,739.1,115.7,298.3,295.6,516.2,129.0,163.4,204.5,109.1,221.2,260.1,391.8,209.8,345.9,427.9,677.5,365.4,411.6,353.5,387.1,433.6,139.5,222.7,322.0,613.6,242.7,357.4,433.6,387.1,500.3,580.7,756.3,739.1,774.3,774.3,1300.0,1084.0,602.2,1204.0,1414.0,533.1,739.1,903.4,833.9,793.2,55.4,76.3,100.6,492.7,107.6,335.2,369.5,833.9,165.0,560.7,464.6,1121.0,218.2,365.4,570.5,1049.0,602.2,879.0,956.5,1121.0
live,2026-09-10-21-05,2026-09-10T10:06:41+09:00,1.0,9.0,6.7,0.0,27.0,0.0,6.7,47.8,16.2,17.7,9.3,47.0,21.2,26.9,114.2,151.0,234.2,302.0,29.0,32.1,183.6,91.4,68.7,91.0,306.0,143.4,19.5,171.3,61.2,54.2,21.6,204.9,50.4,58.5,318.8,395.8,499.0,425.1,144.3,88.9,620.4,203.1,105.3,109.8,402.7,191.3,18.8,96.8,38.5,49.3,30.2,71.7,38.5,64.1,106.2,94.0,459.1,441.4,100.6,64.6,318.8,76.2,113.6,99.8,389.0,87.6,323.3,395.8,353.1,459.1,353.1,389.0,318.8,488.4,425.1,559.9,655.9,791.6,376.3,409.9,559.9,433.1,740.5,521.7,956.5,850.2,191.3,168.7,389.0,273.2,239.1,208.6,499.0,364.3,246.8,239.1,604.1,173.9,499.0,918.2,882.9,850.2,695.6,459.1,273.2,510.1,163.9,276.5,1147.0,655.9,168.7,165.1,1147.0,521.7,260.8,204.9,588.6,283.4,1275.0,765.2,1530.0,1434.0,620.4,588.6,327.9,1434.0
live,2026-09-10-03-08,2026-09-10T14:20:51+09:00,3.2,3.9,3.2,4.8,6.5,9.7,17.0,47.8,43.6,105.4,15.3,25.4,18.8,63.7,85.9,63.2,98.7,271.1,59.4,48.8,70.9,320.4,293.7,283.6,391.6,601.8,32.2,65.2,48.8,113.1,29.1,38.6,44.0,173.7,90.0,78.0,92.0,257.0,119.7,83.3,147.7,320.4,155.1,308.4,316.3,320.4,18.2,26.8,18.4,96.3,23.4,30.5,28.9,93.4,38.3,53.7,42.7,185.5,25.6,44.6,44.8,143.4,297.2,274.1,251.7,232.7,144.2,131.2,120.9,283.6,112.6,103.6,123.9,379.6,86.8,91.7,80.1,352.5,150.4,194.2,152.3,304.6,601.8,440.6,456.9,503.5,145.1,97.1,181.4,456.9,182.7,176.2,300.9,601.8,90.0,157.1,163.4,493.5,246.7,357.6,244.3,514.0,616.8,881.2,705.0,881.2,649.3,425.4,601.8,795.9,822.5,503.5,560.7,536.4,666.8,771.0,1028.0,1072.0,771.0,1175.0,1370.0,881.2,725.7,1175.0,649.3,587.5
live,2026-09-10-04-08,2026-09-10T14:21:10+09:00,1.4,20.7,2.5,51.7,5.7,0.0,9.2,17.1,20.6,34.5,9.5,10.4,14.5,26.2,25.6,17.4,31.5,51.0,33.8,23.5,42.9,52.6,91.5,85.1,124.3,137.0,48.4,69.1,86.5,101.4,79.4,162.0,220.6,333.1,149.9,191.1,379.6,498.7,173.0,314.4,577.2,565.6,265.0,752.5,1094.0,1003.0,44.4,33.5,45.1,70.2,97.6,173.7,160.2,243.5,112.8,214.4,148.9,218.3,114.2,204.0,301.0,218.9,197.3,417.2,643.3,335.7,124.4,65.8,129.8,133.1,218.3,401.3,448.3,523.4,168.5,401.3,354.1,455.5,189.8,390.1,320.4,242.1,282.8,851.3,787.6,366.4,85.3,78.4,167.2,169.9,143.8,276.3,492.8,536.8,152.1,289.6,468.2,720.3,282.8,554.4,536.8,492.8,510.8,906.2,851.3,877.9,390.1,322.9,468.2,589.3,593.5,1123.0,1428.0,1359.0,526.7,1066.0,834.4,1257.0,766.2,1404.0,1359.0,1620.0,957.7,1404.0,1532.0,1620.0
live,2026-09-10-05-08,2026-09-10T14:21:29+09:00,1.0,0.0,0.0,38.2,0.0,0.0,8.2,20.5,29.2,94.1,6.3,18.1,12.2,75.2,56.5,49.5,103.1,195.0,60.8,35.7,87.0,234.5,183.9,165.1,317.3,294.3,29.4,63.7,91.4,117.2,29.4,149.8,66.3,415.0,149.8,174.0,305.4,359.7,221.7,77.0,505.8,505.8,462.4,809.3,899.2,735.7,12.9,32.5,20.5,75.6,26.9,67.7,70.3,183.9,64.4,130.5,129.4,330.3,42.2,58.0,160.2,299.7,425.9,952.1,359.7,674.4,174.0,155.6,183.9,279.0,195.0,231.2,294.3,283.9,157.1,274.3,195.0,289.0,269.7,269.7,195.0,522.1,539.5,505.8,578.1,851.9,148.5,62.4,279.0,330.3,197.4,265.3,425.9,449.6,95.2,330.3,462.4,674.4,323.7,622.5,415.0,476.0,622.5,770.8,735.7,1156.0,703.7,505.8,770.8,851.9,1471.0,1348.0,952.1,1079.0,735.7,558.1,1156.0,1348.0,851.9,1011.0,1156.0,1348.0,770.8,1011.0,952.1,2312.0
live,2026-09-10-14-12,2026-09-10T14:21:50+09:00,1.3,6.6,4.0,10.2,25.1,25.1,6.3,14.2,27.2,53.9,5.8,8.0,13.3,38.7,27.5,24.6,46.4,75.8,55.5,43.5,79.9,136.3,236.9,195.2,250.4,293.7,39.7,83.1,129.5,250.0,60.1,177.3,226.4,510.5,231.0,294.1,547.0,797.3,465.6,404.9,805.1,1186.0,1075.0,1311.0,1966.0,2107.0,18.2,22.8,30.5,79.4,45.9,101.9,137.6,312.1,70.1,128.3,127.8,226.6,102.2,185.2,199.4,356.9,439.8,684.9,625.8,802.0,125.0,101.9,139.8,251.3,268.9,347.3,464.6,670.5,169.1,327.0,328.3,565.7,196.5,330.4,302.1,333.0,672.6,886.3,934.4,746.8,278.3,191.3,323.1,532.2,558.9,460.4,956.0,1315.0,264.0,441.7,722.0,1290.0,407.7,652.4,608.2,655.6,1429.0,1811.0,1885.0,1464.0,1501.0,1119.0,1765.0,2401.0,2220.0,2173.0,3252.0,3655.0,1323.0,2307.0,2630.0,2809.0,3014.0,3530.0,3330.0,2717.0,3591.0,4214.0,3560.0,3129.0
live,2026-09-10-01-09,2026-09-10T18:49:59+09:00,1.3,9.7,4.8,9.7,0.0,4.8,18.8,22.1,35.4,27.8,24.7,20.3,24.8,27.7,28.4,28.5,24.8,22.1,49.3,40.6,39.9,48.2,45.3,39.6,24.2,62.6,46.8,48.5,55.9,55.4,148.1,204.0,302.5,343.3,166.3,273.8,237.7,296.3,214.1,263.7,260.6,455.3,217.3,508.9,475.4,460.2,73.9,78.6,75.5,74.0,129.9,133.9,182.5,300.4,169.6,272.0,168.9,255.9,144.6,203.1,145.1,325.2,149.6,428.3,346.0,592.6,63.9,106.2,49.5,58.0,164.4,233.8,172.3,178.0,173.7,286.5,185.6,245.8,58.6,143.7,133.5,96.1,120.8,228.8,239.0,173.0,118.2,120.5,97.4,107.0,228.8,284.6,243.0,357.5,210.0,346.0,260.6,475.4,120.1,194.8,214.1,163.2,195.7,343.3,393.2,265.4,64.4,76.5,73.4,108.4,162.6,325.2,337.9,508.9,167.0,420.0,318.0,348.8,169.6,389.7,335.3,145.6,175.8,412.0,408.1,197.5
live,2026-09-10-20-09,2026-09-10T18:50:21+09:00,1.2,7.9,10.1,3.3,27.9,111.7,14.8,7.9,47.9,179.1,27.5,20.2,90.4,304.6,7.2,14.5,33.6,123.5,131.1,186.1,152.3,541.8,404.4,580.1,478.5,671.7,32.0,14.8,76.6,317.2,73.5,82.0,311.2,998.8,18.6,47.6,87.2,381.6,248.0,627.6,319.9,1148.0,1025.0,1552.0,1472.0,1335.0,137.3,91.5,266.5,709.0,142.1,137.0,416.1,549.5,123.9,137.0,240.2,750.7,592.0,863.6,595.1,1262.0,1980.0,1617.0,1491.0,2344.0,10.5,23.5,34.8,138.0,17.4,29.9,55.8,221.7,59.5,61.4,115.2,350.1,54.4,62.3,117.3,185.8,386.7,401.6,601.3,446.9,405.8,554.8,386.7,1115.0,522.1,965.2,549.5,1573.0,838.4,1351.0,941.4,2392.0,344.9,448.6,691.9,981.7,2127.0,2443.0,2252.0,2127.0,1262.0,1794.0,1640.0,2552.0,1595.0,2552.0,1980.0,2671.0,890.4,2945.0,2610.0,4102.0,1823.0,1882.0,2497.0,3190.0,2801.0,3022.0,3480.0,2871.0
live,2026-09-11-02-08,2026-09-11T14:11:29+09:00,1.8,4.3,2.5,18.7,28.1,11.2,37.3,129.0,103.1,56.9,30.2,71.2,69.7,28.2,232.5,184.2,259.7,190.4,147.1,105.7,258.7,163.8,92.8,59.1,220.1,184.2,33.0,185.9,182.0,73.4,38.4,59.0,96.5,19.8,224.9,116.7,437.2,146.4,325.0,193.4,500.7,234.3,87.0,47.2,144.3,162.5,25.1,48.7,56.8,18.9,27.6,28.1,61.0,14.3,61.5,57.3,90.1,30.0,84.0,83.5,114.5,61.4,18.9,14.1,25.2,40.8,449.9,264.2,352.7,283.5,508.9,254.4,453.2,376.3,271.1,211.1,279.6,118.4,492.7,470.3,392.9,403.1,280.9,344.9,151.0,473.9,231.6,166.9,564.4,238.8,308.9,236.9,730.4,323.3,166.9,177.9,363.1,158.8,1070.0,1349.0,564.4,646.7,403.1,459.9,283.5,496.7,147.8,89.8,307.3,304.3,179.9,84.5,308.9,363.1,63.2,56.6,100.1,137.9,580.2,585.7,202.2,713.6,602.8,608.7,269.9,940.7
live,2026-09-11-03-08,2026-09-11T14:11:50+09:00,1.0,32.2,32.2,32.2,0.0,10.7,43.9,17.2,18.6,16.6,50.8,123.2,81.6,101.0,30.2,106.4,39.6,31.3,37.9,76.7,60.0,48.9,34.6,101.7,49.4,42.6,80.7,24.6,30.7,22.4,109.7,125.4,195.1,149.4,47.6,156.0,87.8,66.5,68.1,139.0,103.2,79.3,51.4,206.5,90.6,88.3,119.0,144.8,130.0,113.2,222.9,154.3,130.0,157.8,250.8,222.9,238.1,230.2,192.4,125.4,197.8,275.4,265.0,280.9,390.2,351.2,48.6,182.4,74.7,54.2,71.3,216.1,165.2,103.2,270.1,173.4,342.6,222.9,87.2,124.3,275.4,77.6,60.5,82.6,222.9,96.8,103.2,195.1,154.3,106.4,132.5,226.5,219.5,110.6,230.2,286.6,501.7,390.2,173.4,286.6,826.3,159.6,115.1,119.0,540.3,169.2,63.8,163.3,108.9,114.2,72.0,270.1,149.4,108.9,369.6,501.7,780.4,561.9,141.9,209.6,739.3,206.5,139.0,146.3,610.7,200.6
live,2026-09-11-06-07,2026-09-11T14:12:09+09:00,1.8,3.7,2.5,0.0,7.5,0.0,62.8,90.4,71.5,238.1,48.7,51.6,12.6,190.5,116.8,103.2,110.5,193.5,57.0,18.4,105.8,275.2,263.5,334.7,229.3,442.3,131.7,269.2,247.7,427.1,233.7,122.6,89.7,387.0,302.1,206.4,165.1,589.8,309.6,151.0,294.9,458.7,619.3,344.0,427.1,275.2,30.8,52.0,8.0,162.9,75.5,70.7,27.8,209.9,93.8,114.6,37.5,263.5,8.0,17.4,24.4,44.8,538.5,309.6,344.0,263.5,258.0,258.0,142.3,263.5,344.0,242.8,247.7,139.1,213.5,309.6,145.7,516.0,225.2,442.3,158.7,399.5,364.3,77.4,563.0,688.1,70.7,17.9,96.0,182.1,102.3,92.4,116.8,252.7,17.6,32.5,40.0,190.5,151.0,95.2,114.6,344.0,458.7,387.0,495.4,589.8,728.6,364.3,476.3,688.1,1376.0,563.0,563.0,774.1,774.1,825.7,688.1,619.3,495.4,884.7,476.3,589.8,774.1,1238.0,825.7,825.7
live,2026-09-11-16-08,2026-09-11T14:12:30+09:00,1.0,10.5,0.0,10.5,0.0,7.0,71.5,64.2,128.5,94.0,35.5,25.2,32.7,31.1,59.7,20.9,31.6,25.0,112.8,105.8,43.4,120.9,43.9,39.3,40.9,184.7,147.2,178.2,191.6,483.7,230.8,216.1,362.8,597.5,55.5,274.5,290.2,406.3,53.1,483.7,483.7,461.7,677.2,564.3,390.7,406.3,54.9,50.2,47.6,48.3,184.7,78.1,76.3,100.5,59.7,80.6,76.9,68.6,70.5,100.5,120.9,184.7,108.0,362.8,211.6,290.2,73.0,30.4,30.6,35.0,106.9,230.8,141.0,161.2,58.0,216.1,53.4,149.3,29.0,82.5,49.3,24.3,63.4,133.6,116.7,50.0,49.0,156.2,119.5,104.7,327.7,534.6,406.3,307.8,274.5,362.8,143.0,253.9,73.6,153.9,126.9,65.5,141.0,260.4,298.7,94.9,376.2,81.2,145.1,274.5,725.6,376.2,376.2,846.5,137.2,507.9,274.5,483.7,161.2,406.3,230.8,191.6,274.5,597.5,338.6,207.3
live,2026-09-11-24-08,2026-09-11T18:37:01+09:00,1.3,3.8,5.0,9.5,105.0,26.2,11.8,14.4,29.3,23.5,15.0,11.6,23.5,21.1,26.6,22.7,39.5,31.2,56.8,57.5,73.6,78.2,72.8,59.7,71.0,120.8,44.3,52.0,89.1,84.4,69.0,77.2,129.2,125.9,112.8,121.5,240.2,183.8,237.0,258.0,343.9,344.4,253.0,258.8,297.1,437.8,37.8,29.6,44.0,54.0,80.3,67.0,122.7,111.2,48.5,79.3,73.1,57.1,104.0,122.6,142.0,152.5,145.9,183.2,117.8,180.0,125.0,99.9,170.7,145.0,236.3,227.6,444.9,324.5,116.3,177.5,215.8,144.4,299.7,456.4,286.1,238.6,272.8,357.9,199.8,340.6,364.7,287.8,456.4,480.4,504.0,490.9,804.4,552.4,257.5,515.5,567.7,592.2,626.8,914.6,608.2,674.7,541.5,828.7,697.6,735.0,251.7,244.0,310.6,496.9,453.1,461.6,599.4,911.2,385.8,540.3,368.0,720.0,557.4,715.8,397.6,611.2,743.8,995.8,713.7,801.8
live,2026-09-12-10-05,2026-09-12T10:09:44+09:00,1.5,30.0,15.0,2.3,30.0,7.5,11.4,21.9,62.5,13.5,11.6,16.8,43.1,8.6,37.8,34.7,97.3,28.1,122.5,113.2,118.0,114.9,17.3,13.1,29.5,69.9,51.8,82.2,120.9,49.4,98.2,315.5,494.3,193.4,214.9,415.8,717.6,386.9,423.7,767.1,1034.0,706.2,128.9,205.0,415.8,754.1,45.4,60.5,101.5,31.1,99.3,198.6,264.8,129.7,146.3,272.9,664.1,218.1,278.0,386.9,570.4,415.8,60.7,132.8,175.8,350.3,166.6,162.3,300.6,132.0,311.1,626.6,644.8,380.3,225.8,488.9,717.6,324.7,478.4,1034.0,1534.0,664.1,213.9,404.5,355.9,440.5,444.9,473.3,988.7,601.2,809.0,767.1,1435.0,729.4,635.6,794.5,1779.0,967.2,1235.0,2224.0,2224.0,1034.0,767.1,1202.0,1348.0,1534.0,45.1,32.6,89.8,189.3,111.2,82.0,380.3,593.2,67.9,81.4,222.4,458.7,220.2,393.7,290.8,664.1,463.4,872.4,654.3,609.5
live,2026-09-12-02-08,2026-09-12T14:07:23+09:00,5.3,6.1,26.5,39.7,1.0,0.0,60.9,94.5,19.0,53.8,111.6,249.1,92.8,235.5,226.2,389.5,148.4,315.9,17.9,49.7,83.0,36.0,120.7,321.8,259.0,95.6,92.6,91.3,25.1,59.3,145.1,238.7,94.2,247.9,141.5,225.2,89.3,165.0,18.6,51.0,48.1,21.7,104.2,255.2,229.2,61.3,221.4,278.5,176.8,343.1,95.4,86.6,153.3,222.3,71.5,60.1,471.0,138.5,178.0,173.8,370.1,317.8,773.3,809.6,925.2,588.8,503.0,575.7,263.0,551.2,347.7,551.2,206.4,345.4,690.8,835.7,484.2,709.8,245.5,239.8,424.7,256.5,539.7,493.4,909.0,458.5,15.2,38.6,74.2,26.5,13.9,30.3,44.4,14.8,72.4,59.1,149.3,112.1,164.4,117.7,157.9,146.7,27.3,20.0,68.5,85.0,292.7,822.4,797.1,229.2,357.3,719.6,401.6,122.2,1263.0,518.1,863.6,681.7,1036.0,809.6,1328.0,523.3,197.7,97.0,475.3,246.7
live,2026-09-12-10-12,2026-09-12T14:07:45+09:00,1.1,36.1,36.1,2.6,28.9,28.9,10.3,11.7,23.9,41.4,18.5,12.6,14.8,37.3,19.0,15.4,16.8,26.2,36.1,32.1,30.5,33.7,106.9,104.7,84.4,87.3,66.3,54.2,67.5,107.3,147.3,290.9,354.9,584.8,147.1,409.4,324.7,475.6,192.0,421.4,398.0,498.4,359.3,939.6,924.4,1061.0,95.2,62.3,54.3,100.0,217.9,283.7,297.7,466.0,150.2,263.5,199.7,292.4,153.8,304.8,225.2,329.4,502.7,947.4,868.4,725.5,83.7,86.9,54.3,63.0,162.1,321.1,194.6,242.8,197.6,419.9,291.6,354.9,76.9,132.5,206.1,83.2,183.7,314.0,398.0,129.9,124.8,136.7,106.8,109.9,234.9,424.5,267.8,251.9,271.0,651.3,483.7,507.2,127.9,219.1,366.2,116.0,269.7,494.1,559.2,254.7,483.7,543.3,367.4,375.8,895.6,1246.0,1102.0,1398.0,1219.0,1432.0,1206.0,1348.0,570.3,1005.0,1364.0,483.7,581.9,1259.0,1288.0,464.1
live,2026-09-12-17-08,2026-09-12T14:08:06+09:00,1.9,6.7,3.3,0.0,6.7,4.5,11.0,17.1,58.4,169.5,6.7,4.5,16.1,126.2,20.4,11.4,22.8,213.4,101.1,53.7,120.0,596.3,352.9,230.5,557.8,1017.0,57.0,62.6,154.3,524.0,74.8,164.6,240.1,720.5,218.8,240.1,467.3,720.5,283.4,283.4,617.5,1152.0,786.0,576.4,1330.0,1729.0,24.8,19.5,36.4,233.6,70.2,110.8,140.5,402.1,44.5,76.5,106.0,254.3,93.9,124.4,205.8,421.7,1080.0,1330.0,751.8,786.0,140.5,67.8,153.0,411.7,288.2,254.3,384.2,326.2,73.5,146.5,164.6,432.3,210.8,258.1,274.4,411.7,910.1,720.5,786.0,823.4,227.5,183.9,233.6,540.3,432.3,298.1,640.4,720.5,176.4,243.5,360.2,421.7,402.1,617.5,494.0,508.6,910.1,1017.0,540.3,576.4,432.3,823.4,910.1,1729.0,823.4,864.6,1729.0,1921.0,910.1,1080.0,1017.0,1729.0,2470.0,1441.0,1729.0,910.1,3458.0,2882.0,1921.0,786.0
live,2026-09-12-18-08,2026-09-12T14:08:28+09:00,1.4,10.8,21.7,2.7,10.8,21.7,11.4,14.3,26.6,25.1,22.8,21.9,34.3,37.9,18.3,12.2,23.8,27.4,55.1,61.9,52.7,69.7,75.2,80.0,71.0,96.3,65.8,44.2,76.3,96.8,147.4,116.3,178.5,224.6,79.1,147.8,103.3,118.8,197.3,213.0,182.7,185.5,259.5,359.1,260.6,227.9,107.4,85.8,102.4,118.8,211.5,155.6,203.2,202.5,167.8,199.2,272.1,258.5,227.1,265.1,295.6,359.1,345.1,388.5,435.0,523.5,42.4,93.1,38.6,57.8,75.2,122.5,88.2,95.9,185.5,223.0,252.1,204.5,56.1,66.0,156.0,44.5,110.1,110.3,212.3,75.2,154.0,155.2,117.2,169.2,262.9,353.0,260.6,183.3,323.4,447.6,636.9,636.9,141.3,225.4,429.0,169.2,288.7,257.4,588.4,305.8,304.3,391.0,454.2,599.8,664.3,710.1,510.5,332.1,657.2,792.0,744.3,1029.0,502.2,396.0,726.8,381.3,510.5,343.2,996.4,523.5
live,2026-09-12-12-08,2026-09-12T18:12:54+09:00,1.0,10.0,90.7,7.5,45.3,90.7,31.8,9.6,79.7,27.2,62.6,60.0,93.9,92.8,13.8,47.6,34.0,19.6,117.7,107.0,96.9,134.3,47.7,112.4,40.8,157.5,77.4,29.0,143.9,51.3,140.9,132.9,283.8,342.0,30.9,101.8,116.0,32.8,315.1,435.0,258.2,360.5,114.0,384.8,67.8,348.0,142.9,122.0,115.0,170.3,261.5,146.6,325.4,325.4,185.2,145.5,261.5,285.8,175.5,336.3,277.9,460.0,388.5,439.8,317.6,488.1,20.9,78.3,48.8,23.6,30.8,105.8,78.4,24.9,181.9,222.3,317.6,232.7,88.9,108.1,211.7,63.3,35.2,29.6,168.8,78.3,238.2,181.1,176.3,203.1,571.7,645.5,336.3,357.3,292.1,769.7,396.2,727.7,247.0,342.0,425.7,247.0,248.5,330.7,320.1,228.7,82.6,370.5,85.7,303.2,164.0,513.1,95.0,548.2,563.7,755.1,506.6,909.6,116.6,73.4,430.3,250.1,384.8,533.6,833.8,315.1
live,2026-09-13-21-04,2026-09-13T09:50:27+09:00,1.0,0.0,9.1,0.0,18.3,36.7,10.1,29.1,19.5,33.3,5.2,26.9,6.5,14.8,58.1,65.8,82.4,96.0,23.5,15.5,60.5,21.1,54.8,34.7,129.0,37.3,107.8,149.9,151.4,258.1,159.0,449.9,366.2,715.7,262.4,749.8,449.9,605.6,262.4,492.0,787.3,749.8,543.0,787.3,926.2,874.8,100.2,120.2,47.4,77.9,201.8,207.1,215.7,414.3,249.9,271.5,749.8,543.0,93.1,185.2,335.0,218.7,196.8,749.8,749.8,271.5,335.0,281.1,209.9,281.1,524.9,874.8,562.3,984.1,228.2,562.3,403.7,393.6,199.3,302.8,271.5,276.2,629.8,1049.0,1211.0,1124.0,135.7,85.1,196.8,95.4,276.2,266.8,291.6,437.4,104.2,357.8,629.8,155.9,425.5,543.0,828.7,874.8,116.6,507.9,181.0,715.7,291.6,199.3,787.3,235.0,629.8,414.3,425.5,1211.0,224.9,414.3,583.2,328.0,1312.0,874.8,1211.0,1574.0,246.0,656.1,414.3,926.2
live,2026-09-13-02-08,2026-09-13T14:07:42+09:00,1.1,20.2,15.1,8.6,10.1,10.1,28.6,49.3,17.0,15.6,21.0,47.6,18.7,18.8,86.5,94.5,82.9,54.6,21.7,28.2,71.8,13.3,17.6,26.1,58.3,19.4,93.4,89.0,63.5,59.1,104.2,256.2,328.2,233.6,317.7,409.4,405.2,446.2,163.4,393.2,333.7,215.8,143.3,303.1,436.4,233.6,68.4,103.6,41.0,37.7,166.8,210.1,257.8,204.7,229.5,275.7,275.7,345.3,83.9,229.5,226.9,95.4,91.0,305.4,307.8,130.2,328.2,268.3,207.9,190.0,584.0,567.3,371.1,451.2,393.2,651.0,381.8,451.2,245.1,364.3,348.3,155.7,285.7,551.5,529.5,177.2,96.1,92.5,215.8,47.4,156.3,381.8,490.2,190.0,143.8,559.3,461.7,211.2,328.2,472.7,584.0,217.0,52.9,162.0,159.4,165.4,72.8,86.1,159.4,45.8,147.6,367.7,529.5,279.6,158.8,422.4,567.3,264.7,522.5,735.4,945.5,287.7,63.9,232.2,243.6,195.6
live,2026-09-13-10-12,2026-09-13T14:08:02+09:00,1.1,12.6,0.0,4.2,8.8,17.7,11.1,6.4,22.3,26.1,21.6,16.7,47.7,52.7,9.8,19.1,23.7,22.3,47.7,87.1,54.4,87.1,81.6,130.9,67.1,162.6,62.5,29.6,65.8,86.3,188.0,241.4,500.9,435.9,69.1,227.8,196.7,191.1,178.4,823.0,283.0,433.6,267.0,849.0,466.2,530.6,123.5,123.3,180.4,237.2,248.1,264.4,415.7,593.0,209.5,336.0,572.0,544.9,389.6,666.5,720.1,876.7,650.4,983.6,823.0,1075.0,30.5,90.6,41.8,46.3,58.8,180.4,76.3,96.2,207.3,337.4,391.5,405.3,60.6,66.0,277.1,73.0,93.4,104.2,329.2,101.8,173.0,460.9,153.9,228.4,291.1,672.1,285.0,429.0,1020.0,1008.0,1061.0,1415.0,174.2,219.7,726.6,224.6,468.9,576.1,1089.0,415.7,413.6,530.6,325.2,588.7,556.2,768.1,513.7,876.7,995.7,1415.0,1613.0,1415.0,350.6,746.8,1390.0,655.7,689.3,1222.0,1833.0,739.9
live,2026-09-13-18-08,2026-09-13T14:08:23+09:00,1.2,4.5,11.2,5.6,22.5,33.7,7.6,6.4,15.2,29.7,13.4,16.4,28.1,47.4,13.0,23.6,28.1,34.8,31.9,44.6,52.9,93.0,131.2,156.2,130.4,204.7,31.0,27.2,54.8,87.4,72.8,136.4,157.3,239.9,88.2,177.7,269.5,194.7,191.0,256.2,359.3,412.3,427.5,623.6,465.8,920.2,56.2,65.1,92.2,135.8,96.3,149.7,165.6,220.0,133.7,195.2,207.5,207.0,244.6,235.8,327.3,289.6,491.6,584.9,527.6,464.3,71.3,122.5,117.3,122.2,124.0,269.9,321.7,266.1,247.8,339.9,371.7,436.1,180.0,288.5,355.1,304.8,262.4,344.5,664.8,451.8,173.6,198.5,251.5,297.6,357.6,449.1,580.4,399.2,506.4,576.0,781.9,914.6,396.1,777.9,729.0,736.2,1070.0,843.1,1268.0,1143.0,589.5,725.5,573.8,1012.0,777.9,852.6,790.1,1109.0,961.2,999.4,949.1,1289.0,639.4,732.6,1109.0,1217.0,955.2,1048.0,1207.0,1085.0
live,2026-09-13-22-06,2026-09-13T14:08:44+09:00,1.0,8.2,0.0,0.0,0.0,16.5,7.4,10.9,4.2,47.2,23.8,38.4,28.3,152.6,33.5,90.8,31.6,170.8,8.8,23.8,22.9,64.6,206.9,232.8,344.9,221.7,31.8,47.8,20.0,86.2,111.5,175.7,151.4,846.6,182.6,388.0,277.9,380.1,65.8,152.6,202.4,665.1,547.8,1330.0,745.0,1330.0,73.0,90.4,63.5,886.9,184.4,227.1,227.1,423.3,388.0,358.1,477.5,1432.0,202.4,196.0,372.5,642.2,886.9,1034.0,776.0,1241.0,190.0,365.2,172.4,642.2,295.6,413.9,338.6,490.1,503.3,620.8,689.8,1693.0,266.0,380.1,716.3,776.0,295.6,1095.0,3725.0,2328.0,41.2,66.7,69.4,125.8,81.6,170.8,177.3,465.6,315.6,338.6,490.1,886.9,326.7,547.8,809.8,1432.0,776.0,1095.0,1164.0,1432.0,532.1,980.2,1552.0,809.8,886.9,3104.0,1432.0,3104.0,1432.0,1552.0,1693.0,2660.0,2069.0,1552.0,3725.0,3104.0,931.2,2069.0,3104.0,2328.0
live,2026-09-13-12-10,2026-09-13T19:10:31+09:00,1.7,3.4,4.3,17.2,5.7,0.0,11.3,10.7,7.0,21.9,40.0,63.6,50.4,79.4,34.5,80.3,39.1,80.4,15.8,45.8,44.7,54.6,73.9,129.9,146.1,146.6,38.7,26.4,18.2,41.7,89.4,128.4,146.1,235.3,52.9,124.0,78.7,75.3,39.1,147.6,87.9,106.9,210.3,356.9,152.7,179.9,111.6,133.1,108.0,164.9,179.2,187.7,202.5,334.9,183.7,201.6,388.8,351.1,174.8,259.2,320.2,345.6,322.5,340.2,334.9,483.8,111.6,206.3,120.2,161.8,133.1,260.7,143.7,172.8,286.4,388.8,435.4,418.7,156.6,178.4,251.7,154.4,275.6,260.7,453.6,226.8,55.9,158.3,109.1,112.2,62.9,246.0,153.8,120.6,317.8,372.1,448.9,410.8,126.9,172.8,372.1,159.5,329.9,230.4,478.5,292.2,320.2,494.8,458.3,448.9,622.1,791.7,375.4,422.7,659.8,691.2,489.2,967.7,713.8,422.7,738.0,518.4,439.8,580.6,926.5,463.2
live,2026-09-13-19-09,2026-09-13T19:10:54+09:00,1.1,13.1,8.7,8.2,10.5,13.1,7.2,10.2,45.4,12.6,9.5,11.3,46.5,11.8,18.9,20.2,79.2,18.2,129.3,131.8,146.7,123.4,26.8,26.3,29.7,106.1,49.5,60.8,191.9,74.4,96.2,183.0,550.6,286.2,166.5,269.2,582.1,244.4,668.0,1053.0,898.8,1260.0,233.2,449.4,407.4,933.1,69.8,83.3,228.4,95.2,140.3,257.8,646.7,350.2,160.4,298.8,636.6,258.4,736.4,1091.0,898.8,1314.0,224.7,436.5,328.6,1053.0,71.3,78.8,216.7,52.5,110.7,186.3,496.9,149.6,134.3,329.4,740.8,222.2,333.0,550.6,698.5,313.4,78.7,186.9,195.2,298.1,509.3,550.6,517.9,503.0,970.1,1373.0,1101.0,892.2,1111.0,1587.0,1880.0,1528.0,854.8,1101.0,1405.0,1035.0,919.1,1091.0,1509.0,1343.0,194.6,204.7,189.8,866.9,364.9,898.8,584.8,1674.0,420.0,940.3,698.5,1438.0,247.9,501.0,605.1,1111.0,1472.0,2144.0,2263.0,1405.0
live,2026-09-14-10-05,2026-09-14T10:03:50+09:00,4.0,2.4,3.0,6.0,6.0,0.0,50.0,27.8,73.3,92.9,56.4,55.4,68.7,111.8,86.8,82.5,101.5,150.0,68.7,74.1,88.0,227.6,173.7,157.1,200.0,412.5,64.7,68.0,80.5,46.4,70.9,45.5,35.3,95.6,106.4,82.5,70.9,140.4,108.2,51.1,92.9,183.3,471.5,264.0,347.4,471.5,55.9,37.2,34.2,146.7,83.5,34.9,27.7,84.6,68.7,47.8,24.3,67.3,45.2,23.0,20.8,54.1,366.7,244.5,146.7,183.3,132.0,143.5,100.0,194.1,244.5,106.4,84.6,169.2,143.5,91.6,48.5,124.5,124.5,86.8,60.5,122.2,412.5,388.3,244.5,275.0,98.5,101.5,126.9,161.0,122.2,45.8,64.7,108.2,89.2,37.9,34.3,113.8,113.8,79.5,51.1,97.0,314.3,314.3,188.6,173.7,550.1,412.5,660.1,550.1,733.5,471.5,550.1,943.0,366.7,212.9,244.5,550.1,733.5,471.5,314.3,388.3,733.5,660.1,660.1,330.0
live,2026-09-14-04-08,2026-09-14T14:19:10+09:00,22.7,8.5,2.7,2.2,2.9,68.2,31.3,54.4,62.0,182.4,21.1,14.2,11.9,63.3,52.9,27.1,22.5,157.6,52.2,20.2,25.1,154.8,258.0,319.3,381.2,375.6,45.6,99.7,56.3,268.8,61.2,134.4,67.0,340.6,143.5,141.1,155.7,456.1,198.0,209.3,300.5,375.6,327.5,393.0,709.5,580.5,43.4,24.3,18.9,119.9,102.5,87.7,91.5,198.0,33.6,101.7,27.4,124.0,38.5,98.6,42.3,179.8,323.3,323.3,232.2,425.7,96.0,60.5,42.7,202.7,162.7,177.3,140.3,323.3,67.7,155.7,54.7,222.1,47.5,163.7,59.2,168.0,399.1,349.9,532.1,543.5,99.7,54.9,54.8,234.3,182.4,232.2,319.3,399.1,65.6,179.8,76.4,283.8,90.2,248.0,80.8,234.3,638.6,623.0,432.9,567.6,481.9,555.3,1021.0,1596.0,798.2,946.1,1502.0,1161.0,1064.0,946.1,638.6,982.5,1110.0,1703.0,594.0,946.1,1216.0,880.8,1110.0,1110.0
live,2026-09-14-06-07,2026-09-14T14:19:31+09:00,1.0,11.6,0.0,0.0,0.0,7.7,14.2,11.8,48.7,5.7,34.8,52.9,82.5,26.4,27.0,65.0,119.0,23.3,125.5,116.0,119.0,81.1,8.2,16.9,18.2,51.4,129.1,130.9,213.1,38.0,277.7,316.0,416.6,172.9,241.2,316.0,482.4,223.5,316.0,458.3,611.1,269.6,64.5,229.1,235.0,277.7,150.2,116.0,130.9,96.4,241.2,163.6,235.0,150.2,169.7,305.5,223.5,416.6,218.2,352.5,199.2,277.7,125.5,241.2,381.9,509.2,241.2,327.3,229.1,123.8,277.7,305.5,398.5,203.7,286.4,705.1,482.4,482.4,366.6,398.5,339.5,398.5,261.9,277.7,327.3,654.7,416.6,327.3,176.2,316.0,381.9,654.7,352.5,261.9,352.5,1018.0,269.6,654.7,572.9,763.8,539.2,398.5,316.0,218.2,458.3,381.9,25.7,54.8,63.6,125.5,56.9,172.9,147.8,286.4,235.0,203.7,436.5,572.9,195.0,179.7,229.1,482.4,436.5,261.9,398.5,416.6
live,2026-09-14-11-09,2026-09-14T14:19:53+09:00,2.7,0.0,0.0,6.7,13.5,1.3,28.2,44.5,64.1,99.2,28.7,8.1,44.2,43.1,43.1,15.7,32.2,80.9,64.9,63.3,70.1,181.4,146.1,122.3,122.3,194.8,109.6,138.4,263.0,263.0,131.5,84.8,239.1,438.4,146.1,194.8,478.2,584.5,438.4,438.4,404.7,276.9,276.9,584.5,657.6,350.7,25.4,9.0,41.1,30.5,75.1,61.1,142.1,164.4,14.2,37.0,61.1,32.0,75.1,239.1,111.9,142.1,107.3,309.4,93.9,276.9,83.5,33.5,131.5,107.3,142.1,62.6,228.7,138.4,31.6,103.1,101.1,76.2,210.4,350.7,138.4,202.3,309.4,478.2,228.7,478.2,164.4,263.0,175.3,146.1,375.8,375.8,239.1,328.8,309.4,350.7,228.7,263.0,328.8,876.8,219.2,239.1,657.6,478.2,404.7,438.4,239.1,276.9,478.2,751.6,350.7,1753.0,657.6,876.8,526.1,1052.0,150.3,1315.0,657.6,438.4,404.7,876.8,2630.0,1315.0,1052.0,2630.0
live,2026-09-14-21-12,2026-09-14T14:20:13+09:00,1.0,6.1,21.6,9.2,32.4,32.4,5.9,6.6,9.1,33.5,11.9,17.1,21.7,70.2,13.2,23.7,22.9,53.0,26.8,38.1,42.5,64.0,115.6,165.4,180.5,179.2,34.4,31.7,38.3,88.5,106.9,211.6,261.6,434.8,114.2,271.8,233.1,358.5,164.6,348.4,348.4,448.0,448.9,853.1,752.2,830.8,84.5,98.6,109.4,261.0,163.9,314.0,333.3,636.1,184.7,284.3,273.2,417.7,314.9,509.5,521.4,709.1,916.3,1080.0,905.1,989.6,94.1,140.2,117.8,281.4,151.1,368.6,254.4,459.0,189.0,454.4,423.3,628.9,191.2,302.5,525.1,356.2,569.4,674.7,1021.0,739.7,160.6,245.7,263.8,355.6,233.6,448.9,410.0,558.0,547.0,773.1,803.8,1107.0,388.5,573.8,815.6,747.1,943.4,963.9,818.6,1045.0,666.6,1102.0,1374.0,1535.0,1060.0,1455.0,1726.0,1374.0,1265.0,1418.0,1557.0,1970.0,1781.0,1903.0,1953.0,1953.0,1726.0,1753.0,1936.0,2042.0
live,2026-09-14-12-11,2026-09-14T19:43:39+09:00,1.0,11.2,11.2,22.5,11.2,0.0,6.6,19.1,8.3,43.3,10.8,28.8,11.0,41.2,40.5,52.9,44.4,78.2,15.4,20.2,46.1,44.6,121.8,116.3,150.6,119.4,31.3,80.7,38.9,134.3,69.9,231.9,120.0,315.0,284.0,442.6,538.4,627.3,111.3,192.4,445.3,379.7,550.7,693.7,775.8,767.5,32.9,89.2,30.0,107.2,79.1,173.4,113.2,230.5,206.1,250.5,292.1,299.3,71.4,121.2,273.2,266.2,355.4,601.2,596.2,504.5,194.4,212.8,185.9,268.2,281.8,353.6,360.7,259.5,348.5,445.3,417.0,323.5,315.0,487.5,559.3,432.0,661.9,801.6,751.5,668.0,87.1,77.9,191.8,150.6,161.0,231.2,355.4,379.7,126.8,293.2,508.0,450.9,405.3,519.0,550.7,412.2,362.5,526.6,563.6,650.0,459.5,434.6,526.6,313.6,819.8,848.8,1127.0,1093.0,810.6,1265.0,1163.0,1076.0,1182.0,1288.0,1568.0,1288.0,728.7,962.0,1311.0,1076.0
live,2026-09-14-19-10,2026-09-14T19:43:59+09:00,1.0,7.5,13.1,105.0,8.7,17.5,7.2,91.2,10.6,34.2,7.5,102.9,7.7,23.9,201.1,267.4,239.5,295.3,11.5,11.1,131.8,22.0,67.6,66.1,370.4,57.4,41.7,322.8,56.6,198.2,70.5,459.6,110.9,496.6,897.9,757.4,826.7,1716.0,112.1,174.9,602.5,475.7,599.9,1067.0,1558.0,807.0,40.4,283.0,35.8,84.5,74.6,403.5,110.5,332.3,630.6,567.2,702.5,1084.0,73.7,109.6,507.8,239.1,269.5,391.8,1149.0,303.3,1129.0,989.6,797.5,1397.0,1442.0,874.7,1210.0,1383.0,869.1,941.5,1316.0,1653.0,1158.0,1673.0,1558.0,2607.0,2118.0,1857.0,2767.0,2711.0,36.8,35.9,261.7,47.0,87.1,128.8,429.0,140.5,79.8,132.6,597.2,163.9,783.7,1051.0,1221.0,1034.0,99.4,139.7,172.4,713.6,311.6,341.5,1291.0,312.4,482.5,608.0,1964.0,505.9,892.0,1178.0,2947.0,1120.0,3081.0,3987.0,4373.0,3664.0,375.5,469.1,544.5,2378.0
live,2026-09-15-08-01,2026-09-15T10:29:38+09:00,1.1,24.0,8.0,6.8,9.6,16.0,28.5,5.9,12.7,101.7,48.0,51.8,77.3,224.7,5.4,31.3,8.1,61.2,27.9,89.6,23.1,170.0,143.0,235.9,187.8,275.5,150.4,36.4,80.6,410.3,275.5,346.3,164.8,820.7,45.4,410.3,90.9,439.0,170.8,599.2,164.8,740.2,993.5,1258.0,943.8,898.9,255.1,186.9,264.0,650.9,405.9,359.5,510.2,726.0,377.5,629.2,786.5,968.0,517.1,803.2,650.9,1301.0,1797.0,1510.0,1301.0,1797.0,15.6,95.3,17.4,120.6,32.6,207.4,45.6,299.6,256.8,503.4,449.4,712.3,35.1,49.0,294.9,149.2,317.2,477.9,839.0,454.8,124.1,466.1,101.2,454.8,188.7,740.2,169.3,572.0,993.5,1179.0,1301.0,1573.0,106.6,157.9,820.7,439.0,1144.0,920.8,1716.0,1179.0,477.9,878.0,496.7,1301.0,1048.0,1144.0,1217.0,1641.0,2359.0,1987.0,1716.0,1797.0,1179.0,1452.0,1797.0,1301.0,1887.0,2220.0,2097.0,1348.0
live,2026-09-15-09-01,2026-09-15T10:29:59+09:00,1.0,18.3,18.3,36.7,18.3,36.7,15.6,21.2,17.4,47.4,14.8,15.7,8.5,29.8,28.0,24.2,14.4,30.2,17.2,13.7,16.1,19.3,69.6,64.9,70.5,52.2,116.6,180.0,139.2,254.9,290.6,534.4,534.4,720.3,280.8,502.0,613.6,552.3,202.0,552.3,571.3,571.3,473.4,753.1,591.7,720.3,160.8,147.9,77.0,207.1,290.6,534.4,517.7,436.0,258.8,662.7,301.2,487.3,142.8,789.0,306.8,502.0,487.3,872.0,789.0,920.5,212.4,192.6,67.6,154.8,394.5,552.3,502.0,473.4,220.9,872.0,436.0,613.6,89.5,338.1,460.2,142.8,240.1,690.3,920.5,295.8,86.7,94.1,60.9,77.4,152.0,360.1,236.7,360.1,207.1,720.3,552.3,517.7,87.6,345.1,368.2,180.0,116.6,436.0,690.3,251.0,226.9,345.1,258.8,180.0,295.8,872.0,424.8,552.3,534.4,920.5,789.0,1035.0,447.8,662.7,1104.0,534.4,207.1,502.0,920.5,385.3
live,2026-09-15-18-01,2026-09-15T10:30:20+09:00,1.0,3.9,25.5,0.0,12.7,102.0,8.2,11.8,13.5,20.4,14.0,19.6,17.0,34.8,27.3,37.5,37.8,48.8,26.4,33.2,59.2,41.2,58.6,104.7,107.7,74.0,32.5,37.4,41.2,54.6,98.5,148.7,132.9,161.7,125.9,224.3,224.3,167.4,134.9,191.1,286.1,134.5,188.3,358.7,331.1,208.8,73.5,66.2,60.0,115.4,165.2,247.7,199.5,253.2,147.9,339.8,180.4,216.2,149.1,243.0,219.4,191.1,343.7,505.1,466.0,350.4,154.8,219.4,151.1,173.5,233.6,418.5,275.6,239.8,280.7,480.9,300.3,265.9,199.5,272.3,311.7,164.6,337.3,357.3,491.3,276.4,93.1,119.9,158.3,100.2,168.3,263.5,290.7,142.8,261.3,339.8,434.6,259.8,325.2,445.3,468.4,256.8,178.3,206.8,324.0,303.4,321.7,619.2,587.0,350.4,452.0,800.1,669.7,422.4,664.8,779.4,1089.0,636.7,869.3,821.9,1039.0,814.5,405.4,414.7,684.9,627.8
live,2026-09-15-04-09,2026-09-15T14:55:09+09:00,2.2,3.1,7.8,2.6,0.0,15.7,14.0,13.4,32.5,92.6,19.1,24.9,52.0,106.4,16.1,28.6,35.9,74.5,76.5,113.0,87.2,161.4,210.8,364.0,274.2,370.7,32.0,23.1,51.0,155.8,54.7,54.7,178.4,296.3,30.4,51.9,58.1,116.1,168.0,267.9,123.1,315.9,501.1,567.7,354.5,492.0,61.1,60.0,132.0,255.3,81.5,70.5,217.0,289.9,118.0,89.3,182.4,272.4,288.9,315.9,336.8,486.1,773.2,665.4,649.4,744.8,25.5,48.3,33.9,57.9,30.2,52.2,40.9,76.3,89.4,91.7,136.9,240.1,38.6,40.4,92.5,38.7,125.4,120.9,240.1,77.1,179.2,223.0,153.1,205.5,243.8,379.3,186.2,332.7,483.2,605.8,541.2,596.9,132.8,124.7,255.3,123.7,425.0,431.8,773.2,227.4,820.0,795.9,619.7,912.2,1268.0,1027.0,820.0,1268.0,1159.0,882.4,1268.0,2255.0,676.5,688.0,1176.0,390.3,1002.0,966.5,2029.0,431.8
live,2026-09-15-06-08,2026-09-15T14:55:30+09:00,1.1,4.5,0.0,0.0,9.0,9.0,32.0,6.8,7.3,28.8,110.2,152.1,122.8,142.0,12.7,131.7,18.0,53.2,16.8,89.6,25.7,42.8,80.5,185.7,95.4,105.3,54.7,11.6,11.6,51.8,327.6,524.1,561.6,673.9,74.6,374.4,77.0,206.9,63.0,428.8,91.4,131.0,259.2,693.7,341.8,222.5,265.0,205.1,222.5,287.6,524.1,393.1,548.5,714.7,620.7,512.7,1072.0,982.8,413.8,786.2,873.6,873.6,673.9,982.8,943.5,907.2,40.5,318.7,50.4,164.9,70.4,421.2,124.1,294.8,341.8,693.7,842.4,813.3,95.8,138.7,714.7,170.9,341.8,421.2,1179.0,248.2,38.6,253.6,79.1,103.9,63.7,386.6,123.4,121.5,589.7,786.2,1241.0,1310.0,169.6,176.0,620.7,229.0,153.1,146.5,813.3,291.2,277.5,524.1,620.7,336.9,620.7,1025.0,637.5,357.3,1241.0,873.6,1965.0,1965.0,1123.0,813.3,1684.0,481.3,386.6,421.2,1310.0,512.7
live,2026-09-15-09-10,2026-09-15T14:55:48+09:00,1.0,15.9,0.0,0.0,0.0,0.0,20.5,22.6,5.7,11.9,55.5,167.5,85.0,65.7,58.5,151.0,103.0,110.5,9.7,57.3,62.3,14.7,29.3,132.3,109.4,48.9,64.5,60.9,17.2,27.3,160.0,369.6,382.9,345.8,238.2,345.8,191.4,268.0,34.4,324.8,142.9,59.5,71.0,412.3,369.6,81.8,167.5,210.2,218.8,112.8,382.9,255.2,369.6,412.3,249.3,428.8,1072.0,670.0,765.8,714.7,1072.0,357.3,466.1,1072.0,765.8,765.8,188.0,412.3,345.8,306.3,243.6,670.0,324.8,446.7,282.1,714.7,670.0,893.4,446.7,446.7,466.1,274.9,315.3,765.8,1072.0,510.5,27.4,210.2,135.7,41.7,57.3,233.0,164.9,85.7,397.0,446.7,824.7,630.6,382.9,297.8,446.7,412.3,81.8,111.6,714.7,446.7,60.2,249.3,233.0,61.6,72.9,670.0,714.7,92.4,446.7,670.0,765.8,630.6,369.6,824.7,1072.0,564.2,76.5,108.2,564.2,466.1
live,2026-09-15-11-10,2026-09-15T14:56:08+09:00,1.0,0.0,63.0,3.9,12.6,0.0,37.6,13.9,46.6,79.7,46.5,20.7,56.9,88.9,9.8,10.8,9.5,16.2,67.3,73.8,27.8,109.0,113.5,197.6,59.8,221.2,282.1,101.6,237.4,389.4,432.6,599.1,695.3,1145.0,128.5,486.7,288.4,556.3,447.6,927.1,499.2,1145.0,1081.0,1770.0,1216.0,1256.0,266.7,140.0,231.7,335.7,608.4,211.6,512.3,927.1,177.8,367.3,276.1,405.6,486.7,885.0,427.9,1180.0,811.2,1947.0,1442.0,1081.0,18.6,30.8,12.6,21.1,57.7,229.0,78.8,128.0,95.9,341.5,148.6,227.7,21.7,56.4,79.6,32.8,45.8,127.2,196.6,54.7,203.8,237.4,81.4,181.9,463.5,638.3,360.5,628.1,526.2,998.5,695.3,1342.0,81.1,236.0,350.8,132.9,499.2,927.1,973.5,389.4,540.8,660.0,427.9,905.6,1693.0,2781.0,1770.0,2290.0,2049.0,3540.0,1557.0,2995.0,492.9,998.5,1052.0,599.1,1557.0,1557.0,2049.0,846.5
live,2026-09-15-20-10,2026-09-15T19:31:40+09:00,1.2,15.7,2.9,23.6,18.9,47.2,8.1,23.9,29.0,65.7,6.9,10.5,10.9,34.4,35.7,29.4,55.3,111.7,49.8,29.5,110.3,91.3,178.9,112.8,209.3,170.0,62.1,117.1,158.9,244.0,101.9,237.9,276.5,473.2,232.1,279.3,631.0,698.2,439.1,486.7,767.4,728.1,1051.0,1120.0,1106.0,896.7,20.1,22.0,19.4,54.2,47.8,104.6,132.6,225.9,40.9,80.6,49.5,85.3,46.2,91.2,76.0,81.8,194.9,362.5,205.2,183.5,165.7,112.0,160.7,283.0,302.0,310.9,439.1,522.6,112.3,223.5,137.1,243.3,323.9,443.6,308.6,405.6,811.3,747.2,612.8,681.5,259.7,108.2,252.7,301.0,504.0,522.6,767.4,869.2,161.6,405.6,519.4,388.9,645.3,843.4,553.1,887.3,579.5,835.1,516.2,1166.0,957.1,626.3,1443.0,1216.0,1396.0,1352.0,1494.0,1607.0,811.3,1310.0,1106.0,796.1,2302.0,1851.0,1738.0,2839.0,1120.0,1166.0,811.3,2129.0
live,2026-09-16-05-01,2026-09-16T10:19:33+09:00,1.3,13.5,3.3,8.1,13.5,40.5,10.7,12.9,31.9,39.2,14.4,12.3,21.4,38.8,16.1,16.6,26.5,38.1,58.6,48.5,55.0,104.4,104.2,118.8,124.8,165.1,47.4,49.1,110.4,127.0,87.5,108.1,216.6,301.5,89.7,131.7,209.4,254.0,224.4,340.5,333.7,532.5,382.0,516.0,472.2,532.5,40.9,32.6,51.5,90.3,96.0,94.6,143.4,194.7,62.1,87.8,113.5,157.9,146.3,211.2,199.4,275.0,360.1,439.0,322.9,442.9,43.1,50.6,53.4,92.5,88.5,116.6,123.5,187.4,84.4,120.3,134.5,154.4,88.4,139.4,160.9,153.0,237.2,235.0,314.8,273.5,164.6,137.1,159.9,223.4,279.6,281.2,263.4,263.4,263.4,394.1,403.6,467.8,284.4,459.2,322.9,400.4,658.6,794.5,910.0,695.2,521.4,736.1,705.0,1021.0,834.2,910.0,1251.0,1088.0,770.0,981.4,834.2,1164.0,878.1,1001.0,1042.0,1390.0,1164.0,1352.0,1564.0,1191.0
live,2026-09-16-09-01,2026-09-16T10:19:56+09:00,1.3,4.0,6.0,12.0,12.0,0.0,5.1,69.0,16.5,16.5,4.4,59.8,11.0,18.1,84.3,129.8,186.1,219.2,33.9,34.2,186.1,69.0,40.1,49.5,209.9,88.8,25.6,197.3,71.5,78.3,58.3,411.1,137.0,161.7,580.4,704.8,897.0,493.3,114.7,259.6,897.0,365.4,170.1,266.6,704.8,365.4,26.3,65.3,38.5,54.2,72.5,129.8,182.7,219.2,234.9,308.3,657.8,493.3,101.7,197.3,365.4,229.4,161.7,219.2,519.3,469.8,246.6,154.1,365.4,548.2,411.1,759.0,548.2,759.0,197.3,493.3,469.8,580.4,897.0,897.0,1233.0,657.8,822.3,822.3,616.7,1096.0,176.2,154.1,897.0,352.4,240.6,429.0,469.8,493.3,240.6,266.6,1409.0,519.3,897.0,1409.0,1096.0,986.7,822.3,657.8,616.7,1644.0,167.2,164.4,897.0,519.3,299.0,290.2,2466.0,1096.0,246.6,657.8,616.7,657.8,2466.0,1233.0,1096.0,1409.0,493.3,1409.0,986.7,1409.0
live,2026-09-16-11-01,2026-09-16T10:20:18+09:00,5.2,1.1,5.2,0.0,0.0,10.5,25.1,42.7,93.8,47.8,47.1,54.4,83.8,70.6,66.8,87.3,104.8,86.7,125.7,187.7,187.7,190.5,85.5,100.6,103.9,146.2,80.6,64.8,98.2,45.4,95.2,41.3,133.7,49.7,99.0,58.2,112.2,56.3,147.9,172.2,199.6,87.3,76.6,79.5,65.8,81.6,83.8,71.4,151.5,87.3,110.3,40.9,139.7,45.2,80.6,44.4,76.6,21.8,190.5,155.2,114.3,122.0,93.8,80.6,30.9,110.3,93.8,107.4,127.0,72.6,138.1,83.2,109.3,60.4,123.2,82.7,81.6,31.2,132.3,103.9,96.0,53.2,87.9,56.1,28.0,59.6,251.5,322.4,279.4,196.5,359.3,251.5,267.5,241.8,359.3,237.2,232.8,216.8,314.4,359.3,251.5,165.4,339.8,285.8,213.1,157.2,131.0,179.6,165.4,209.6,202.8,142.9,131.0,190.5,169.9,103.0,45.8,169.9,206.1,123.2,56.1,127.0,306.7,174.6,172.2,133.7
live,2026-09-16-23-05,2026-09-16T10:20:40+09:00,1.0,35.2,5.0,35.2,0.0,17.6,17.1,68.4,13.6,105.0,15.0,40.8,7.8,72.6,62.8,73.4,66.9,206.0,8.7,7.1,43.5,32.0,131.0,165.8,321.6,141.5,100.1,162.0,93.0,372.3,162.0,400.5,200.2,624.3,312.1,530.6,461.4,684.7,127.8,210.1,589.6,365.9,964.8,884.4,964.8,816.4,62.6,88.0,29.7,186.1,139.6,216.5,109.4,336.9,169.8,258.8,246.8,493.6,38.6,85.2,164.5,158.4,505.3,424.5,731.9,359.7,265.3,206.0,182.9,442.2,359.7,416.2,442.2,731.9,290.7,643.2,433.1,964.8,307.6,684.7,461.4,544.2,1117.0,786.1,1415.0,1632.0,22.7,17.1,68.9,52.0,68.2,85.9,160.8,218.8,39.3,74.2,143.4,153.8,225.8,482.4,312.1,606.4,143.4,249.7,233.2,707.5,433.1,408.2,731.9,461.4,1248.0,493.6,1326.0,1061.0,849.0,849.0,2358.0,964.8,1010.0,1415.0,2122.0,2653.0,408.2,758.0,849.0,1326.0
live,2026-09-16-05-09,2026-09-16T14:24:29+09:00,1.9,3.9,9.2,3.0,13.8,13.8,9.8,9.1,19.0,26.3,17.0,19.5,28.3,41.2,15.8,26.1,27.8,37.4,40.4,55.8,55.2,80.0,76.6,119.5,91.7,144.0,32.4,26.8,47.2,68.4,78.2,84.3,135.0,158.7,58.0,91.3,107.0,99.8,145.1,237.9,234.9,287.4,240.1,356.3,182.8,457.2,82.7,71.6,79.8,134.3,130.6,128.2,173.6,226.5,159.7,159.4,259.0,294.1,197.1,256.4,356.3,462.7,489.6,462.7,465.6,523.4,53.7,89.7,67.2,83.7,79.3,125.6,121.0,114.3,179.4,209.0,302.3,246.4,93.1,123.0,200.7,123.8,166.0,178.5,405.8,240.1,161.1,171.7,202.9,249.6,282.1,383.3,320.2,372.0,320.2,443.8,671.6,654.2,244.8,340.3,474.3,306.0,516.3,546.0,882.5,554.0,332.8,549.9,499.3,903.5,579.3,602.3,542.1,816.1,1149.0,716.0,1068.0,1517.0,702.7,468.5,1264.0,683.7,1116.0,1149.0,1686.0,1244.0
live,2026-09-16-08-09,2026-09-16T14:24:50+09:00,1.2,2.6,11.8,23.6,47.2,0.0,17.5,5.0,56.9,20.4,52.1,50.7,207.4,173.0,8.7,40.4,126.4,26.9,154.8,239.7,271.9,443.3,62.1,239.7,77.7,317.2,27.1,7.7,109.7,27.5,62.3,84.2,355.6,191.4,14.8,45.9,145.1,30.8,437.3,735.5,490.3,898.9,118.5,317.2,127.4,521.9,165.9,116.8,548.5,475.9,197.3,104.3,588.4,420.2,296.9,252.8,1155.0,588.4,1011.0,660.4,1043.0,1348.0,1043.0,735.5,951.8,1407.0,18.7,105.4,220.1,57.3,22.8,96.0,317.2,46.6,135.4,263.1,789.3,409.6,455.8,475.9,660.4,443.3,88.9,89.3,385.2,557.9,647.2,980.6,455.8,809.0,874.6,770.5,599.3,1155.0,829.8,809.0,2022.0,1541.0,634.5,752.6,1471.0,1078.0,1244.0,1078.0,1703.0,1078.0,202.2,634.5,359.5,951.8,299.6,770.5,371.9,980.6,1198.0,924.6,1348.0,2022.0,404.5,414.9,1155.0,1078.0,1407.0,1471.0,1703.0,1541.0
live,2026-09-16-11-09,2026-09-16T14:25:10+09:00,1.1,10.5,3.5,0.0,10.5,0.0,5.4,25.6,11.6,16.5,6.5,34.8,11.5,16.1,56.2,85.6,86.5,94.4,23.4,23.3,86.5,49.8,48.1,46.2,107.8,62.0,41.7,145.3,78.8,91.7,84.5,550.5,231.0,404.2,359.3,862.5,517.5,1035.0,203.7,410.7,739.2,528.0,431.2,663.4,1125.0,1125.0,40.1,92.7,37.1,60.8,99.9,345.0,266.7,323.4,156.8,479.1,226.9,718.7,60.0,278.2,226.9,336.0,142.9,575.0,1361.0,517.5,297.4,462.0,438.5,784.0,718.7,646.8,479.1,699.3,517.5,1035.0,517.5,1078.0,663.4,699.3,739.2,995.1,1078.0,1078.0,1990.0,1725.0,52.4,87.7,287.5,130.6,117.0,304.4,354.4,284.3,174.8,278.2,562.5,375.0,364.4,497.5,680.9,834.6,246.4,359.3,453.9,892.2,294.0,354.4,1078.0,462.0,517.5,862.5,1176.0,834.6,438.5,924.1,1293.0,892.2,1293.0,1990.0,2875.0,1990.0,539.0,892.2,924.1,2156.0
live,2026-09-16-13-09,2026-09-16T14:25:33+09:00,1.5,6.7,13.5,6.7,4.5,13.5,10.7,17.1,43.3,30.5,8.4,8.5,19.9,11.4,21.4,16.0,39.6,28.5,78.7,59.6,79.7,114.3,52.7,30.2,47.7,107.0,127.0,123.6,186.0,173.7,158.7,200.1,306.9,301.9,236.1,391.8,767.3,287.7,497.7,877.0,1674.0,837.1,497.7,800.7,575.5,1227.0,41.1,33.0,56.3,36.7,134.4,193.8,219.2,306.9,68.2,189.8,270.8,129.6,206.9,472.2,328.8,391.8,118.8,400.3,236.1,368.3,96.4,70.2,133.4,89.4,224.5,449.1,635.0,438.5,98.4,347.4,328.8,283.3,211.6,472.2,347.4,263.1,202.3,287.7,274.8,375.8,361.1,301.9,391.8,438.5,594.0,1227.0,767.3,1023.0,409.2,837.1,837.1,920.8,383.6,682.1,575.5,541.6,837.1,1083.0,837.1,613.9,132.4,87.7,172.1,347.4,375.8,682.1,472.2,877.0,108.3,460.4,236.1,613.9,361.1,428.3,511.5,708.3,438.5,1023.0,837.1,767.3
live,2026-09-16-19-09,2026-09-16T19:06:30+09:00,1.0,15.9,31.8,15.9,12.7,21.2,9.4,7.6,10.7,21.8,22.1,31.8,39.5,78.8,17.7,38.6,34.7,61.9,23.0,59.4,48.8,61.6,82.8,198.7,160.5,187.2,28.3,20.2,23.8,49.9,66.5,114.3,131.7,275.0,58.4,131.0,112.8,122.0,64.6,174.1,148.0,154.3,165.0,616.7,320.7,297.6,83.9,120.1,159.3,266.4,97.5,197.1,226.6,389.7,213.2,323.3,478.5,743.1,302.9,348.8,578.0,920.3,906.4,1359.0,1391.0,1685.0,50.3,151.2,86.2,144.3,73.7,200.0,107.0,113.0,271.3,418.3,484.3,782.0,112.9,107.5,362.5,158.8,350.8,230.5,899.5,332.3,70.2,174.4,104.8,209.1,88.1,340.8,147.5,264.7,361.4,551.3,720.7,1107.0,136.1,154.3,536.5,278.2,460.1,513.5,972.7,511.3,451.4,1005.0,988.8,797.6,316.5,1785.0,1068.0,949.5,1533.0,1734.0,1759.0,1961.0,1220.0,1161.0,1929.0,1220.0,927.4,1220.0,1709.0,1173.0
live,2026-09-17-05-01,2026-09-17T10:27:36+09:00,1.0,12.3,35.0,0.0,11.6,0.0,8.1,10.5,15.4,29.4,10.7,12.4,13.2,35.7,18.4,21.5,26.2,44.9,22.4,23.3,38.1,42.4,79.3,117.2,122.9,99.5,42.7,46.2,68.1,108.0,100.3,157.2,254.5,338.7,122.2,208.2,323.2,316.4,221.8,350.0,468.2,431.8,411.5,671.1,693.1,591.9,79.9,103.0,87.3,201.8,144.7,303.6,348.8,501.7,235.1,388.7,348.8,444.5,192.6,367.1,402.1,440.8,630.9,870.7,1064.0,741.9,129.4,176.4,128.1,150.9,210.3,374.9,419.7,446.4,305.4,487.7,598.6,521.6,171.8,397.5,478.9,227.5,264.7,658.5,829.6,369.6,78.1,101.8,107.8,88.7,160.1,384.5,501.7,355.9,228.5,462.1,612.5,519.0,189.8,474.6,566.4,383.1,179.8,347.7,534.8,545.9,394.6,399.1,595.2,557.4,585.3,885.4,1197.0,1132.0,1097.0,1053.0,1211.0,1269.0,758.0,1157.0,1269.0,1075.0,578.9,870.7,966.6,878.0
live,2026-09-17-09-01,2026-09-17T10:27:58+09:00,1.0,35.2,0.0,0.0,35.2,35.2,6.7,10.1,33.4,34.6,20.8,11.3,22.7,17.3,10.9,10.5,14.3,17.9,39.5,34.8,30.4,31.3,43.0,44.7,33.8,46.5,164.5,188.7,401.1,414.1,389.0,458.4,558.1,1167.0,298.5,267.4,675.6,534.9,377.5,916.9,987.5,2139.0,855.8,1283.0,1069.0,1604.0,180.8,69.0,136.5,103.5,414.1,513.5,513.5,987.5,158.4,755.1,641.8,475.4,298.5,611.3,802.3,475.4,442.6,641.8,675.6,1069.0,168.9,119.9,130.9,171.1,273.1,675.6,713.2,534.9,154.6,855.8,675.6,475.4,183.3,475.4,916.9,346.9,291.7,916.9,534.9,558.1,242.2,305.6,191.6,229.2,802.3,713.2,1283.0,2139.0,641.8,1167.0,1604.0,1069.0,237.7,475.4,713.2,389.0,337.8,855.8,802.3,366.7,329.1,156.5,217.5,320.9,675.6,641.8,713.2,2139.0,377.5,1426.0,558.1,1069.0,337.8,1426.0,1426.0,802.3,427.9,1426.0,1167.0,641.8
live,2026-09-17-13-01,2026-09-17T10:28:16+09:00,3.7,22.5,1.0,0.0,0.0,0.0,13.2,29.8,69.3,182.6,17.3,14.9,32.7,123.3,31.4,29.1,65.0,114.4,82.5,87.9,74.2,527.6,220.8,351.7,306.3,558.7,46.5,81.1,155.7,730.6,46.7,50.5,135.6,527.6,79.8,56.8,220.8,412.9,226.1,226.1,287.8,949.8,1187.0,1055.0,949.8,791.5,22.7,10.2,21.2,117.2,28.6,25.8,51.6,237.4,14.9,21.0,24.6,146.1,51.9,101.0,52.1,287.8,365.3,271.3,593.6,527.6,99.9,60.4,97.9,412.9,86.3,71.4,141.7,791.5,55.2,65.9,77.8,279.3,186.2,339.2,141.7,431.7,558.7,431.7,452.2,452.2,279.3,126.6,296.8,1055.0,215.8,166.6,558.7,791.5,120.2,379.9,249.9,1055.0,327.5,412.9,133.7,558.7,1356.0,1187.0,730.6,949.8,863.4,633.2,1356.0,1899.0,949.8,863.4,1187.0,678.4,633.2,949.8,863.4,1055.0,949.8,791.5,791.5,1055.0,949.8,1583.0,1356.0,1187.0
live,2026-09-17-18-01,2026-09-17T10:28:36+09:00,1.0,32.7,17.8,28.0,14.0,0.0,15.8,41.3,34.4,62.5,13.7,10.6,5.4,16.6,50.8,33.9,35.3,72.4,37.4,9.8,34.0,28.5,167.8,90.7,191.7,99.3,108.2,217.7,211.5,258.6,241.7,356.8,340.4,617.0,432.3,553.6,680.8,592.3,336.5,389.7,623.5,533.6,731.3,1184.0,911.3,1004.0,65.7,51.7,19.1,63.6,204.2,316.7,266.8,382.1,162.7,379.7,147.7,260.9,37.1,187.4,125.2,83.3,290.3,779.4,617.0,221.0,336.5,239.8,264.4,420.1,485.5,705.2,658.1,610.6,342.4,940.2,303.7,538.5,320.2,696.9,389.7,387.1,955.4,955.4,925.5,846.2,70.9,29.9,77.2,57.3,259.8,275.5,435.5,316.7,54.4,259.8,199.4,123.9,228.7,462.7,266.8,359.0,205.6,303.7,201.4,455.6,604.4,592.3,1021.0,749.8,971.1,1208.0,1096.0,1645.0,740.4,1057.0,1057.0,442.0,1316.0,1346.0,1139.0,1139.0,779.4,1260.0,553.6,673.1
live,2026-09-17-05-09,2026-09-17T14:34:27+09:00,2.3,4.7,2.7,10.0,12.5,6.2,9.1,22.6,21.6,15.2,10.6,22.7,20.1,15.3,51.9,56.5,79.7,47.2,50.3,45.4,120.9,53.7,30.7,35.6,65.9,75.7,24.0,57.1,52.9,33.6,43.5,105.4,96.5,54.0,187.6,199.5,320.0,154.4,199.9,205.9,441.6,196.7,82.3,91.1,184.6,208.2,49.5,81.1,70.6,50.3,77.3,148.5,134.2,77.3,194.2,219.7,275.8,164.8,198.2,222.4,377.1,181.5,108.8,119.2,215.2,202.1,254.7,268.6,290.5,199.2,386.5,383.3,477.9,281.2,335.6,369.6,449.1,328.5,433.4,453.5,607.6,293.7,266.0,289.6,409.5,365.3,242.1,241.4,482.9,267.1,398.1,378.6,678.6,392.2,436.4,439.5,1016.0,454.6,732.0,777.9,983.8,505.2,463.6,482.9,561.7,621.8,97.4,124.7,262.2,271.8,167.2,151.7,352.1,403.3,228.7,213.9,440.6,440.6,470.7,417.8,605.6,553.3,468.3,581.0,568.6,516.4
live,2026-09-17-18-09,2026-09-17T14:34:49+09:00,1.3,10.2,15.3,2.5,0.0,30.7,13.2,15.1,36.1,22.4,21.3,13.7,29.0,23.3,16.8,19.0,25.2,20.0,63.9,60.1,51.1,65.1,68.5,65.0,50.3,99.0,59.5,57.8,116.6,79.6,151.2,177.7,303.9,297.9,124.3,225.1,296.5,198.0,300.9,405.2,464.0,537.9,405.2,799.8,410.7,690.8,67.9,38.6,57.2,60.6,143.3,173.6,280.1,271.3,85.2,197.3,131.2,127.4,222.6,349.3,222.6,323.3,289.4,607.9,297.9,341.5,50.0,67.7,46.7,45.6,104.2,174.1,191.1,137.2,125.3,196.0,163.4,157.8,63.7,134.4,148.9,64.6,85.5,119.6,155.0,86.7,160.8,207.4,143.7,170.7,370.6,384.7,453.6,387.2,425.1,584.5,552.6,578.9,172.2,482.4,410.7,187.6,407.9,453.6,607.9,271.3,232.0,321.6,219.4,443.7,502.4,844.3,653.6,1146.0,590.1,1030.0,446.9,868.4,288.1,377.5,337.7,267.7,502.4,949.8,715.1,300.9
live,2026-09-17-22-07,2026-09-17T14:35:09+09:00,1.7,0.0,5.2,5.2,2.6,0.0,16.2,66.5,16.8,212.2,29.5,43.5,13.0,113.2,188.6,109.5,41.1,194.0,10.4,8.8,17.3,27.7,115.1,111.3,113.2,72.2,99.8,157.9,54.3,522.4,147.6,357.4,234.2,485.1,251.5,339.6,339.6,399.5,49.9,251.5,339.6,485.1,754.6,849.0,452.8,754.6,69.3,73.8,32.3,308.7,205.8,261.2,154.3,377.3,161.7,242.5,130.6,377.3,43.2,107.8,125.7,135.8,754.6,339.6,1132.0,178.7,251.5,226.4,165.6,323.4,377.3,485.1,357.4,522.4,242.5,849.0,566.0,424.5,121.2,399.5,452.8,188.6,339.6,754.6,1358.0,283.0,19.8,11.5,26.0,37.3,47.4,169.8,424.5,283.0,62.3,117.1,130.6,147.6,109.5,399.5,261.2,261.2,109.5,339.6,242.5,261.2,1358.0,849.0,970.2,251.5,1132.0,1358.0,1358.0,1698.0,1132.0,970.2,1698.0,679.2,1698.0,754.6,1698.0,1358.0,157.9,1132.0,399.5,849.0
live,2026-09-17-24-05,2026-09-17T19:22:19+09:00,2.7,13.5,1.3,9.0,27.0,0.0,29.9,85.3,105.4,102.7,25.7,24.8,82.1,66.6,113.4,51.3,141.4,90.9,129.5,161.3,190.0,228.9,220.7,177.7,221.7,274.9,70.4,128.1,237.8,200.1,59.0,28.5,61.1,67.8,151.4,55.5,221.7,161.9,492.2,224.7,435.6,615.3,512.7,199.2,263.2,793.9,27.3,16.4,53.3,52.3,28.1,15.2,33.6,34.3,17.0,11.1,20.9,12.4,112.6,68.8,52.7,88.5,114.4,73.8,37.0,99.0,251.1,74.4,208.5,208.5,396.9,86.6,264.6,230.0,63.5,46.0,85.0,58.8,523.6,439.5,187.1,354.1,313.5,359.3,129.8,381.5,439.5,307.6,507.4,546.9,647.6,410.2,647.6,806.9,460.0,428.0,317.5,615.3,879.0,757.3,354.1,769.1,1367.0,1447.0,656.3,1025.0,723.8,492.2,639.2,1330.0,879.0,321.7,546.9,1200.0,553.0,273.4,159.8,647.6,683.6,512.7,211.2,1367.0,946.6,1758.0,769.1,1230.0
live,2026-09-18-05-01,2026-09-18T10:16:25+09:00,1.1,6.3,4.7,19.1,19.1,38.2,10.7,13.3,22.4,39.2,10.2,9.2,13.9,49.5,24.7,25.2,35.4,68.2,37.7,35.4,51.7,72.3,137.5,129.3,113.5,215.0,43.2,46.4,64.4,92.2,79.5,135.2,127.8,303.4,126.3,173.6,215.0,181.3,121.1,164.8,315.2,373.1,300.6,356.7,421.6,636.6,50.4,31.5,38.8,113.1,111.5,110.8,111.1,242.3,72.6,148.2,106.8,126.3,120.6,159.1,148.2,287.3,331.3,391.1,331.3,421.6,107.8,90.6,110.4,194.4,199.1,219.3,220.8,257.6,146.2,287.3,182.4,202.9,171.7,251.6,202.9,213.6,427.2,450.9,427.2,484.6,129.8,115.5,156.0,182.4,202.9,181.3,279.8,176.4,204.2,233.5,324.6,377.5,282.3,410.9,216.4,245.9,569.6,791.9,331.3,523.6,427.2,755.0,954.9,927.6,1014.0,676.4,1014.0,1202.0,811.7,773.0,705.8,773.0,1082.0,854.4,705.8,954.9,1047.0,1202.0,721.5,690.8
live,2026-09-18-11-01,2026-09-18T10:16:45+09:00,1.0,49.5,0.0,24.7,49.5,0.0,10.8,31.3,58.4,163.7,11.1,6.3,11.1,105.9,36.6,25.7,41.7,281.5,43.1,26.0,48.6,214.4,360.3,243.4,346.4,643.4,66.7,130.5,136.4,529.8,121.7,219.7,200.1,900.8,145.2,180.1,250.2,391.6,250.2,214.4,290.5,750.6,1501.0,1126.0,692.9,1000.0,29.6,18.0,18.8,138.5,74.4,114.0,107.2,529.8,35.6,70.9,45.7,243.4,30.1,72.6,43.9,500.4,900.8,643.4,1501.0,2252.0,120.1,67.7,93.8,450.4,237.0,310.6,290.5,391.6,82.6,173.2,85.7,1000.0,109.8,147.6,145.2,1286.0,1801.0,1126.0,1501.0,1501.0,108.5,63.8,111.2,219.7,300.2,237.0,195.8,643.4,72.0,160.8,108.5,1126.0,140.7,204.7,105.9,360.3,900.8,692.9,1801.0,900.8,643.4,643.4,2252.0,1126.0,1501.0,1000.0,1801.0,1000.0,900.8,2252.0,1501.0,2252.0,1286.0,1801.0,1286.0,2252.0,1126.0,900.8,1801.0,1286.0
live,2026-09-18-23-05,2026-09-18T10:17:07+09:00,1.0,0.0,5.5,20.6,0.0,0.0,24.6,30.1,39.0,209.0,18.1,7.4,10.7,137.8,32.7,14.2,25.4,191.8,48.2,28.2,48.7,254.8,290.7,443.0,213.8,563.8,97.9,152.5,156.3,364.8,152.5,224.1,204.4,581.4,235.5,248.0,281.9,502.8,195.8,320.8,300.1,502.8,489.6,886.0,979.3,1431.0,42.8,14.2,17.5,178.9,100.5,124.0,105.1,404.4,26.2,86.9,29.3,211.4,30.7,71.5,34.2,133.8,443.0,547.2,689.1,364.8,130.1,42.0,67.9,320.8,202.2,241.6,226.9,516.8,47.1,164.6,60.6,432.7,119.2,221.5,66.6,432.7,1033.0,979.3,1094.0,1240.0,157.6,93.9,153.7,502.8,238.5,281.9,262.0,489.6,99.5,182.4,107.5,315.3,189.8,265.8,120.0,453.8,744.2,689.1,432.7,845.7,404.4,600.2,1329.0,1094.0,531.6,930.3,930.3,1431.0,775.2,1162.0,641.6,775.2,1550.0,1094.0,1162.0,1431.0,1329.0,664.5,808.9,1329.0
live,2026-09-18-03-08,2026-09-18T14:21:23+09:00,2.7,2.0,4.1,8.2,8.2,0.0,18.3,17.8,69.9,156.0,13.5,8.2,33.4,111.8,16.5,12.4,32.1,87.6,112.2,124.2,92.6,185.9,258.2,239.2,239.2,286.1,45.4,47.0,108.9,198.5,73.7,66.9,155.2,364.8,70.6,94.4,145.9,202.6,291.8,272.7,277.9,494.7,621.0,858.4,423.0,941.5,33.7,20.0,57.2,211.5,89.5,76.0,185.9,429.2,31.3,63.7,88.7,209.9,176.8,219.4,156.0,478.4,608.0,478.4,478.4,748.4,26.3,18.6,40.3,108.1,69.9,74.6,151.2,179.0,29.6,70.3,88.9,170.6,70.1,110.5,90.9,114.4,228.0,224.5,243.2,207.0,256.0,231.6,249.4,379.0,478.4,595.6,540.5,748.4,442.2,494.7,583.7,884.4,277.9,456.0,449.0,463.2,768.0,583.7,608.0,634.5,530.6,858.4,634.5,972.9,1389.0,884.4,423.0,1042.0,1389.0,1042.0,648.6,1824.0,729.6,456.0,678.7,678.7,810.7,1006.0,1167.0,561.3
live,2026-09-18-04-08,2026-09-18T14:21:43+09:00,4.1,4.8,3.2,2.9,4.8,29.2,22.7,29.4,119.0,61.1,29.8,23.3,135.1,49.3,39.6,37.2,309.9,73.0,185.3,227.5,428.0,390.7,140.9,113.4,209.0,395.0,27.7,31.0,156.3,71.4,32.3,22.0,223.3,46.7,37.1,27.4,181.5,52.3,253.1,352.4,366.8,339.1,118.6,121.8,137.2,418.0,35.6,26.7,158.3,48.1,39.7,24.8,191.2,51.1,29.0,21.6,204.2,31.4,318.1,264.3,329.8,382.4,72.9,71.6,77.9,336.0,50.0,54.3,217.9,83.0,55.7,36.8,253.1,73.5,46.9,37.5,205.4,54.1,466.9,355.9,449.4,443.8,106.6,127.4,89.4,433.1,274.4,422.9,642.0,499.3,399.4,630.7,599.2,619.8,579.8,460.9,691.4,719.0,704.9,561.7,609.3,665.8,856.0,521.0,678.3,781.5,133.1,168.7,226.1,553.1,154.3,129.3,176.2,536.6,183.4,153.6,151.7,665.8,256.8,196.4,192.2,665.8,921.8,876.9,921.8,971.7
live,2026-09-18-11-09,2026-09-18T14:22:04+09:00,1.0,0.0,0.0,9.0,0.0,9.0,11.2,9.9,25.9,20.6,17.3,13.7,22.3,38.3,15.6,21.0,20.9,16.2,55.9,54.0,59.2,51.1,37.4,65.4,37.6,66.3,59.5,55.2,138.0,106.9,120.1,184.0,309.5,324.2,118.7,276.0,392.8,276.0,304.8,928.5,619.0,498.2,170.2,371.4,291.8,408.5,85.8,84.0,116.7,189.1,116.7,144.8,234.7,283.7,168.8,182.3,185.7,261.8,215.0,464.2,340.4,416.8,371.4,385.4,358.3,378.2,64.0,86.5,63.6,57.8,109.8,265.2,237.5,182.3,210.5,319.1,261.8,392.8,123.8,453.9,392.8,138.9,96.3,232.1,346.2,149.1,162.1,159.5,196.4,153.5,276.0,523.7,537.5,475.0,177.6,888.1,704.3,619.0,249.1,619.0,567.4,329.4,265.2,552.0,464.2,371.4,166.0,222.0,153.5,234.7,392.8,638.3,523.7,972.7,378.2,851.1,434.6,416.8,252.1,680.9,464.2,352.1,346.2,1021.0,434.6,324.2
live,2026-09-18-22-06,2026-09-18T14:22:25+09:00,1.0,0.0,13.1,26.2,6.5,0.0,6.3,8.2,7.6,44.6,12.0,23.1,13.0,82.8,20.6,78.5,36.0,130.9,16.5,25.5,29.1,63.3,114.5,158.0,225.3,143.1,46.7,58.2,38.1,87.5,180.8,381.8,245.4,808.5,132.1,458.2,392.7,312.4,116.4,392.7,443.4,416.5,474.0,808.5,654.5,624.8,75.1,79.0,35.2,254.5,156.2,208.2,140.2,490.9,259.3,254.5,509.1,509.1,53.9,229.1,274.9,572.7,490.9,687.3,528.6,763.6,185.7,343.6,292.4,416.5,202.1,549.8,371.5,335.2,335.2,572.7,335.2,624.8,458.2,624.8,528.6,490.9,859.1,808.5,1249.0,859.1,70.4,104.9,127.2,122.7,137.4,327.2,763.6,404.2,128.4,319.6,916.4,654.5,371.5,723.4,723.4,490.9,259.3,286.3,312.4,443.4,597.6,981.8,1527.0,808.5,654.5,1057.0,381.8,723.4,1145.0,981.8,1145.0,723.4,1145.0,549.8,2749.0,1057.0,654.5,624.8,723.4,654.5
live,2026-09-18-23-12,2026-09-18T14:22:45+09:00,1.0,20.6,20.6,41.2,41.2,41.2,6.9,9.2,17.6,13.4,15.1,19.1,27.7,27.7,18.0,31.1,33.2,24.4,38.7,56.2,59.7,55.8,33.5,44.5,42.9,64.1,44.5,43.4,87.1,54.1,117.0,204.2,327.2,294.6,103.9,228.7,197.4,139.3,275.5,455.6,387.1,332.7,129.8,280.7,167.8,256.4,82.0,95.2,112.6,117.7,152.6,265.6,379.7,344.3,229.5,334.6,426.1,342.3,268.0,519.5,510.6,435.5,238.8,414.2,501.9,497.7,94.9,156.2,131.9,134.3,149.2,315.0,241.7,197.4,316.7,636.9,592.3,524.1,288.9,445.3,658.1,286.1,275.5,284.7,705.1,305.3,179.4,262.0,287.5,221.0,384.6,658.1,442.0,543.4,506.2,884.0,749.7,680.8,477.6,598.3,897.4,392.2,466.4,636.9,696.8,548.4,105.5,135.5,178.9,216.9,240.7,405.7,336.5,501.9,311.7,493.6,680.8,538.4,389.6,452.1,769.2,501.9,402.9,665.5,636.9,569.5
live,2026-09-18-12-09,2026-09-18T18:52:12+09:00,1.0,22.3,12.7,22.3,29.7,29.7,13.4,7.6,11.8,33.2,20.0,26.1,32.4,66.3,11.7,22.2,21.5,48.6,24.6,47.6,36.9,60.7,134.7,254.4,240.7,188.2,44.0,24.6,29.0,84.2,110.2,128.6,204.7,291.4,52.6,126.3,94.3,164.0,69.3,225.3,107.8,236.2,246.0,389.6,288.4,395.0,108.2,131.2,135.1,309.1,158.0,156.0,346.3,521.8,201.8,175.8,334.9,536.8,314.3,428.2,688.3,552.7,837.3,1001.0,1219.0,779.2,41.9,130.1,54.8,140.0,70.4,151.6,120.2,185.1,279.1,231.8,456.1,596.8,71.0,96.5,281.9,125.5,330.9,298.4,768.5,309.1,91.6,231.3,120.2,147.2,142.0,423.4,226.6,315.1,403.6,660.0,992.9,733.3,144.5,169.7,526.7,223.5,332.9,402.1,616.5,386.9,337.9,692.6,514.7,510.0,512.3,1068.0,575.4,1156.0,1402.0,1537.0,1537.0,1068.0,1010.0,578.3,1602.0,701.2,623.3,1048.0,935.0,596.8
live,2026-09-18-24-04,2026-09-18T18:52:35+09:00,4.6,4.6,2.3,18.7,6.2,3.7,46.7,157.7,201.9,63.3,56.6,115.0,115.6,42.0,307.8,237.6,325.4,255.5,260.7,184.4,393.0,302.3,71.9,52.2,222.1,195.0,87.3,172.0,259.3,94.1,81.6,147.6,70.8,19.1,384.2,323.4,543.6,235.4,212.0,233.3,440.5,216.5,117.4,22.8,172.6,121.9,42.9,84.4,72.0,34.3,48.0,74.7,52.4,11.9,207.7,158.2,246.8,92.0,191.3,132.7,319.3,67.3,26.0,8.9,36.7,21.0,256.7,347.6,399.2,477.5,630.8,436.7,511.0,304.1,373.0,505.9,464.5,279.2,601.1,740.5,630.8,655.1,740.5,365.0,333.9,672.3,381.3,405.5,555.4,505.9,601.1,436.7,482.0,223.1,543.6,405.5,700.0,179.3,1161.0,881.0,1001.0,851.6,293.6,225.1,150.7,370.2,60.9,59.4,200.3,181.2,67.8,17.5,114.8,71.4,41.5,12.3,54.3,25.3,357.3,230.1,131.0,325.4,295.3,113.3,71.3,298.8
live,2026-09-19-14-05,2026-09-19T10:12:22+09:00,3.3,1.2,9.6,38.7,16.6,16.6,20.6,79.9,25.1,32.2,22.4,77.3,17.6,23.1,142.6,125.6,190.0,157.5,48.3,37.4,179.1,38.2,66.6,52.5,192.7,56.8,44.3,163.8,42.8,54.8,63.3,186.2,48.2,58.1,345.1,349.0,336.4,335.2,94.7,77.1,294.3,59.1,124.5,103.0,311.9,75.2,46.0,111.4,22.9,30.8,63.8,216.3,40.1,52.0,269.0,325.9,208.1,191.9,36.6,44.1,165.8,22.8,56.7,66.8,206.3,33.7,562.1,460.2,586.7,605.6,661.1,948.3,661.1,562.1,565.5,902.7,775.8,665.8,722.1,597.9,651.9,524.4,690.3,727.7,869.2,609.6,122.2,86.6,402.9,81.5,161.5,124.6,471.7,92.2,102.9,79.8,478.9,46.9,507.4,504.7,565.5,460.2,72.4,66.0,52.9,338.9,140.3,118.2,409.9,127.0,178.1,159.3,502.0,107.6,131.3,161.5,457.9,88.4,675.4,751.0,763.2,594.1,146.2,111.8,92.4,391.1
live,2026-09-19-02-08,2026-09-19T14:07:16+09:00,3.2,2.1,6.5,3.0,39.0,19.5,103.6,67.9,200.9,93.3,179.1,145.1,237.1,358.2,109.4,203.4,411.9,156.1,308.0,549.2,633.7,701.2,190.5,406.8,225.7,823.9,68.8,34.9,178.1,51.3,99.2,18.7,230.4,22.5,29.9,12.8,101.0,6.0,233.7,387.7,387.7,362.1,48.8,19.7,8.2,174.3,251.5,200.9,270.1,514.9,225.7,62.4,326.3,84.2,284.1,93.0,588.5,146.4,549.2,457.7,672.5,568.2,659.1,132.3,162.3,588.5,70.7,184.1,336.2,143.9,59.1,28.2,147.7,14.2,237.1,89.8,457.7,100.1,339.7,514.9,621.8,531.5,92.8,19.7,51.0,253.5,716.4,784.6,766.4,890.7,749.0,732.3,578.1,599.2,1063.0,941.6,998.7,890.7,457.7,845.0,1432.0,1267.0,578.1,784.6,672.5,1098.0,267.9,732.3,291.6,1063.0,167.2,66.1,27.5,540.2,568.2,108.4,109.8,621.8,175.3,28.7,74.9,332.9,823.9,1029.0,998.7,998.7
live,2026-09-19-16-08,2026-09-19T14:07:36+09:00,0.0,3.0,6.0,6.0,6.0,2.0,45.4,27.6,116.2,28.5,72.9,192.3,106.3,175.4,101.0,172.4,370.3,204.0,169.4,153.8,227.2,454.5,105.2,133.3,217.3,434.7,27.0,24.3,104.1,20.9,81.2,32.8,142.8,28.4,43.1,35.9,144.9,16.4,199.9,256.4,232.5,294.1,37.3,34.2,17.5,185.1,133.3,120.4,78.1,135.1,119.0,37.1,109.8,43.4,199.9,49.9,163.9,55.8,131.5,138.8,256.4,175.4,199.9,93.4,102.0,227.2,104.1,136.9,166.6,88.4,90.9,62.8,149.2,23.8,144.9,84.7,185.1,70.4,238.0,285.7,333.3,156.2,70.4,32.2,71.4,111.1,163.9,217.3,303.0,156.2,294.1,303.0,322.5,256.4,212.7,399.9,370.3,434.7,588.2,434.7,769.2,434.7,249.9,204.0,131.5,454.5,140.8,285.7,277.7,624.9,138.8,68.0,43.2,357.1,285.7,114.9,129.8,322.5,114.9,46.2,85.4,151.5,399.9,399.9,434.7,399.9
live,2026-09-19-17-08,2026-09-19T14:07:57+09:00,1.7,24.7,1.9,9.9,16.5,49.5,13.4,21.8,33.9,76.8,13.5,13.1,20.8,53.0,23.5,20.2,30.1,82.5,75.7,57.1,64.7,132.9,242.1,195.9,286.1,258.1,34.2,55.8,90.4,250.8,50.8,84.5,138.0,356.0,87.5,115.4,175.7,375.2,196.7,277.9,303.0,682.2,682.2,750.5,911.8,1147.0,29.2,29.2,37.5,107.6,46.4,85.7,110.9,307.7,42.1,82.8,70.4,143.0,87.2,177.7,153.4,294.7,341.1,554.3,516.2,473.6,37.8,36.2,33.5,83.1,72.9,104.5,115.6,216.3,54.8,106.6,97.3,182.7,38.5,70.4,76.3,71.8,207.5,360.0,408.2,199.9,159.4,154.8,118.1,244.5,304.9,390.2,408.2,663.7,224.8,445.5,334.1,663.7,121.9,254.0,261.5,243.3,510.8,895.1,750.5,451.7,483.0,483.0,659.2,848.4,1005.0,1060.0,1393.0,1573.0,641.8,1027.0,1016.0,1300.0,947.2,1300.0,1096.0,613.6,985.5,1991.0,1573.0,659.2
live,2026-09-19-24-03,2026-09-19T18:25:14+09:00,1.0,47.2,47.2,23.6,47.2,10.5,41.9,19.4,67.9,11.3,61.5,63.3,114.8,65.6,27.4,70.5,107.7,18.5,118.9,135.6,136.0,109.9,14.0,56.9,19.2,70.2,86.9,53.2,144.1,29.2,165.5,184.5,431.1,176.2,75.8,164.3,302.3,52.0,337.5,399.4,418.6,260.7,37.3,147.1,53.4,197.9,111.9,117.3,137.7,127.3,222.1,158.9,342.8,294.2,243.2,229.1,365.9,212.4,369.0,218.8,468.2,448.9,286.4,378.6,302.3,463.2,95.0,177.0,103.4,36.6,133.5,253.1,272.1,68.5,279.1,354.0,444.3,187.6,227.9,317.8,500.5,97.1,42.3,48.9,123.0,80.7,431.1,414.7,392.2,311.0,473.3,463.2,439.8,251.7,388.7,544.3,669.9,750.7,544.3,544.3,837.3,315.5,463.2,435.4,702.3,288.3,25.1,83.2,26.0,106.2,36.8,107.5,40.3,139.1,247.4,296.2,171.4,418.6,32.5,35.9,97.1,99.4,173.4,265.5,348.3,150.1
live,2026-09-20-23-04,2026-09-20T09:57:28+09:00,1.9,8.4,3.3,4.8,0.0,4.8,45.6,37.6,206.2,54.9,53.3,27.0,151.7,30.4,43.9,31.9,161.7,15.7,337.6,321.5,217.8,397.2,35.5,23.4,12.1,241.1,108.9,112.5,403.1,107.6,201.5,117.9,403.1,114.9,131.1,114.9,562.7,98.5,450.2,730.1,871.4,197.1,185.0,125.6,86.8,794.5,108.9,56.6,162.7,62.8,169.9,94.4,375.1,107.1,56.3,72.6,241.1,30.5,391.5,442.8,562.7,613.9,58.4,85.2,41.1,519.5,85.4,61.3,284.3,34.5,122.7,138.5,730.1,98.5,74.4,126.2,428.7,45.1,465.7,574.7,457.8,442.8,35.0,62.1,34.9,325.4,551.3,818.6,628.2,771.8,613.9,900.4,692.6,844.1,1039.0,1080.0,1350.0,1421.0,931.5,964.7,1350.0,1000.0,1000.0,1039.0,1286.0,1125.0,45.0,34.2,20.9,365.0,97.5,78.9,70.5,643.1,53.8,71.2,29.6,473.9,31.5,55.5,27.2,450.2,643.1,730.1,391.5,442.8
live,2026-09-20-02-08,2026-09-20T14:07:40+09:00,5.1,4.3,5.1,3.4,3.4,7.6,11.0,36.6,18.9,18.2,26.4,122.8,62.1,63.8,95.1,229.0,226.4,222.7,54.4,100.5,231.6,132.0,49.1,129.4,242.7,166.8,12.5,40.4,16.7,19.7,22.7,62.8,31.5,40.7,96.0,110.1,106.1,115.8,41.7,51.7,130.7,71.4,53.6,83.0,221.4,97.9,38.8,153.5,66.0,96.0,39.2,73.8,44.4,74.2,277.6,127.4,215.6,258.1,106.9,70.6,202.6,168.1,203.6,151.8,393.5,279.5,167.4,382.3,222.7,293.7,146.8,168.8,154.7,225.1,440.5,201.6,397.3,435.8,222.7,168.1,291.6,213.3,435.8,329.5,500.4,460.6,77.7,187.6,261.5,190.2,82.2,119.9,186.7,122.4,200.6,153.5,343.5,289.5,375.3,316.6,533.3,393.5,326.8,270.2,397.3,614.1,80.9,211.1,604.9,455.4,95.5,194.8,460.6,346.4,266.6,220.2,533.3,750.6,900.7,750.6,921.2,988.6,513.0,526.4,764.7,965.0
live,2026-09-20-14-12,2026-09-20T14:08:02+09:00,1.3,11.5,3.7,9.7,10.5,18.1,8.9,11.5,30.5,55.8,10.6,10.2,25.0,51.1,14.8,17.0,31.8,48.4,75.6,69.0,79.3,124.4,149.1,162.3,153.5,186.7,41.7,41.6,102.4,150.1,78.3,104.0,212.9,339.0,84.6,131.8,230.7,273.5,289.0,428.3,458.5,488.2,522.1,684.5,591.2,718.9,32.7,25.5,50.1,108.2,73.0,76.3,129.9,185.8,47.8,70.2,83.7,116.7,173.0,204.0,197.6,249.6,389.8,345.5,317.2,373.5,51.0,42.9,84.2,131.0,83.8,134.3,159.6,197.8,49.9,117.9,157.5,202.9,174.0,239.2,249.2,263.9,293.1,390.9,407.6,428.3,285.0,228.1,315.1,407.6,565.5,572.2,598.6,539.8,343.9,558.8,579.2,668.5,413.5,583.9,608.8,659.3,917.1,929.0,1075.0,1117.0,691.1,777.5,877.7,1007.0,1014.0,1300.0,1172.0,1474.0,1126.0,1589.0,1051.0,1244.0,993.5,1163.0,1277.0,1625.0,1324.0,1555.0,1402.0,1644.0
live,2026-09-20-17-08,2026-09-20T14:08:23+09:00,2.7,3.8,2.5,5.1,20.5,12.3,17.5,19.5,127.7,150.3,15.1,8.2,65.4,80.1,18.9,10.8,85.7,79.6,239.1,167.4,312.8,611.0,389.9,413.0,430.0,810.0,37.2,39.6,267.9,272.8,57.5,49.2,314.7,339.2,53.5,43.5,341.4,248.2,746.4,574.1,878.1,1111.0,933.0,1034.0,692.0,1583.0,26.4,13.4,99.9,125.9,50.6,43.3,213.2,270.0,15.6,27.8,84.8,89.3,350.6,329.6,292.7,558.8,490.5,530.4,340.3,725.6,27.7,16.4,100.1,126.6,51.3,44.8,239.6,209.8,21.0,36.4,117.9,121.7,263.2,349.4,258.0,322.5,348.3,377.2,291.8,426.5,649.0,512.2,512.2,1215.0,730.7,607.5,1077.0,1339.0,571.0,701.3,735.8,1833.0,768.3,1339.0,762.7,1244.0,1899.0,1559.0,1801.0,1148.0,995.2,1111.0,1229.0,2009.0,1583.0,1412.0,863.6,2679.0,1274.0,1451.0,1024.0,2749.0,1374.0,967.5,1161.0,1771.0,2612.0,2612.0,2430.0,1559.0
live,2026-09-20-01-08,2026-09-20T18:45:14+09:00,1.1,8.9,6.8,15.4,8.4,26.7,11.0,20.0,13.5,215.6,12.6,12.9,8.1,252.9,30.8,23.2,22.9,300.2,19.3,11.4,22.3,207.7,385.0,608.6,577.6,558.0,50.0,83.0,55.8,513.8,92.6,170.6,128.6,1079.0,204.2,272.7,247.4,1201.0,118.0,152.9,233.1,911.4,1217.0,1727.0,1439.0,1405.0,54.1,47.0,29.0,375.5,102.5,158.9,115.2,689.6,93.6,179.0,84.0,722.5,48.5,113.7,83.6,390.8,1193.0,1695.0,1193.0,1007.0,157.7,139.4,85.8,556.3,292.5,323.3,273.9,1002.0,204.2,348.7,181.5,1140.0,86.0,197.5,122.7,409.4,1405.0,1268.0,1486.0,1209.0,61.4,39.6,67.3,286.0,130.8,181.9,310.0,659.5,74.9,186.4,175.5,743.3,128.8,290.6,189.1,590.7,619.0,1042.0,975.1,1209.0,1277.0,1374.0,1760.0,1428.0,1889.0,2484.0,2295.0,1743.0,2133.0,2667.0,2628.0,2037.0,2484.0,2591.0,2628.0,2267.0,1648.0,2133.0,2133.0,1663.0
live,2026-09-20-12-09,2026-09-20T18:45:34+09:00,13.1,17.5,1.0,10.5,13.1,26.2,39.6,81.2,84.2,135.7,20.6,6.7,9.4,71.7,64.6,18.7,26.1,114.7,87.0,25.2,49.6,204.4,104.3,129.4,157.1,180.9,130.2,212.5,277.2,414.1,203.7,319.8,349.2,561.7,371.2,458.1,817.7,520.9,471.5,451.7,694.6,797.5,828.2,1076.0,778.3,1094.0,46.1,10.5,13.4,87.3,139.8,183.0,220.4,461.4,19.1,96.7,24.9,120.0,33.1,118.9,34.5,155.2,349.2,576.8,300.4,416.7,185.1,47.5,73.1,225.0,360.9,422.2,547.4,377.7,47.0,266.9,60.1,201.8,81.6,331.3,67.5,152.3,430.6,468.1,542.8,468.1,280.8,70.3,105.5,319.8,603.7,445.5,817.7,561.7,74.9,362.9,86.7,427.8,114.5,425.0,105.3,345.4,598.1,621.1,603.7,576.8,358.9,398.7,964.2,1292.0,398.7,398.7,950.0,1318.0,416.7,493.1,1025.0,1615.0,1076.0,1076.0,1218.0,1242.0,1218.0,1404.0,1174.0,993.9
live,2026-09-21-10-05,2026-09-21T10:05:53+09:00,2.6,2.0,5.9,7.1,11.9,13.4,8.1,12.1,60.3,156.3,15.6,32.0,99.0,273.1,20.7,47.8,99.0,207.3,105.5,115.5,216.5,487.2,256.4,411.7,531.4,621.9,7.0,11.1,56.0,130.5,13.6,21.0,77.3,275.7,24.5,29.3,103.6,208.8,143.2,189.8,216.5,406.0,314.3,679.8,541.3,696.0,27.0,69.1,112.0,400.4,33.7,55.6,144.7,395.0,122.8,86.2,301.3,835.2,275.7,265.7,442.9,562.1,812.0,649.6,1169.0,1082.0,41.6,76.9,107.4,232.0,44.9,57.2,110.7,239.6,135.3,100.4,400.4,1124.0,180.4,150.6,442.9,295.2,1218.0,411.7,769.2,1218.0,286.5,304.5,573.1,495.4,456.7,256.4,304.5,471.4,479.2,464.0,885.8,1044.0,664.3,429.8,1218.0,635.4,1044.0,531.4,1082.0,609.0,417.6,790.0,1124.0,885.8,942.9,696.0,649.6,1461.0,1124.0,1169.0,1008.0,1169.0,1270.0,812.0,1624.0,1328.0,1218.0,1328.0,1461.0,1218.0
live,2026-09-21-05-09,2026-09-21T14:24:01+09:00,1.0,8.9,16.6,14.8,19.0,9.5,23.5,30.7,62.9,34.7,25.1,13.0,24.8,19.0,36.2,19.2,21.2,16.1,79.4,48.4,38.5,40.6,51.7,40.4,32.9,52.4,42.4,47.2,71.2,45.1,64.3,78.8,116.9,80.0,89.3,115.2,133.8,65.2,124.9,153.0,155.0,118.4,73.4,99.5,87.5,100.8,91.0,54.6,89.2,78.4,157.0,166.3,272.2,189.6,107.5,194.2,173.9,94.9,250.8,296.1,296.1,243.7,214.1,312.0,211.8,329.0,121.8,110.8,86.5,70.7,197.4,323.7,382.9,190.2,174.9,364.5,308.9,193.3,195.1,371.2,305.8,102.4,144.7,193.6,240.4,189.1,281.6,252.4,248.2,210.4,347.8,425.9,578.1,258.8,446.3,523.2,629.0,525.5,325.4,629.0,436.7,281.0,363.4,312.8,447.9,298.2,140.6,171.4,136.1,249.8,165.6,268.0,223.1,289.7,265.6,425.9,293.2,541.9,193.0,272.8,299.0,274.0,319.4,345.8,489.5,274.0
live,2026-09-21-09-09,2026-09-21T14:24:20+09:00,,,,,,,,,,,,,,,,,,,,,,,,,,,,,,,,,,,,,,,,,,,,,,,,,,,,,,,,,,,,,,,,,,,,,,,,,,,,,,,,,,,,,,,,,,,,,,,,,,,,,,,,,,,,,,,,,,,,,,,,,,,,,,
live,2026-09-21-16-08,2026-09-21T14:24:41+09:00,1.0,0.0,58.1,14.5,23.2,116.2,22.3,34.2,24.3,28.5,21.6,19.6,11.6,15.5,34.9,31.5,21.1,23.8,25.6,15.1,28.0,13.8,39.8,24.0,51.8,27.8,123.3,173.0,127.9,192.4,229.1,222.7,400.9,586.7,261.4,261.4,616.8,364.5,289.8,534.6,572.7,407.7,394.3,501.1,925.2,546.7,107.8,98.5,63.1,116.7,216.7,220.7,325.0,304.5,220.7,240.5,220.7,226.9,125.9,264.3,297.0,173.0,243.0,572.7,394.3,381.8,121.5,163.6,87.1,120.8,338.8,289.8,283.0,304.5,220.7,320.7,279.7,308.4,108.3,407.7,276.5,110.3,149.4,414.7,375.8,148.5,110.3,72.2,137.4,55.0,250.5,546.7,633.0,320.7,158.2,375.8,353.7,359.0,169.4,511.8,471.7,185.0,97.7,312.4,293.3,243.0,165.9,235.8,338.8,127.2,501.1,572.7,707.5,687.3,388.0,668.2,437.4,616.8,453.9,776.0,586.7,422.0,135.1,586.7,286.3,297.0
live,2026-09-21-18-12,2026-09-21T14:25:03+09:00,1.0,16.8,33.7,11.2,8.4,11.2,10.4,8.4,8.9,29.7,19.8,23.5,19.4,56.9,14.7,28.4,17.6,39.6,13.7,21.4,20.5,29.4,81.5,151.4,111.8,78.3,76.7,64.2,53.7,139.6,244.6,466.2,455.4,758.2,189.5,449.5,395.4,577.3,152.4,507.3,396.5,440.8,467.7,826.3,851.8,673.1,166.8,172.4,137.9,275.9,332.5,686.5,638.8,811.7,401.1,745.9,509.2,821.4,269.0,641.8,558.6,737.9,1007.0,1277.0,1169.0,1301.0,87.0,184.7,62.3,136.6,190.3,543.2,260.3,438.0,384.3,831.3,530.7,784.0,91.3,198.2,384.3,129.0,344.9,554.2,878.9,257.4,52.3,74.7,61.3,72.8,137.5,410.7,300.6,294.2,251.8,641.8,627.2,734.0,120.5,242.5,463.0,172.9,219.0,352.9,633.0,315.0,424.6,745.9,532.8,455.4,737.9,1140.0,1232.0,878.9,1210.0,1326.0,1232.0,1379.0,741.9,1159.0,1533.0,711.3,560.9,831.3,1277.0,536.9
live,2026-09-21-12-11,2026-09-21T19:53:01+09:00,1.0,27.6,50.6,37.9,50.6,37.9,7.4,6.1,13.5,7.1,14.3,20.4,28.9,19.6,14.1,32.2,36.8,19.1,39.5,67.0,80.1,44.4,19.2,40.1,36.3,49.6,69.6,69.5,118.6,72.1,287.2,442.9,762.8,778.9,273.1,593.0,817.0,468.9,528.2,1267.0,1107.0,663.6,228.0,1081.0,638.3,817.0,154.6,191.9,242.5,168.1,266.4,470.1,636.1,806.3,642.8,621.0,1259.0,738.3,602.7,735.3,1436.0,1163.0,449.4,1107.0,1050.0,1519.0,143.9,249.1,257.1,149.9,296.0,718.1,778.9,476.2,847.1,1032.0,1186.0,1027.0,606.7,888.1,1120.0,579.9,325.9,421.6,905.6,709.8,438.7,506.4,704.3,342.3,756.5,1414.0,1094.0,847.1,901.1,1935.0,1532.0,1750.0,1027.0,1341.0,1626.0,1120.0,629.5,1075.0,1341.0,1149.0,134.2,231.8,260.7,297.4,242.2,1004.0,638.3,910.1,509.2,1027.0,1010.0,1482.0,461.9,640.5,1267.0,1209.0,678.3,1225.0,1482.0,1259.0
live,2026-09-21-15-11,2026-09-21T19:53:23+09:00,1.1,4.6,6.2,18.7,18.7,0.0,6.5,15.5,33.7,58.7,10.1,15.7,34.2,61.3,31.2,37.6,61.9,76.2,63.7,61.5,108.5,182.8,117.2,171.1,130.7,264.8,16.6,24.7,67.0,86.2,26.0,43.3,106.5,153.7,76.4,88.6,227.6,217.7,186.7,184.7,251.4,230.6,380.6,359.0,427.3,480.4,23.1,27.4,49.8,92.1,38.4,56.2,100.9,161.6,75.4,83.9,143.6,150.4,171.1,141.8,232.9,295.1,353.6,370.5,334.9,407.3,93.2,112.1,145.1,165.0,126.6,134.2,199.0,250.5,145.7,164.6,287.8,318.1,215.0,217.0,321.0,248.8,402.6,241.0,519.8,427.3,147.9,178.6,210.4,285.5,241.8,229.9,276.4,351.8,306.8,277.5,440.9,595.4,350.0,417.1,464.4,338.1,682.9,645.0,682.9,600.5,422.2,590.3,663.4,904.7,467.5,682.9,710.8,718.1,657.2,782.7,860.0,928.8,696.6,627.6,941.4,774.0,941.4,741.1,954.3,829.3
live,2026-09-22-02-01,2026-09-22T10:42:36+09:00,3.4,8.0,2.4,3.0,8.0,24.0,40.5,49.3,72.1,171.9,24.6,10.2,7.8,32.6,58.6,21.6,30.6,98.8,71.9,20.0,35.4,61.0,291.8,103.6,211.7,102.8,156.9,196.3,245.4,449.9,214.2,348.3,409.0,739.6,346.0,435.4,729.6,981.6,303.3,519.1,550.9,421.8,1058.0,1499.0,1384.0,550.9,52.0,16.2,13.0,53.1,157.4,235.7,254.6,519.1,30.7,132.0,35.7,130.0,27.9,143.9,40.7,95.8,199.2,739.6,348.3,241.0,102.8,37.3,43.6,138.7,213.4,425.1,295.0,574.3,45.7,247.6,65.0,179.3,50.8,193.5,64.3,128.5,319.4,514.2,369.8,298.2,175.2,58.9,109.2,142.4,457.5,586.8,620.5,442.5,62.9,388.4,122.1,215.9,150.8,490.8,143.2,291.8,200.7,465.4,359.9,613.5,870.8,514.2,885.0,291.8,1384.0,1636.0,1687.0,642.7,509.3,1316.0,749.8,710.4,1101.0,1542.0,1173.0,915.1,298.2,586.8,692.1,771.3
live,2026-09-22-10-06,2026-09-22T10:42:56+09:00,2.0,8.2,2.0,0.0,5.5,16.5,15.4,57.4,32.3,169.6,14.2,46.7,24.5,215.9,94.3,104.0,137.0,445.4,43.8,48.9,141.8,303.2,274.0,370.2,518.2,730.9,17.5,58.7,27.8,303.2,20.0,55.3,13.9,222.7,200.7,141.8,235.5,537.8,64.0,31.4,153.2,290.8,467.3,950.2,1055.0,791.8,15.6,50.8,20.0,202.1,17.6,43.5,12.4,157.4,108.3,91.6,98.9,331.4,34.4,18.8,70.0,211.1,570.1,475.1,475.1,483.1,243.6,237.5,370.2,500.1,316.7,250.0,245.7,619.6,309.8,220.9,296.9,950.2,518.2,365.4,339.3,1018.0,1140.0,712.6,1239.0,1425.0,98.6,93.4,407.2,459.7,118.7,38.3,187.5,320.2,80.5,42.4,197.9,356.3,452.4,293.8,290.8,619.6,814.4,483.1,593.8,890.8,518.2,750.1,1295.0,1357.0,606.5,791.8,982.9,1055.0,1187.0,838.4,1018.0,1583.0,1357.0,1187.0,1018.0,1900.0,1676.0,1055.0,1055.0,1425.0
live,2026-09-22-16-01,2026-09-22T10:43:17+09:00,1.0,15.7,0.0,31.5,15.7,3.9,9.0,10.2,15.2,21.7,16.2,12.6,17.1,52.8,23.1,25.5,39.6,58.6,35.4,39.0,40.1,76.1,38.1,75.8,70.0,83.3,64.3,51.9,76.7,92.1,162.3,218.3,366.8,359.6,160.9,251.2,390.3,447.4,206.1,390.3,390.3,295.8,147.9,458.6,458.6,416.9,134.8,93.5,85.3,265.8,208.4,244.5,300.7,470.3,238.2,333.5,366.8,300.7,173.0,374.3,416.9,366.8,407.6,833.8,764.3,873.5,123.9,160.9,142.2,218.3,226.4,398.7,555.8,539.5,247.8,447.4,470.3,764.3,251.2,679.4,611.4,123.1,258.3,458.6,873.5,133.8,131.0,97.5,174.7,128.2,176.3,291.1,366.8,265.8,191.0,426.6,764.3,655.1,339.7,573.2,917.2,124.7,277.9,327.5,495.7,130.1,42.8,72.2,95.0,92.1,69.7,159.5,215.8,185.2,168.2,238.2,305.7,346.1,193.0,265.8,282.2,111.8,142.2,187.1,295.8,101.3
live,2026-09-22-01-01,2026-09-22T15:19:08+09:00,3.1,1.5,8.2,10.3,10.3,20.6,15.7,50.7,60.2,31.6,21.0,90.2,107.5,49.5,101.2,152.3,279.2,151.2,151.2,197.1,268.4,244.7,88.3,96.0,275.5,297.1,12.7,36.2,47.2,22.9,12.4,20.7,25.8,12.0,62.1,35.3,113.6,50.8,114.2,70.7,177.0,92.4,51.1,32.6,87.7,116.2,35.9,119.8,102.9,67.9,28.3,48.0,51.7,26.3,232.4,111.8,305.9,161.8,172.6,135.9,341.0,224.8,123.0,69.4,266.6,236.3,192.6,283.0,273.7,247.6,162.5,132.0,258.4,118.5,288.9,183.2,526.6,275.5,327.5,355.5,478.1,281.0,286.9,167.7,320.0,420.2,346.6,341.0,513.6,400.0,338.2,177.0,437.9,327.5,424.5,273.7,945.5,611.8,569.8,594.3,577.8,489.4,784.9,513.6,650.0,784.9,195.3,217.8,562.1,717.2,186.5,100.0,271.9,533.3,301.4,141.0,467.4,924.5,800.0,400.0,924.5,866.7,1342.0,729.8,967.5,1014.0
live,2026-09-22-02-10,2026-09-22T15:19:28+09:00,1.0,18.1,6.7,27.1,27.1,27.1,7.5,16.8,7.3,10.4,15.0,35.0,19.5,26.9,41.4,65.0,59.5,52.9,15.1,24.3,68.9,24.5,24.1,46.7,83.8,42.8,46.3,72.0,40.5,52.0,129.5,440.4,267.4,391.9,259.1,645.8,556.4,367.7,105.7,201.3,512.9,207.0,187.7,558.9,525.9,360.2,81.7,185.2,98.3,154.0,129.9,435.8,271.5,367.7,388.3,590.7,712.3,564.0,193.5,330.6,521.5,330.6,408.7,639.2,799.0,579.7,231.2,423.9,250.8,237.4,353.1,909.8,561.5,481.2,814.7,1312.0,1056.0,989.3,399.5,608.0,1013.0,402.1,335.9,504.6,1285.0,472.1,63.2,149.4,317.1,98.4,108.2,250.8,506.7,222.9,278.2,384.7,779.0,492.7,574.4,842.2,1210.0,639.2,157.3,235.1,483.1,602.1,119.2,299.6,313.2,215.6,202.6,537.3,556.4,438.9,673.8,820.0,1038.0,1112.0,539.6,774.2,1640.0,865.6,355.1,515.1,1112.0,1013.0
live,2026-09-22-03-10,2026-09-22T15:19:50+09:00,1.0,33.4,20.9,23.8,,11.9,23.9,29.5,,26.7,14.6,9.4,,9.6,28.4,16.5,,11.5,,,,,26.6,13.2,15.2,,83.5,111.1,,83.8,110.1,174.2,,144.3,177.6,214.4,,201.3,,,,,158.2,183.9,223.7,,55.1,30.7,,29.3,114.6,149.1,,111.8,54.5,111.5,,50.8,,,,,50.6,106.2,60.1,,75.5,50.1,,35.8,152.9,214.4,,177.6,85.4,170.1,,88.8,,,,,51.9,112.2,78.6,,,,,,,,,,,,,,,,,,,,,,61.7,38.4,41.9,,132.7,158.2,203.6,,72.6,151.6,98.7,,65.3,171.7,97.6,,,,,
live,2026-09-22-06-09,2026-09-22T15:20:10+09:00,1.5,3.0,0.0,3.0,0.0,0.0,11.7,36.7,15.0,111.0,19.2,49.5,14.5,120.4,73.0,113.0,120.4,153.2,18.3,25.7,81.6,151.9,181.7,226.1,264.9,370.8,25.7,96.0,23.5,173.2,32.6,115.8,22.3,122.8,197.2,294.3,170.1,319.7,45.0,29.4,143.7,146.0,386.3,254.0,421.4,349.8,37.1,75.3,31.1,303.9,52.3,118.1,36.5,167.0,150.7,183.5,114.4,314.2,50.5,38.3,86.2,208.3,515.0,299.0,487.9,403.1,173.2,183.5,132.4,272.6,223.4,272.6,167.0,309.0,257.5,294.3,178.2,598.1,144.8,159.8,130.5,170.1,452.2,386.3,421.4,309.0,43.1,55.5,147.1,155.8,55.1,40.5,136.3,159.8,71.5,63.0,140.4,206.0,226.1,197.2,218.1,257.5,314.2,240.8,325.3,370.8,421.4,713.1,806.2,806.2,686.7,250.5,598.1,475.4,883.0,487.9,1030.0,662.2,927.1,686.7,713.1,561.9,806.2,883.0,475.4,431.2
live,2026-09-22-20-02,2026-09-22T15:20:29+09:00,2.0,10.7,4.2,4.9,5.6,7.3,13.1,12.3,12.7,28.4,20.5,26.1,23.5,49.1,24.8,43.4,28.7,49.7,19.7,29.9,33.8,39.7,91.1,135.9,115.5,105.5,37.6,33.0,30.8,67.1,85.6,112.7,104.9,216.9,86.9,141.6,96.0,165.1,72.9,114.9,111.0,157.9,277.3,502.7,333.3,324.6,87.1,93.3,72.9,144.8,126.3,154.2,137.7,298.0,198.8,252.9,228.2,336.0,145.6,174.2,256.0,282.3,463.2,675.8,768.2,506.9,78.5,156.3,82.0,140.5,144.4,273.0,148.4,283.6,321.2,392.6,359.5,463.2,97.0,99.9,219.2,118.2,281.1,358.5,621.5,256.0,45.1,66.4,84.3,89.8,84.8,143.6,140.2,173.7,160.4,196.9,324.6,373.6,155.5,173.7,339.7,166.9,227.7,260.3,454.7,251.9,397.7,664.9,694.8,615.3,603.3,787.8,819.1,830.0,923.0,1134.0,1262.0,1546.0,889.8,792.8,1565.0,702.7,657.8,714.9,1177.0,621.5
live,2026-09-23-08-01,2026-09-23T10:31:23+09:00,1.0,29.2,58.5,58.5,58.5,0.0,8.9,8.9,23.6,22.0,13.4,10.4,15.8,22.5,15.3,15.3,19.1,23.8,48.2,40.5,42.4,55.1,49.2,49.8,64.7,81.5,92.9,136.4,168.7,184.9,259.9,400.7,216.1,458.0,270.9,427.5,549.6,310.2,240.4,480.9,565.8,384.7,356.2,836.4,377.2,534.3,113.8,98.1,102.8,160.3,291.4,343.5,400.7,712.5,196.3,295.9,295.9,469.2,229.0,369.9,369.9,712.5,377.2,739.9,620.5,874.4,86.6,97.6,66.5,91.1,240.4,315.3,582.9,356.2,163.0,310.2,310.2,480.9,104.5,246.6,186.7,192.3,168.7,256.5,315.3,237.5,178.1,156.4,190.4,231.7,469.2,356.2,641.2,480.9,240.4,641.2,409.3,582.9,213.7,641.2,418.2,400.7,369.9,469.2,519.9,565.8,206.8,263.5,377.2,506.2,349.7,641.2,377.2,601.1,519.9,1068.0,801.5,1202.0,418.2,400.7,534.3,739.9,739.9,469.2,836.4,801.5
live,2026-09-23-17-01,2026-09-23T10:31:42+09:00,1.1,10.0,7.1,12.5,50.2,10.0,10.3,16.4,30.0,122.6,7.0,6.3,10.4,69.1,19.7,13.0,25.0,115.0,50.6,31.0,55.0,200.3,257.0,221.5,343.3,433.0,49.2,80.1,134.6,485.5,79.9,159.1,258.4,624.3,171.6,273.1,500.7,471.3,314.2,506.0,600.9,924.4,706.9,1117.0,1045.0,1550.0,31.5,23.5,35.2,220.5,75.3,122.3,245.2,593.5,46.8,120.7,110.7,316.2,91.7,251.6,236.8,828.8,600.9,924.4,751.1,1001.0,89.6,55.8,87.4,310.1,202.8,267.0,350.9,874.0,81.8,207.2,240.3,624.3,144.3,302.3,261.2,394.0,696.7,751.1,739.5,788.0,235.6,144.7,199.4,453.5,387.6,445.1,632.5,1022.0,171.0,433.0,522.5,981.0,262.6,751.1,632.5,1045.0,649.6,1092.0,907.0,1335.0,706.9,667.6,981.0,1001.0,1092.0,1413.0,1373.0,1716.0,843.3,1373.0,1144.0,1172.0,1117.0,961.4,1502.0,1550.0,1092.0,1550.0,1502.0,1373.0
live,2026-09-23-11-09,2026-09-23T14:29:23+09:00,1.0,45.0,4.0,9.0,45.0,0.0,40.1,57.5,117.3,131.1,21.1,5.2,9.7,12.9,41.4,10.7,27.9,21.9,133.5,43.8,70.7,107.1,245.8,73.2,99.0,204.4,183.3,289.9,498.4,782.5,248.3,256.2,543.0,531.1,381.0,286.5,1024.0,1010.0,1054.0,876.7,1617.0,1653.0,1582.0,1347.0,1819.0,2347.0,40.0,10.5,21.9,23.5,145.8,173.2,317.7,373.2,22.9,125.9,73.5,50.6,89.0,320.5,170.4,209.7,123.9,516.1,163.5,326.3,177.4,41.9,98.6,78.9,360.2,247.5,661.5,519.8,57.0,225.3,181.0,135.7,253.5,577.5,277.7,291.0,205.5,454.8,258.9,336.9,516.1,241.7,425.5,435.7,1054.0,706.5,1102.0,1155.0,292.2,727.7,564.1,742.5,485.1,996.9,508.9,649.7,836.4,1102.0,817.6,1119.0,1086.0,389.1,485.1,1010.0,2274.0,1455.0,2799.0,2599.0,531.1,1653.0,836.4,909.6,523.5,945.1,606.4,791.0,1173.0,1455.0,1102.0,1254.0
live,2026-09-23-17-09,2026-09-23T14:29:44+09:00,1.0,6.3,12.6,12.6,0.0,63.0,10.3,20.9,19.5,9.1,19.9,46.6,38.4,33.3,44.1,73.7,78.8,54.2,57.4,78.3,132.3,75.3,26.5,53.2,81.2,76.3,12.1,39.9,36.4,17.7,36.2,98.3,71.8,38.9,103.8,190.9,223.4,117.5,118.0,149.3,308.9,111.1,32.0,50.7,103.9,90.9,64.5,124.5,108.0,129.9,82.2,176.5,167.1,109.9,293.1,354.0,787.7,473.8,143.5,218.8,630.1,403.9,242.3,159.9,500.1,481.0,158.7,285.1,260.4,175.5,218.8,406.5,417.3,251.0,393.8,716.1,818.4,567.7,386.6,481.0,562.6,290.4,242.3,278.8,456.6,323.1,220.3,338.8,450.1,305.9,271.6,328.2,605.9,304.4,386.6,431.6,1000.0,807.9,663.3,778.0,1400.0,583.5,403.9,368.5,797.6,643.0,68.7,167.6,281.3,293.1,71.6,116.0,261.4,232.5,333.4,183.1,670.4,656.4,453.3,450.1,724.3,630.1,414.5,389.0,663.3,557.6
live,2026-09-23-22-07,2026-09-23T14:30:05+09:00,1.0,0.0,5.2,0.0,10.5,0.0,16.0,24.4,15.5,131.4,22.6,27.5,11.6,107.5,68.2,66.3,50.7,182.0,16.8,11.4,27.0,49.9,295.7,221.8,197.1,157.7,50.7,82.5,46.0,228.9,107.5,169.0,92.1,273.0,244.7,262.8,273.0,322.6,70.9,144.8,186.7,236.6,338.0,443.6,443.6,417.5,50.7,41.7,28.6,151.0,98.5,102.8,70.2,215.0,97.2,165.0,191.8,273.0,40.5,82.5,104.3,114.4,591.5,354.9,507.0,322.6,197.1,129.0,131.4,443.6,338.0,295.7,394.3,338.0,182.0,338.0,253.5,394.3,177.4,283.9,236.6,273.0,1774.0,443.6,354.9,546.0,28.7,28.0,60.6,65.1,51.0,95.9,144.8,165.0,47.3,91.0,161.3,169.0,102.8,295.7,228.9,253.5,94.6,215.0,154.3,283.9,208.7,473.2,1774.0,709.8,546.0,645.2,354.9,788.6,788.6,887.2,338.0,546.0,887.2,887.2,709.8,338.0,417.5,645.2,709.8,373.5
live,2026-09-24-09-01,2026-09-24T10:23:28+09:00,1.0,8.1,0.0,48.7,0.0,0.0,4.5,6.3,8.8,84.7,10.3,13.5,19.3,186.9,13.5,23.1,19.0,99.0,16.5,27.1,24.5,137.0,205.6,249.2,241.8,328.9,115.8,144.2,161.2,822.4,304.6,456.9,587.4,456.9,304.6,228.4,432.8,548.3,265.3,685.3,747.6,685.3,822.4,411.2,685.3,1370.0,155.1,141.8,141.8,632.6,257.0,483.7,483.7,913.8,249.2,456.9,822.4,913.8,342.6,514.0,685.3,1370.0,1644.0,1028.0,1370.0,1028.0,115.8,167.8,115.8,685.3,265.3,304.6,328.9,913.8,265.3,483.7,514.0,747.6,186.9,210.8,747.6,1174.0,913.8,1028.0,1174.0,1644.0,95.6,158.1,109.6,514.0,178.7,483.7,274.1,822.4,216.4,357.5,548.3,913.8,134.8,274.1,822.4,747.6,293.7,822.4,1644.0,1028.0,483.7,747.6,483.7,747.6,632.6,822.4,632.6,2741.0,822.4,1174.0,747.6,2056.0,548.3,685.3,822.4,1174.0,913.8,2056.0,1370.0,822.4
live,2026-09-24-11-01,2026-09-24T10:23:51+09:00,1.0,18.3,36.7,0.0,0.0,6.1,19.1,33.5,34.9,19.2,24.6,40.8,39.7,22.7,80.4,72.4,126.2,61.1,65.8,78.4,110.0,58.9,28.5,33.6,76.6,58.8,38.7,93.3,70.1,34.3,72.6,155.1,83.8,49.3,177.4,121.5,205.1,115.8,115.8,133.0,229.0,81.0,40.2,55.0,129.5,74.6,72.4,90.3,73.2,43.9,93.3,145.9,82.0,55.4,130.4,151.5,142.7,104.7,131.3,105.3,160.1,85.6,65.2,60.6,103.6,69.6,269.8,298.4,312.6,162.7,322.9,345.5,402.0,158.8,339.6,402.0,322.9,182.3,371.6,428.2,410.3,294.0,162.7,153.8,201.0,234.5,211.8,246.2,255.8,134.0,281.4,262.6,339.6,145.9,339.6,229.0,386.2,201.0,458.1,458.1,437.7,317.7,136.7,149.2,195.0,262.6,45.0,66.7,103.1,101.5,86.3,70.6,182.3,92.9,127.0,73.7,121.5,113.2,193.1,203.0,166.9,259.1,120.8,87.9,169.8,221.3
live,2026-09-24-21-05,2026-09-24T10:24:11+09:00,1.0,33.7,22.5,16.8,0.0,22.5,16.1,24.2,39.3,29.0,12.4,10.0,18.6,8.4,31.5,15.9,39.1,16.1,65.2,47.3,80.7,50.1,39.0,17.8,29.0,52.0,97.8,159.2,192.0,195.7,178.3,334.4,308.6,418.0,389.6,565.2,743.1,521.1,418.0,436.1,872.3,786.8,382.1,598.9,836.0,802.6,66.2,53.2,84.4,52.8,169.3,147.5,282.6,269.3,116.6,292.9,271.1,140.3,207.9,323.6,472.1,313.5,113.0,301.7,195.7,258.9,150.8,78.8,125.0,72.0,358.3,445.8,431.5,371.5,131.5,318.4,258.9,186.6,183.2,409.4,299.4,182.4,107.0,274.8,196.7,192.9,308.6,210.1,286.6,241.7,483.4,397.3,477.7,636.9,342.9,304.0,978.7,704.0,436.1,704.0,818.9,477.7,348.9,836.0,716.6,627.0,127.3,90.3,134.2,191.0,315.9,393.4,565.2,802.6,155.5,311.0,371.5,535.0,243.2,542.3,472.1,581.5,409.4,853.8,598.9,657.8
live,2026-09-24-02-09,2026-09-24T14:39:00+09:00,12.0,12.0,3.0,1.3,12.0,0.0,47.4,94.5,91.2,149.1,31.2,33.5,40.1,63.8,81.4,60.9,104.1,138.4,144.3,80.0,168.5,205.4,248.1,219.7,374.2,315.4,84.7,135.0,154.9,205.4,88.6,107.4,110.4,181.7,208.3,161.1,198.0,337.1,220.8,174.5,241.3,308.8,701.0,416.6,748.5,613.3,21.0,21.6,31.9,34.3,40.5,44.1,47.3,46.2,22.6,27.6,21.3,33.8,44.4,50.3,37.4,45.5,97.4,66.8,71.6,72.2,96.6,47.5,70.8,96.2,146.2,97.9,116.8,149.1,35.9,62.4,41.7,51.7,64.0,63.0,45.8,57.3,156.0,173.1,96.0,122.3,214.3,100.1,231.2,279.5,292.4,207.3,266.0,266.0,95.7,164.1,108.5,131.8,233.6,209.3,134.6,167.9,364.9,464.8,217.5,353.3,490.7,276.0,469.8,849.2,622.0,384.0,939.6,532.0,215.4,237.4,184.0,171.1,437.2,761.4,292.4,424.6,761.4,622.0,243.9,573.5
live,2026-09-24-06-08,2026-09-24T14:39:22+09:00,1.0,18.7,18.7,9.3,18.7,18.7,22.0,11.2,87.5,24.2,26.8,15.7,78.1,36.4,9.8,11.5,49.1,8.6,162.1,138.5,132.5,241.8,38.2,66.2,25.0,169.3,137.2,70.2,331.2,169.3,267.3,253.9,234.4,241.8,106.5,119.9,448.2,102.9,435.4,262.7,609.5,317.4,238.1,217.7,165.6,423.3,162.1,94.0,175.1,208.7,338.6,183.6,227.4,224.1,160.4,282.2,507.9,241.8,298.8,227.4,311.0,411.8,311.0,272.1,241.8,435.4,35.0,56.6,79.3,21.8,94.0,123.8,267.3,53.2,136.0,241.8,311.0,195.3,185.8,317.4,346.3,167.4,33.5,71.5,115.4,139.8,311.0,217.7,411.8,346.3,324.2,311.0,287.5,491.5,346.3,249.8,380.9,525.4,476.2,544.2,609.5,461.7,423.3,461.7,564.4,317.4,175.1,238.1,73.9,544.2,217.7,272.1,203.1,692.6,331.2,411.8,401.0,362.8,70.2,181.4,317.4,662.5,692.6,564.4,461.7,507.9
live,2026-09-24-08-09,2026-09-24T14:39:43+09:00,1.0,17.0,8.5,17.0,51.0,51.0,13.0,16.4,42.7,101.5,8.7,5.6,16.8,103.0,14.7,8.4,27.0,143.5,66.8,58.7,89.6,185.2,288.6,277.0,247.0,318.8,58.7,76.6,144.3,365.6,85.6,73.7,148.2,409.3,156.7,128.1,370.5,559.6,322.6,291.7,548.4,537.7,979.4,979.4,979.4,1523.0,44.0,17.8,52.1,132.4,97.2,75.1,236.4,380.8,24.6,62.7,85.6,263.6,170.3,298.0,230.4,548.4,596.1,1443.0,856.9,741.1,94.5,42.0,147.4,342.7,187.8,217.6,472.8,517.4,46.8,134.4,171.3,472.8,215.9,685.5,311.6,1096.0,1096.0,914.1,1958.0,1958.0,291.7,187.8,251.5,261.1,421.9,481.1,596.1,721.6,258.7,449.5,365.6,596.1,489.7,884.6,703.1,1246.0,386.2,685.5,442.3,1305.0,761.7,831.0,914.1,761.7,1246.0,1142.0,806.5,1523.0,1192.0,1246.0,1443.0,979.4,1246.0,609.4,2285.0,2493.0,703.1,1096.0,1443.0,1958.0
live,2026-09-24-22-07,2026-09-24T14:40:03+09:00,1.0,10.3,25.8,0.0,0.0,0.0,15.2,26.1,222.7,18.5,15.6,25.4,173.0,13.3,40.5,50.6,445.4,45.8,296.9,247.4,329.9,481.6,28.1,23.3,55.1,292.1,39.4,47.6,424.2,36.3,51.5,89.9,468.9,46.1,115.7,157.6,774.7,122.8,363.6,659.9,742.4,556.8,67.2,66.4,141.4,685.3,33.1,45.5,195.8,21.1,49.7,85.2,445.4,39.4,91.3,120.4,1113.0,84.8,404.9,539.9,659.9,636.4,33.7,37.1,86.9,356.3,126.3,126.3,387.3,96.8,222.7,302.0,890.9,178.1,139.2,193.6,848.5,174.6,539.9,989.9,848.5,1048.0,117.2,117.2,152.3,685.3,890.9,774.7,809.9,989.9,685.3,1272.0,742.4,1370.0,659.9,524.0,1484.0,989.9,1781.0,848.5,1619.0,1619.0,1113.0,1370.0,1370.0,2545.0,41.3,30.6,103.6,349.3,55.3,39.3,98.9,509.1,33.8,35.0,113.4,296.9,160.5,168.1,185.6,890.9,742.4,1187.0,593.9,848.5
